{
  "type": "zscore",
  "mean": [
    1522.59521484375,
    65.27694702148438,
    84.85311126708984,
    117.12744903564453
  ],
  "std": [
    506.6374206542969,
    44.12254333496094,
    17.189170837402344,
    31.53285789489746
  ],
  "signals": [
    "rpm",
    "speed",
    "coolant",
    "map"
  ]
}