manufacturer_ko,manufacturer_en,model_name_ko,model_name_en,model_year,fuel_type
현대,Hyundai,아반떼(MD),Elantra (MD),2010,GASOLINE
현대,Hyundai,아반떼(MD),Elantra (MD),2010,LPG
현대,Hyundai,아반떼(MD),Elantra (MD),2010,DIESEL
현대,Hyundai,아반떼(MD),Elantra (MD),2010,HEV
현대,Hyundai,아반떼(MD),Elantra (MD),2011,GASOLINE
현대,Hyundai,아반떼(MD),Elantra (MD),2011,LPG
현대,Hyundai,아반떼(MD),Elantra (MD),2011,DIESEL
현대,Hyundai,아반떼(MD),Elantra (MD),2011,HEV
현대,Hyundai,아반떼(MD),Elantra (MD),2012,GASOLINE
현대,Hyundai,아반떼(MD),Elantra (MD),2012,LPG
현대,Hyundai,아반떼(MD),Elantra (MD),2012,DIESEL
현대,Hyundai,아반떼(MD),Elantra (MD),2012,HEV
현대,Hyundai,아반떼(MD),Elantra (MD),2013,GASOLINE
현대,Hyundai,아반떼(MD),Elantra (MD),2013,LPG
현대,Hyundai,아반떼(MD),Elantra (MD),2013,DIESEL
현대,Hyundai,아반떼(MD),Elantra (MD),2013,HEV
현대,Hyundai,아반떼(MD),Elantra (MD),2014,GASOLINE
현대,Hyundai,아반떼(MD),Elantra (MD),2014,LPG
현대,Hyundai,아반떼(MD),Elantra (MD),2014,DIESEL
현대,Hyundai,아반떼(MD),Elantra (MD),2014,HEV
현대,Hyundai,아반떼(MD),Elantra (MD),2015,GASOLINE
현대,Hyundai,아반떼(MD),Elantra (MD),2015,LPG
현대,Hyundai,아반떼(MD),Elantra (MD),2015,DIESEL
현대,Hyundai,아반떼(MD),Elantra (MD),2015,HEV
현대,Hyundai,아반떼(MD),Elantra (MD),2016,GASOLINE
현대,Hyundai,아반떼(MD),Elantra (MD),2016,LPG
현대,Hyundai,아반떼(MD),Elantra (MD),2016,DIESEL
현대,Hyundai,아반떼(MD),Elantra (MD),2016,HEV
현대,Hyundai,아반떼(MD),Elantra (MD),2017,GASOLINE
현대,Hyundai,아반떼(MD),Elantra (MD),2017,LPG
현대,Hyundai,아반떼(MD),Elantra (MD),2017,DIESEL
현대,Hyundai,아반떼(MD),Elantra (MD),2017,HEV
현대,Hyundai,아반떼(MD),Elantra (MD),2018,GASOLINE
현대,Hyundai,아반떼(MD),Elantra (MD),2018,LPG
현대,Hyundai,아반떼(MD),Elantra (MD),2018,DIESEL
현대,Hyundai,아반떼(MD),Elantra (MD),2018,HEV
현대,Hyundai,아반떼(MD),Elantra (MD),2019,GASOLINE
현대,Hyundai,아반떼(MD),Elantra (MD),2019,LPG
현대,Hyundai,아반떼(MD),Elantra (MD),2019,DIESEL
현대,Hyundai,아반떼(MD),Elantra (MD),2019,HEV
현대,Hyundai,아반떼(MD),Elantra (MD),2020,GASOLINE
현대,Hyundai,아반떼(MD),Elantra (MD),2020,LPG
현대,Hyundai,아반떼(MD),Elantra (MD),2020,DIESEL
현대,Hyundai,아반떼(MD),Elantra (MD),2020,HEV
현대,Hyundai,아반떼(MD),Elantra (MD),2021,GASOLINE
현대,Hyundai,아반떼(MD),Elantra (MD),2021,LPG
현대,Hyundai,아반떼(MD),Elantra (MD),2021,DIESEL
현대,Hyundai,아반떼(MD),Elantra (MD),2021,HEV
현대,Hyundai,아반떼(MD),Elantra (MD),2022,GASOLINE
현대,Hyundai,아반떼(MD),Elantra (MD),2022,LPG
현대,Hyundai,아반떼(MD),Elantra (MD),2022,DIESEL
현대,Hyundai,아반떼(MD),Elantra (MD),2022,HEV
현대,Hyundai,아반떼(MD),Elantra (MD),2023,GASOLINE
현대,Hyundai,아반떼(MD),Elantra (MD),2023,LPG
현대,Hyundai,아반떼(MD),Elantra (MD),2023,DIESEL
현대,Hyundai,아반떼(MD),Elantra (MD),2023,HEV
현대,Hyundai,아반떼(MD),Elantra (MD),2024,GASOLINE
현대,Hyundai,아반떼(MD),Elantra (MD),2024,LPG
현대,Hyundai,아반떼(MD),Elantra (MD),2024,DIESEL
현대,Hyundai,아반떼(MD),Elantra (MD),2024,HEV
현대,Hyundai,아반떼(MD),Elantra (MD),2025,GASOLINE
현대,Hyundai,아반떼(MD),Elantra (MD),2025,LPG
현대,Hyundai,아반떼(MD),Elantra (MD),2025,DIESEL
현대,Hyundai,아반떼(MD),Elantra (MD),2025,HEV
현대,Hyundai,아반떼(MD),Elantra (MD),2026,GASOLINE
현대,Hyundai,아반떼(MD),Elantra (MD),2026,LPG
현대,Hyundai,아반떼(MD),Elantra (MD),2026,DIESEL
현대,Hyundai,아반떼(MD),Elantra (MD),2026,HEV
현대,Hyundai,아반떼(AD),Elantra (AD),2010,GASOLINE
현대,Hyundai,아반떼(AD),Elantra (AD),2010,LPG
현대,Hyundai,아반떼(AD),Elantra (AD),2010,DIESEL
현대,Hyundai,아반떼(AD),Elantra (AD),2010,HEV
현대,Hyundai,아반떼(AD),Elantra (AD),2011,GASOLINE
현대,Hyundai,아반떼(AD),Elantra (AD),2011,LPG
현대,Hyundai,아반떼(AD),Elantra (AD),2011,DIESEL
현대,Hyundai,아반떼(AD),Elantra (AD),2011,HEV
현대,Hyundai,아반떼(AD),Elantra (AD),2012,GASOLINE
현대,Hyundai,아반떼(AD),Elantra (AD),2012,LPG
현대,Hyundai,아반떼(AD),Elantra (AD),2012,DIESEL
현대,Hyundai,아반떼(AD),Elantra (AD),2012,HEV
현대,Hyundai,아반떼(AD),Elantra (AD),2013,GASOLINE
현대,Hyundai,아반떼(AD),Elantra (AD),2013,LPG
현대,Hyundai,아반떼(AD),Elantra (AD),2013,DIESEL
현대,Hyundai,아반떼(AD),Elantra (AD),2013,HEV
현대,Hyundai,아반떼(AD),Elantra (AD),2014,GASOLINE
현대,Hyundai,아반떼(AD),Elantra (AD),2014,LPG
현대,Hyundai,아반떼(AD),Elantra (AD),2014,DIESEL
현대,Hyundai,아반떼(AD),Elantra (AD),2014,HEV
현대,Hyundai,아반떼(AD),Elantra (AD),2015,GASOLINE
현대,Hyundai,아반떼(AD),Elantra (AD),2015,LPG
현대,Hyundai,아반떼(AD),Elantra (AD),2015,DIESEL
현대,Hyundai,아반떼(AD),Elantra (AD),2015,HEV
현대,Hyundai,아반떼(AD),Elantra (AD),2016,GASOLINE
현대,Hyundai,아반떼(AD),Elantra (AD),2016,LPG
현대,Hyundai,아반떼(AD),Elantra (AD),2016,DIESEL
현대,Hyundai,아반떼(AD),Elantra (AD),2016,HEV
현대,Hyundai,아반떼(AD),Elantra (AD),2017,GASOLINE
현대,Hyundai,아반떼(AD),Elantra (AD),2017,LPG
현대,Hyundai,아반떼(AD),Elantra (AD),2017,DIESEL
현대,Hyundai,아반떼(AD),Elantra (AD),2017,HEV
현대,Hyundai,아반떼(AD),Elantra (AD),2018,GASOLINE
현대,Hyundai,아반떼(AD),Elantra (AD),2018,LPG
현대,Hyundai,아반떼(AD),Elantra (AD),2018,DIESEL
현대,Hyundai,아반떼(AD),Elantra (AD),2018,HEV
현대,Hyundai,아반떼(AD),Elantra (AD),2019,GASOLINE
현대,Hyundai,아반떼(AD),Elantra (AD),2019,LPG
현대,Hyundai,아반떼(AD),Elantra (AD),2019,DIESEL
현대,Hyundai,아반떼(AD),Elantra (AD),2019,HEV
현대,Hyundai,아반떼(AD),Elantra (AD),2020,GASOLINE
현대,Hyundai,아반떼(AD),Elantra (AD),2020,LPG
현대,Hyundai,아반떼(AD),Elantra (AD),2020,DIESEL
현대,Hyundai,아반떼(AD),Elantra (AD),2020,HEV
현대,Hyundai,아반떼(AD),Elantra (AD),2021,GASOLINE
현대,Hyundai,아반떼(AD),Elantra (AD),2021,LPG
현대,Hyundai,아반떼(AD),Elantra (AD),2021,DIESEL
현대,Hyundai,아반떼(AD),Elantra (AD),2021,HEV
현대,Hyundai,아반떼(AD),Elantra (AD),2022,GASOLINE
현대,Hyundai,아반떼(AD),Elantra (AD),2022,LPG
현대,Hyundai,아반떼(AD),Elantra (AD),2022,DIESEL
현대,Hyundai,아반떼(AD),Elantra (AD),2022,HEV
현대,Hyundai,아반떼(AD),Elantra (AD),2023,GASOLINE
현대,Hyundai,아반떼(AD),Elantra (AD),2023,LPG
현대,Hyundai,아반떼(AD),Elantra (AD),2023,DIESEL
현대,Hyundai,아반떼(AD),Elantra (AD),2023,HEV
현대,Hyundai,아반떼(AD),Elantra (AD),2024,GASOLINE
현대,Hyundai,아반떼(AD),Elantra (AD),2024,LPG
현대,Hyundai,아반떼(AD),Elantra (AD),2024,DIESEL
현대,Hyundai,아반떼(AD),Elantra (AD),2024,HEV
현대,Hyundai,아반떼(AD),Elantra (AD),2025,GASOLINE
현대,Hyundai,아반떼(AD),Elantra (AD),2025,LPG
현대,Hyundai,아반떼(AD),Elantra (AD),2025,DIESEL
현대,Hyundai,아반떼(AD),Elantra (AD),2025,HEV
현대,Hyundai,아반떼(AD),Elantra (AD),2026,GASOLINE
현대,Hyundai,아반떼(AD),Elantra (AD),2026,LPG
현대,Hyundai,아반떼(AD),Elantra (AD),2026,DIESEL
현대,Hyundai,아반떼(AD),Elantra (AD),2026,HEV
현대,Hyundai,아반떼(CN7),Elantra (CN7),2010,GASOLINE
현대,Hyundai,아반떼(CN7),Elantra (CN7),2010,LPG
현대,Hyundai,아반떼(CN7),Elantra (CN7),2010,DIESEL
현대,Hyundai,아반떼(CN7),Elantra (CN7),2010,HEV
현대,Hyundai,아반떼(CN7),Elantra (CN7),2011,GASOLINE
현대,Hyundai,아반떼(CN7),Elantra (CN7),2011,LPG
현대,Hyundai,아반떼(CN7),Elantra (CN7),2011,DIESEL
현대,Hyundai,아반떼(CN7),Elantra (CN7),2011,HEV
현대,Hyundai,아반떼(CN7),Elantra (CN7),2012,GASOLINE
현대,Hyundai,아반떼(CN7),Elantra (CN7),2012,LPG
현대,Hyundai,아반떼(CN7),Elantra (CN7),2012,DIESEL
현대,Hyundai,아반떼(CN7),Elantra (CN7),2012,HEV
현대,Hyundai,아반떼(CN7),Elantra (CN7),2013,GASOLINE
현대,Hyundai,아반떼(CN7),Elantra (CN7),2013,LPG
현대,Hyundai,아반떼(CN7),Elantra (CN7),2013,DIESEL
현대,Hyundai,아반떼(CN7),Elantra (CN7),2013,HEV
현대,Hyundai,아반떼(CN7),Elantra (CN7),2014,GASOLINE
현대,Hyundai,아반떼(CN7),Elantra (CN7),2014,LPG
현대,Hyundai,아반떼(CN7),Elantra (CN7),2014,DIESEL
현대,Hyundai,아반떼(CN7),Elantra (CN7),2014,HEV
현대,Hyundai,아반떼(CN7),Elantra (CN7),2015,GASOLINE
현대,Hyundai,아반떼(CN7),Elantra (CN7),2015,LPG
현대,Hyundai,아반떼(CN7),Elantra (CN7),2015,DIESEL
현대,Hyundai,아반떼(CN7),Elantra (CN7),2015,HEV
현대,Hyundai,아반떼(CN7),Elantra (CN7),2016,GASOLINE
현대,Hyundai,아반떼(CN7),Elantra (CN7),2016,LPG
현대,Hyundai,아반떼(CN7),Elantra (CN7),2016,DIESEL
현대,Hyundai,아반떼(CN7),Elantra (CN7),2016,HEV
현대,Hyundai,아반떼(CN7),Elantra (CN7),2017,GASOLINE
현대,Hyundai,아반떼(CN7),Elantra (CN7),2017,LPG
현대,Hyundai,아반떼(CN7),Elantra (CN7),2017,DIESEL
현대,Hyundai,아반떼(CN7),Elantra (CN7),2017,HEV
현대,Hyundai,아반떼(CN7),Elantra (CN7),2018,GASOLINE
현대,Hyundai,아반떼(CN7),Elantra (CN7),2018,LPG
현대,Hyundai,아반떼(CN7),Elantra (CN7),2018,DIESEL
현대,Hyundai,아반떼(CN7),Elantra (CN7),2018,HEV
현대,Hyundai,아반떼(CN7),Elantra (CN7),2019,GASOLINE
현대,Hyundai,아반떼(CN7),Elantra (CN7),2019,LPG
현대,Hyundai,아반떼(CN7),Elantra (CN7),2019,DIESEL
현대,Hyundai,아반떼(CN7),Elantra (CN7),2019,HEV
현대,Hyundai,아반떼(CN7),Elantra (CN7),2020,GASOLINE
현대,Hyundai,아반떼(CN7),Elantra (CN7),2020,LPG
현대,Hyundai,아반떼(CN7),Elantra (CN7),2020,DIESEL
현대,Hyundai,아반떼(CN7),Elantra (CN7),2020,HEV
현대,Hyundai,아반떼(CN7),Elantra (CN7),2021,GASOLINE
현대,Hyundai,아반떼(CN7),Elantra (CN7),2021,LPG
현대,Hyundai,아반떼(CN7),Elantra (CN7),2021,DIESEL
현대,Hyundai,아반떼(CN7),Elantra (CN7),2021,HEV
현대,Hyundai,아반떼(CN7),Elantra (CN7),2022,GASOLINE
현대,Hyundai,아반떼(CN7),Elantra (CN7),2022,LPG
현대,Hyundai,아반떼(CN7),Elantra (CN7),2022,DIESEL
현대,Hyundai,아반떼(CN7),Elantra (CN7),2022,HEV
현대,Hyundai,아반떼(CN7),Elantra (CN7),2023,GASOLINE
현대,Hyundai,아반떼(CN7),Elantra (CN7),2023,LPG
현대,Hyundai,아반떼(CN7),Elantra (CN7),2023,DIESEL
현대,Hyundai,아반떼(CN7),Elantra (CN7),2023,HEV
현대,Hyundai,아반떼(CN7),Elantra (CN7),2024,GASOLINE
현대,Hyundai,아반떼(CN7),Elantra (CN7),2024,LPG
현대,Hyundai,아반떼(CN7),Elantra (CN7),2024,DIESEL
현대,Hyundai,아반떼(CN7),Elantra (CN7),2024,HEV
현대,Hyundai,아반떼(CN7),Elantra (CN7),2025,GASOLINE
현대,Hyundai,아반떼(CN7),Elantra (CN7),2025,LPG
현대,Hyundai,아반떼(CN7),Elantra (CN7),2025,DIESEL
현대,Hyundai,아반떼(CN7),Elantra (CN7),2025,HEV
현대,Hyundai,아반떼(CN7),Elantra (CN7),2026,GASOLINE
현대,Hyundai,아반떼(CN7),Elantra (CN7),2026,LPG
현대,Hyundai,아반떼(CN7),Elantra (CN7),2026,DIESEL
현대,Hyundai,아반떼(CN7),Elantra (CN7),2026,HEV
현대,Hyundai,쏘나타(YF),Sonata (YF),2010,GASOLINE
현대,Hyundai,쏘나타(YF),Sonata (YF),2010,LPG
현대,Hyundai,쏘나타(YF),Sonata (YF),2010,DIESEL
현대,Hyundai,쏘나타(YF),Sonata (YF),2010,HEV
현대,Hyundai,쏘나타(YF),Sonata (YF),2011,GASOLINE
현대,Hyundai,쏘나타(YF),Sonata (YF),2011,LPG
현대,Hyundai,쏘나타(YF),Sonata (YF),2011,DIESEL
현대,Hyundai,쏘나타(YF),Sonata (YF),2011,HEV
현대,Hyundai,쏘나타(YF),Sonata (YF),2012,GASOLINE
현대,Hyundai,쏘나타(YF),Sonata (YF),2012,LPG
현대,Hyundai,쏘나타(YF),Sonata (YF),2012,DIESEL
현대,Hyundai,쏘나타(YF),Sonata (YF),2012,HEV
현대,Hyundai,쏘나타(YF),Sonata (YF),2013,GASOLINE
현대,Hyundai,쏘나타(YF),Sonata (YF),2013,LPG
현대,Hyundai,쏘나타(YF),Sonata (YF),2013,DIESEL
현대,Hyundai,쏘나타(YF),Sonata (YF),2013,HEV
현대,Hyundai,쏘나타(YF),Sonata (YF),2014,GASOLINE
현대,Hyundai,쏘나타(YF),Sonata (YF),2014,LPG
현대,Hyundai,쏘나타(YF),Sonata (YF),2014,DIESEL
현대,Hyundai,쏘나타(YF),Sonata (YF),2014,HEV
현대,Hyundai,쏘나타(YF),Sonata (YF),2015,GASOLINE
현대,Hyundai,쏘나타(YF),Sonata (YF),2015,LPG
현대,Hyundai,쏘나타(YF),Sonata (YF),2015,DIESEL
현대,Hyundai,쏘나타(YF),Sonata (YF),2015,HEV
현대,Hyundai,쏘나타(YF),Sonata (YF),2015,PHEV
현대,Hyundai,쏘나타(YF),Sonata (YF),2016,GASOLINE
현대,Hyundai,쏘나타(YF),Sonata (YF),2016,LPG
현대,Hyundai,쏘나타(YF),Sonata (YF),2016,DIESEL
현대,Hyundai,쏘나타(YF),Sonata (YF),2016,HEV
현대,Hyundai,쏘나타(YF),Sonata (YF),2016,PHEV
현대,Hyundai,쏘나타(YF),Sonata (YF),2017,GASOLINE
현대,Hyundai,쏘나타(YF),Sonata (YF),2017,LPG
현대,Hyundai,쏘나타(YF),Sonata (YF),2017,DIESEL
현대,Hyundai,쏘나타(YF),Sonata (YF),2017,HEV
현대,Hyundai,쏘나타(YF),Sonata (YF),2017,PHEV
현대,Hyundai,쏘나타(YF),Sonata (YF),2018,GASOLINE
현대,Hyundai,쏘나타(YF),Sonata (YF),2018,LPG
현대,Hyundai,쏘나타(YF),Sonata (YF),2018,DIESEL
현대,Hyundai,쏘나타(YF),Sonata (YF),2018,HEV
현대,Hyundai,쏘나타(YF),Sonata (YF),2018,PHEV
현대,Hyundai,쏘나타(YF),Sonata (YF),2019,GASOLINE
현대,Hyundai,쏘나타(YF),Sonata (YF),2019,LPG
현대,Hyundai,쏘나타(YF),Sonata (YF),2019,DIESEL
현대,Hyundai,쏘나타(YF),Sonata (YF),2019,HEV
현대,Hyundai,쏘나타(YF),Sonata (YF),2019,PHEV
현대,Hyundai,쏘나타(YF),Sonata (YF),2020,GASOLINE
현대,Hyundai,쏘나타(YF),Sonata (YF),2020,LPG
현대,Hyundai,쏘나타(YF),Sonata (YF),2020,DIESEL
현대,Hyundai,쏘나타(YF),Sonata (YF),2020,HEV
현대,Hyundai,쏘나타(YF),Sonata (YF),2020,PHEV
현대,Hyundai,쏘나타(YF),Sonata (YF),2021,GASOLINE
현대,Hyundai,쏘나타(YF),Sonata (YF),2021,LPG
현대,Hyundai,쏘나타(YF),Sonata (YF),2021,DIESEL
현대,Hyundai,쏘나타(YF),Sonata (YF),2021,HEV
현대,Hyundai,쏘나타(YF),Sonata (YF),2021,PHEV
현대,Hyundai,쏘나타(YF),Sonata (YF),2022,GASOLINE
현대,Hyundai,쏘나타(YF),Sonata (YF),2022,LPG
현대,Hyundai,쏘나타(YF),Sonata (YF),2022,DIESEL
현대,Hyundai,쏘나타(YF),Sonata (YF),2022,HEV
현대,Hyundai,쏘나타(YF),Sonata (YF),2022,PHEV
현대,Hyundai,쏘나타(YF),Sonata (YF),2023,GASOLINE
현대,Hyundai,쏘나타(YF),Sonata (YF),2023,LPG
현대,Hyundai,쏘나타(YF),Sonata (YF),2023,DIESEL
현대,Hyundai,쏘나타(YF),Sonata (YF),2023,HEV
현대,Hyundai,쏘나타(YF),Sonata (YF),2023,PHEV
현대,Hyundai,쏘나타(YF),Sonata (YF),2024,GASOLINE
현대,Hyundai,쏘나타(YF),Sonata (YF),2024,LPG
현대,Hyundai,쏘나타(YF),Sonata (YF),2024,DIESEL
현대,Hyundai,쏘나타(YF),Sonata (YF),2024,HEV
현대,Hyundai,쏘나타(YF),Sonata (YF),2024,PHEV
현대,Hyundai,쏘나타(YF),Sonata (YF),2025,GASOLINE
현대,Hyundai,쏘나타(YF),Sonata (YF),2025,LPG
현대,Hyundai,쏘나타(YF),Sonata (YF),2025,DIESEL
현대,Hyundai,쏘나타(YF),Sonata (YF),2025,HEV
현대,Hyundai,쏘나타(YF),Sonata (YF),2025,PHEV
현대,Hyundai,쏘나타(YF),Sonata (YF),2026,GASOLINE
현대,Hyundai,쏘나타(YF),Sonata (YF),2026,LPG
현대,Hyundai,쏘나타(YF),Sonata (YF),2026,DIESEL
현대,Hyundai,쏘나타(YF),Sonata (YF),2026,HEV
현대,Hyundai,쏘나타(YF),Sonata (YF),2026,PHEV
현대,Hyundai,쏘나타(LF),Sonata (LF),2010,GASOLINE
현대,Hyundai,쏘나타(LF),Sonata (LF),2010,LPG
현대,Hyundai,쏘나타(LF),Sonata (LF),2010,DIESEL
현대,Hyundai,쏘나타(LF),Sonata (LF),2010,HEV
현대,Hyundai,쏘나타(LF),Sonata (LF),2011,GASOLINE
현대,Hyundai,쏘나타(LF),Sonata (LF),2011,LPG
현대,Hyundai,쏘나타(LF),Sonata (LF),2011,DIESEL
현대,Hyundai,쏘나타(LF),Sonata (LF),2011,HEV
현대,Hyundai,쏘나타(LF),Sonata (LF),2012,GASOLINE
현대,Hyundai,쏘나타(LF),Sonata (LF),2012,LPG
현대,Hyundai,쏘나타(LF),Sonata (LF),2012,DIESEL
현대,Hyundai,쏘나타(LF),Sonata (LF),2012,HEV
현대,Hyundai,쏘나타(LF),Sonata (LF),2013,GASOLINE
현대,Hyundai,쏘나타(LF),Sonata (LF),2013,LPG
현대,Hyundai,쏘나타(LF),Sonata (LF),2013,DIESEL
현대,Hyundai,쏘나타(LF),Sonata (LF),2013,HEV
현대,Hyundai,쏘나타(LF),Sonata (LF),2014,GASOLINE
현대,Hyundai,쏘나타(LF),Sonata (LF),2014,LPG
현대,Hyundai,쏘나타(LF),Sonata (LF),2014,DIESEL
현대,Hyundai,쏘나타(LF),Sonata (LF),2014,HEV
현대,Hyundai,쏘나타(LF),Sonata (LF),2015,GASOLINE
현대,Hyundai,쏘나타(LF),Sonata (LF),2015,LPG
현대,Hyundai,쏘나타(LF),Sonata (LF),2015,DIESEL
현대,Hyundai,쏘나타(LF),Sonata (LF),2015,HEV
현대,Hyundai,쏘나타(LF),Sonata (LF),2015,PHEV
현대,Hyundai,쏘나타(LF),Sonata (LF),2016,GASOLINE
현대,Hyundai,쏘나타(LF),Sonata (LF),2016,LPG
현대,Hyundai,쏘나타(LF),Sonata (LF),2016,DIESEL
현대,Hyundai,쏘나타(LF),Sonata (LF),2016,HEV
현대,Hyundai,쏘나타(LF),Sonata (LF),2016,PHEV
현대,Hyundai,쏘나타(LF),Sonata (LF),2017,GASOLINE
현대,Hyundai,쏘나타(LF),Sonata (LF),2017,LPG
현대,Hyundai,쏘나타(LF),Sonata (LF),2017,DIESEL
현대,Hyundai,쏘나타(LF),Sonata (LF),2017,HEV
현대,Hyundai,쏘나타(LF),Sonata (LF),2017,PHEV
현대,Hyundai,쏘나타(LF),Sonata (LF),2018,GASOLINE
현대,Hyundai,쏘나타(LF),Sonata (LF),2018,LPG
현대,Hyundai,쏘나타(LF),Sonata (LF),2018,DIESEL
현대,Hyundai,쏘나타(LF),Sonata (LF),2018,HEV
현대,Hyundai,쏘나타(LF),Sonata (LF),2018,PHEV
현대,Hyundai,쏘나타(LF),Sonata (LF),2019,GASOLINE
현대,Hyundai,쏘나타(LF),Sonata (LF),2019,LPG
현대,Hyundai,쏘나타(LF),Sonata (LF),2019,DIESEL
현대,Hyundai,쏘나타(LF),Sonata (LF),2019,HEV
현대,Hyundai,쏘나타(LF),Sonata (LF),2019,PHEV
현대,Hyundai,쏘나타(LF),Sonata (LF),2020,GASOLINE
현대,Hyundai,쏘나타(LF),Sonata (LF),2020,LPG
현대,Hyundai,쏘나타(LF),Sonata (LF),2020,DIESEL
현대,Hyundai,쏘나타(LF),Sonata (LF),2020,HEV
현대,Hyundai,쏘나타(LF),Sonata (LF),2020,PHEV
현대,Hyundai,쏘나타(LF),Sonata (LF),2021,GASOLINE
현대,Hyundai,쏘나타(LF),Sonata (LF),2021,LPG
현대,Hyundai,쏘나타(LF),Sonata (LF),2021,DIESEL
현대,Hyundai,쏘나타(LF),Sonata (LF),2021,HEV
현대,Hyundai,쏘나타(LF),Sonata (LF),2021,PHEV
현대,Hyundai,쏘나타(LF),Sonata (LF),2022,GASOLINE
현대,Hyundai,쏘나타(LF),Sonata (LF),2022,LPG
현대,Hyundai,쏘나타(LF),Sonata (LF),2022,DIESEL
현대,Hyundai,쏘나타(LF),Sonata (LF),2022,HEV
현대,Hyundai,쏘나타(LF),Sonata (LF),2022,PHEV
현대,Hyundai,쏘나타(LF),Sonata (LF),2023,GASOLINE
현대,Hyundai,쏘나타(LF),Sonata (LF),2023,LPG
현대,Hyundai,쏘나타(LF),Sonata (LF),2023,DIESEL
현대,Hyundai,쏘나타(LF),Sonata (LF),2023,HEV
현대,Hyundai,쏘나타(LF),Sonata (LF),2023,PHEV
현대,Hyundai,쏘나타(LF),Sonata (LF),2024,GASOLINE
현대,Hyundai,쏘나타(LF),Sonata (LF),2024,LPG
현대,Hyundai,쏘나타(LF),Sonata (LF),2024,DIESEL
현대,Hyundai,쏘나타(LF),Sonata (LF),2024,HEV
현대,Hyundai,쏘나타(LF),Sonata (LF),2024,PHEV
현대,Hyundai,쏘나타(LF),Sonata (LF),2025,GASOLINE
현대,Hyundai,쏘나타(LF),Sonata (LF),2025,LPG
현대,Hyundai,쏘나타(LF),Sonata (LF),2025,DIESEL
현대,Hyundai,쏘나타(LF),Sonata (LF),2025,HEV
현대,Hyundai,쏘나타(LF),Sonata (LF),2025,PHEV
현대,Hyundai,쏘나타(LF),Sonata (LF),2026,GASOLINE
현대,Hyundai,쏘나타(LF),Sonata (LF),2026,LPG
현대,Hyundai,쏘나타(LF),Sonata (LF),2026,DIESEL
현대,Hyundai,쏘나타(LF),Sonata (LF),2026,HEV
현대,Hyundai,쏘나타(LF),Sonata (LF),2026,PHEV
현대,Hyundai,쏘나타(DN8),Sonata (DN8),2010,GASOLINE
현대,Hyundai,쏘나타(DN8),Sonata (DN8),2010,LPG
현대,Hyundai,쏘나타(DN8),Sonata (DN8),2010,DIESEL
현대,Hyundai,쏘나타(DN8),Sonata (DN8),2010,HEV
현대,Hyundai,쏘나타(DN8),Sonata (DN8),2011,GASOLINE
현대,Hyundai,쏘나타(DN8),Sonata (DN8),2011,LPG
현대,Hyundai,쏘나타(DN8),Sonata (DN8),2011,DIESEL
현대,Hyundai,쏘나타(DN8),Sonata (DN8),2011,HEV
현대,Hyundai,쏘나타(DN8),Sonata (DN8),2012,GASOLINE
현대,Hyundai,쏘나타(DN8),Sonata (DN8),2012,LPG
현대,Hyundai,쏘나타(DN8),Sonata (DN8),2012,DIESEL
현대,Hyundai,쏘나타(DN8),Sonata (DN8),2012,HEV
현대,Hyundai,쏘나타(DN8),Sonata (DN8),2013,GASOLINE
현대,Hyundai,쏘나타(DN8),Sonata (DN8),2013,LPG
현대,Hyundai,쏘나타(DN8),Sonata (DN8),2013,DIESEL
현대,Hyundai,쏘나타(DN8),Sonata (DN8),2013,HEV
현대,Hyundai,쏘나타(DN8),Sonata (DN8),2014,GASOLINE
현대,Hyundai,쏘나타(DN8),Sonata (DN8),2014,LPG
현대,Hyundai,쏘나타(DN8),Sonata (DN8),2014,DIESEL
현대,Hyundai,쏘나타(DN8),Sonata (DN8),2014,HEV
현대,Hyundai,쏘나타(DN8),Sonata (DN8),2015,GASOLINE
현대,Hyundai,쏘나타(DN8),Sonata (DN8),2015,LPG
현대,Hyundai,쏘나타(DN8),Sonata (DN8),2015,DIESEL
현대,Hyundai,쏘나타(DN8),Sonata (DN8),2015,HEV
현대,Hyundai,쏘나타(DN8),Sonata (DN8),2015,PHEV
현대,Hyundai,쏘나타(DN8),Sonata (DN8),2016,GASOLINE
현대,Hyundai,쏘나타(DN8),Sonata (DN8),2016,LPG
현대,Hyundai,쏘나타(DN8),Sonata (DN8),2016,DIESEL
현대,Hyundai,쏘나타(DN8),Sonata (DN8),2016,HEV
현대,Hyundai,쏘나타(DN8),Sonata (DN8),2016,PHEV
현대,Hyundai,쏘나타(DN8),Sonata (DN8),2017,GASOLINE
현대,Hyundai,쏘나타(DN8),Sonata (DN8),2017,LPG
현대,Hyundai,쏘나타(DN8),Sonata (DN8),2017,DIESEL
현대,Hyundai,쏘나타(DN8),Sonata (DN8),2017,HEV
현대,Hyundai,쏘나타(DN8),Sonata (DN8),2017,PHEV
현대,Hyundai,쏘나타(DN8),Sonata (DN8),2018,GASOLINE
현대,Hyundai,쏘나타(DN8),Sonata (DN8),2018,LPG
현대,Hyundai,쏘나타(DN8),Sonata (DN8),2018,DIESEL
현대,Hyundai,쏘나타(DN8),Sonata (DN8),2018,HEV
현대,Hyundai,쏘나타(DN8),Sonata (DN8),2018,PHEV
현대,Hyundai,쏘나타(DN8),Sonata (DN8),2019,GASOLINE
현대,Hyundai,쏘나타(DN8),Sonata (DN8),2019,LPG
현대,Hyundai,쏘나타(DN8),Sonata (DN8),2019,DIESEL
현대,Hyundai,쏘나타(DN8),Sonata (DN8),2019,HEV
현대,Hyundai,쏘나타(DN8),Sonata (DN8),2019,PHEV
현대,Hyundai,쏘나타(DN8),Sonata (DN8),2020,GASOLINE
현대,Hyundai,쏘나타(DN8),Sonata (DN8),2020,LPG
현대,Hyundai,쏘나타(DN8),Sonata (DN8),2020,DIESEL
현대,Hyundai,쏘나타(DN8),Sonata (DN8),2020,HEV
현대,Hyundai,쏘나타(DN8),Sonata (DN8),2020,PHEV
현대,Hyundai,쏘나타(DN8),Sonata (DN8),2021,GASOLINE
현대,Hyundai,쏘나타(DN8),Sonata (DN8),2021,LPG
현대,Hyundai,쏘나타(DN8),Sonata (DN8),2021,DIESEL
현대,Hyundai,쏘나타(DN8),Sonata (DN8),2021,HEV
현대,Hyundai,쏘나타(DN8),Sonata (DN8),2021,PHEV
현대,Hyundai,쏘나타(DN8),Sonata (DN8),2022,GASOLINE
현대,Hyundai,쏘나타(DN8),Sonata (DN8),2022,LPG
현대,Hyundai,쏘나타(DN8),Sonata (DN8),2022,DIESEL
현대,Hyundai,쏘나타(DN8),Sonata (DN8),2022,HEV
현대,Hyundai,쏘나타(DN8),Sonata (DN8),2022,PHEV
현대,Hyundai,쏘나타(DN8),Sonata (DN8),2023,GASOLINE
현대,Hyundai,쏘나타(DN8),Sonata (DN8),2023,LPG
현대,Hyundai,쏘나타(DN8),Sonata (DN8),2023,DIESEL
현대,Hyundai,쏘나타(DN8),Sonata (DN8),2023,HEV
현대,Hyundai,쏘나타(DN8),Sonata (DN8),2023,PHEV
현대,Hyundai,쏘나타(DN8),Sonata (DN8),2024,GASOLINE
현대,Hyundai,쏘나타(DN8),Sonata (DN8),2024,LPG
현대,Hyundai,쏘나타(DN8),Sonata (DN8),2024,DIESEL
현대,Hyundai,쏘나타(DN8),Sonata (DN8),2024,HEV
현대,Hyundai,쏘나타(DN8),Sonata (DN8),2024,PHEV
현대,Hyundai,쏘나타(DN8),Sonata (DN8),2025,GASOLINE
현대,Hyundai,쏘나타(DN8),Sonata (DN8),2025,LPG
현대,Hyundai,쏘나타(DN8),Sonata (DN8),2025,DIESEL
현대,Hyundai,쏘나타(DN8),Sonata (DN8),2025,HEV
현대,Hyundai,쏘나타(DN8),Sonata (DN8),2025,PHEV
현대,Hyundai,쏘나타(DN8),Sonata (DN8),2026,GASOLINE
현대,Hyundai,쏘나타(DN8),Sonata (DN8),2026,LPG
현대,Hyundai,쏘나타(DN8),Sonata (DN8),2026,DIESEL
현대,Hyundai,쏘나타(DN8),Sonata (DN8),2026,HEV
현대,Hyundai,쏘나타(DN8),Sonata (DN8),2026,PHEV
현대,Hyundai,그랜저(HG),Azera (HG),2010,GASOLINE
현대,Hyundai,그랜저(HG),Azera (HG),2010,DIESEL
현대,Hyundai,그랜저(HG),Azera (HG),2010,HEV
현대,Hyundai,그랜저(HG),Azera (HG),2010,LPG
현대,Hyundai,그랜저(HG),Azera (HG),2011,GASOLINE
현대,Hyundai,그랜저(HG),Azera (HG),2011,DIESEL
현대,Hyundai,그랜저(HG),Azera (HG),2011,HEV
현대,Hyundai,그랜저(HG),Azera (HG),2011,LPG
현대,Hyundai,그랜저(HG),Azera (HG),2012,GASOLINE
현대,Hyundai,그랜저(HG),Azera (HG),2012,DIESEL
현대,Hyundai,그랜저(HG),Azera (HG),2012,HEV
현대,Hyundai,그랜저(HG),Azera (HG),2012,LPG
현대,Hyundai,그랜저(HG),Azera (HG),2013,GASOLINE
현대,Hyundai,그랜저(HG),Azera (HG),2013,DIESEL
현대,Hyundai,그랜저(HG),Azera (HG),2013,HEV
현대,Hyundai,그랜저(HG),Azera (HG),2013,LPG
현대,Hyundai,그랜저(HG),Azera (HG),2014,GASOLINE
현대,Hyundai,그랜저(HG),Azera (HG),2014,DIESEL
현대,Hyundai,그랜저(HG),Azera (HG),2014,HEV
현대,Hyundai,그랜저(HG),Azera (HG),2014,LPG
현대,Hyundai,그랜저(HG),Azera (HG),2015,GASOLINE
현대,Hyundai,그랜저(HG),Azera (HG),2015,DIESEL
현대,Hyundai,그랜저(HG),Azera (HG),2015,HEV
현대,Hyundai,그랜저(HG),Azera (HG),2015,LPG
현대,Hyundai,그랜저(HG),Azera (HG),2016,GASOLINE
현대,Hyundai,그랜저(HG),Azera (HG),2016,DIESEL
현대,Hyundai,그랜저(HG),Azera (HG),2016,HEV
현대,Hyundai,그랜저(HG),Azera (HG),2016,LPG
현대,Hyundai,그랜저(HG),Azera (HG),2017,GASOLINE
현대,Hyundai,그랜저(HG),Azera (HG),2017,DIESEL
현대,Hyundai,그랜저(HG),Azera (HG),2017,HEV
현대,Hyundai,그랜저(HG),Azera (HG),2017,LPG
현대,Hyundai,그랜저(HG),Azera (HG),2018,GASOLINE
현대,Hyundai,그랜저(HG),Azera (HG),2018,DIESEL
현대,Hyundai,그랜저(HG),Azera (HG),2018,HEV
현대,Hyundai,그랜저(HG),Azera (HG),2018,LPG
현대,Hyundai,그랜저(HG),Azera (HG),2019,GASOLINE
현대,Hyundai,그랜저(HG),Azera (HG),2019,DIESEL
현대,Hyundai,그랜저(HG),Azera (HG),2019,HEV
현대,Hyundai,그랜저(HG),Azera (HG),2019,LPG
현대,Hyundai,그랜저(HG),Azera (HG),2020,GASOLINE
현대,Hyundai,그랜저(HG),Azera (HG),2020,DIESEL
현대,Hyundai,그랜저(HG),Azera (HG),2020,HEV
현대,Hyundai,그랜저(HG),Azera (HG),2020,LPG
현대,Hyundai,그랜저(HG),Azera (HG),2021,GASOLINE
현대,Hyundai,그랜저(HG),Azera (HG),2021,DIESEL
현대,Hyundai,그랜저(HG),Azera (HG),2021,HEV
현대,Hyundai,그랜저(HG),Azera (HG),2021,LPG
현대,Hyundai,그랜저(HG),Azera (HG),2022,GASOLINE
현대,Hyundai,그랜저(HG),Azera (HG),2022,DIESEL
현대,Hyundai,그랜저(HG),Azera (HG),2022,HEV
현대,Hyundai,그랜저(HG),Azera (HG),2022,LPG
현대,Hyundai,그랜저(HG),Azera (HG),2023,GASOLINE
현대,Hyundai,그랜저(HG),Azera (HG),2023,DIESEL
현대,Hyundai,그랜저(HG),Azera (HG),2023,HEV
현대,Hyundai,그랜저(HG),Azera (HG),2023,LPG
현대,Hyundai,그랜저(HG),Azera (HG),2024,GASOLINE
현대,Hyundai,그랜저(HG),Azera (HG),2024,DIESEL
현대,Hyundai,그랜저(HG),Azera (HG),2024,HEV
현대,Hyundai,그랜저(HG),Azera (HG),2024,LPG
현대,Hyundai,그랜저(HG),Azera (HG),2025,GASOLINE
현대,Hyundai,그랜저(HG),Azera (HG),2025,DIESEL
현대,Hyundai,그랜저(HG),Azera (HG),2025,HEV
현대,Hyundai,그랜저(HG),Azera (HG),2025,LPG
현대,Hyundai,그랜저(HG),Azera (HG),2026,GASOLINE
현대,Hyundai,그랜저(HG),Azera (HG),2026,DIESEL
현대,Hyundai,그랜저(HG),Azera (HG),2026,HEV
현대,Hyundai,그랜저(HG),Azera (HG),2026,LPG
현대,Hyundai,그랜저(IG),Azera (IG),2010,GASOLINE
현대,Hyundai,그랜저(IG),Azera (IG),2010,DIESEL
현대,Hyundai,그랜저(IG),Azera (IG),2010,HEV
현대,Hyundai,그랜저(IG),Azera (IG),2010,LPG
현대,Hyundai,그랜저(IG),Azera (IG),2011,GASOLINE
현대,Hyundai,그랜저(IG),Azera (IG),2011,DIESEL
현대,Hyundai,그랜저(IG),Azera (IG),2011,HEV
현대,Hyundai,그랜저(IG),Azera (IG),2011,LPG
현대,Hyundai,그랜저(IG),Azera (IG),2012,GASOLINE
현대,Hyundai,그랜저(IG),Azera (IG),2012,DIESEL
현대,Hyundai,그랜저(IG),Azera (IG),2012,HEV
현대,Hyundai,그랜저(IG),Azera (IG),2012,LPG
현대,Hyundai,그랜저(IG),Azera (IG),2013,GASOLINE
현대,Hyundai,그랜저(IG),Azera (IG),2013,DIESEL
현대,Hyundai,그랜저(IG),Azera (IG),2013,HEV
현대,Hyundai,그랜저(IG),Azera (IG),2013,LPG
현대,Hyundai,그랜저(IG),Azera (IG),2014,GASOLINE
현대,Hyundai,그랜저(IG),Azera (IG),2014,DIESEL
현대,Hyundai,그랜저(IG),Azera (IG),2014,HEV
현대,Hyundai,그랜저(IG),Azera (IG),2014,LPG
현대,Hyundai,그랜저(IG),Azera (IG),2015,GASOLINE
현대,Hyundai,그랜저(IG),Azera (IG),2015,DIESEL
현대,Hyundai,그랜저(IG),Azera (IG),2015,HEV
현대,Hyundai,그랜저(IG),Azera (IG),2015,LPG
현대,Hyundai,그랜저(IG),Azera (IG),2016,GASOLINE
현대,Hyundai,그랜저(IG),Azera (IG),2016,DIESEL
현대,Hyundai,그랜저(IG),Azera (IG),2016,HEV
현대,Hyundai,그랜저(IG),Azera (IG),2016,LPG
현대,Hyundai,그랜저(IG),Azera (IG),2017,GASOLINE
현대,Hyundai,그랜저(IG),Azera (IG),2017,DIESEL
현대,Hyundai,그랜저(IG),Azera (IG),2017,HEV
현대,Hyundai,그랜저(IG),Azera (IG),2017,LPG
현대,Hyundai,그랜저(IG),Azera (IG),2018,GASOLINE
현대,Hyundai,그랜저(IG),Azera (IG),2018,DIESEL
현대,Hyundai,그랜저(IG),Azera (IG),2018,HEV
현대,Hyundai,그랜저(IG),Azera (IG),2018,LPG
현대,Hyundai,그랜저(IG),Azera (IG),2019,GASOLINE
현대,Hyundai,그랜저(IG),Azera (IG),2019,DIESEL
현대,Hyundai,그랜저(IG),Azera (IG),2019,HEV
현대,Hyundai,그랜저(IG),Azera (IG),2019,LPG
현대,Hyundai,그랜저(IG),Azera (IG),2020,GASOLINE
현대,Hyundai,그랜저(IG),Azera (IG),2020,DIESEL
현대,Hyundai,그랜저(IG),Azera (IG),2020,HEV
현대,Hyundai,그랜저(IG),Azera (IG),2020,LPG
현대,Hyundai,그랜저(IG),Azera (IG),2021,GASOLINE
현대,Hyundai,그랜저(IG),Azera (IG),2021,DIESEL
현대,Hyundai,그랜저(IG),Azera (IG),2021,HEV
현대,Hyundai,그랜저(IG),Azera (IG),2021,LPG
현대,Hyundai,그랜저(IG),Azera (IG),2022,GASOLINE
현대,Hyundai,그랜저(IG),Azera (IG),2022,DIESEL
현대,Hyundai,그랜저(IG),Azera (IG),2022,HEV
현대,Hyundai,그랜저(IG),Azera (IG),2022,LPG
현대,Hyundai,그랜저(IG),Azera (IG),2023,GASOLINE
현대,Hyundai,그랜저(IG),Azera (IG),2023,DIESEL
현대,Hyundai,그랜저(IG),Azera (IG),2023,HEV
현대,Hyundai,그랜저(IG),Azera (IG),2023,LPG
현대,Hyundai,그랜저(IG),Azera (IG),2024,GASOLINE
현대,Hyundai,그랜저(IG),Azera (IG),2024,DIESEL
현대,Hyundai,그랜저(IG),Azera (IG),2024,HEV
현대,Hyundai,그랜저(IG),Azera (IG),2024,LPG
현대,Hyundai,그랜저(IG),Azera (IG),2025,GASOLINE
현대,Hyundai,그랜저(IG),Azera (IG),2025,DIESEL
현대,Hyundai,그랜저(IG),Azera (IG),2025,HEV
현대,Hyundai,그랜저(IG),Azera (IG),2025,LPG
현대,Hyundai,그랜저(IG),Azera (IG),2026,GASOLINE
현대,Hyundai,그랜저(IG),Azera (IG),2026,DIESEL
현대,Hyundai,그랜저(IG),Azera (IG),2026,HEV
현대,Hyundai,그랜저(IG),Azera (IG),2026,LPG
현대,Hyundai,그랜저(GN7),Azera (GN7),2010,GASOLINE
현대,Hyundai,그랜저(GN7),Azera (GN7),2010,DIESEL
현대,Hyundai,그랜저(GN7),Azera (GN7),2010,HEV
현대,Hyundai,그랜저(GN7),Azera (GN7),2010,LPG
현대,Hyundai,그랜저(GN7),Azera (GN7),2011,GASOLINE
현대,Hyundai,그랜저(GN7),Azera (GN7),2011,DIESEL
현대,Hyundai,그랜저(GN7),Azera (GN7),2011,HEV
현대,Hyundai,그랜저(GN7),Azera (GN7),2011,LPG
현대,Hyundai,그랜저(GN7),Azera (GN7),2012,GASOLINE
현대,Hyundai,그랜저(GN7),Azera (GN7),2012,DIESEL
현대,Hyundai,그랜저(GN7),Azera (GN7),2012,HEV
현대,Hyundai,그랜저(GN7),Azera (GN7),2012,LPG
현대,Hyundai,그랜저(GN7),Azera (GN7),2013,GASOLINE
현대,Hyundai,그랜저(GN7),Azera (GN7),2013,DIESEL
현대,Hyundai,그랜저(GN7),Azera (GN7),2013,HEV
현대,Hyundai,그랜저(GN7),Azera (GN7),2013,LPG
현대,Hyundai,그랜저(GN7),Azera (GN7),2014,GASOLINE
현대,Hyundai,그랜저(GN7),Azera (GN7),2014,DIESEL
현대,Hyundai,그랜저(GN7),Azera (GN7),2014,HEV
현대,Hyundai,그랜저(GN7),Azera (GN7),2014,LPG
현대,Hyundai,그랜저(GN7),Azera (GN7),2015,GASOLINE
현대,Hyundai,그랜저(GN7),Azera (GN7),2015,DIESEL
현대,Hyundai,그랜저(GN7),Azera (GN7),2015,HEV
현대,Hyundai,그랜저(GN7),Azera (GN7),2015,LPG
현대,Hyundai,그랜저(GN7),Azera (GN7),2016,GASOLINE
현대,Hyundai,그랜저(GN7),Azera (GN7),2016,DIESEL
현대,Hyundai,그랜저(GN7),Azera (GN7),2016,HEV
현대,Hyundai,그랜저(GN7),Azera (GN7),2016,LPG
현대,Hyundai,그랜저(GN7),Azera (GN7),2017,GASOLINE
현대,Hyundai,그랜저(GN7),Azera (GN7),2017,DIESEL
현대,Hyundai,그랜저(GN7),Azera (GN7),2017,HEV
현대,Hyundai,그랜저(GN7),Azera (GN7),2017,LPG
현대,Hyundai,그랜저(GN7),Azera (GN7),2018,GASOLINE
현대,Hyundai,그랜저(GN7),Azera (GN7),2018,DIESEL
현대,Hyundai,그랜저(GN7),Azera (GN7),2018,HEV
현대,Hyundai,그랜저(GN7),Azera (GN7),2018,LPG
현대,Hyundai,그랜저(GN7),Azera (GN7),2019,GASOLINE
현대,Hyundai,그랜저(GN7),Azera (GN7),2019,DIESEL
현대,Hyundai,그랜저(GN7),Azera (GN7),2019,HEV
현대,Hyundai,그랜저(GN7),Azera (GN7),2019,LPG
현대,Hyundai,그랜저(GN7),Azera (GN7),2020,GASOLINE
현대,Hyundai,그랜저(GN7),Azera (GN7),2020,DIESEL
현대,Hyundai,그랜저(GN7),Azera (GN7),2020,HEV
현대,Hyundai,그랜저(GN7),Azera (GN7),2020,LPG
현대,Hyundai,그랜저(GN7),Azera (GN7),2021,GASOLINE
현대,Hyundai,그랜저(GN7),Azera (GN7),2021,DIESEL
현대,Hyundai,그랜저(GN7),Azera (GN7),2021,HEV
현대,Hyundai,그랜저(GN7),Azera (GN7),2021,LPG
현대,Hyundai,그랜저(GN7),Azera (GN7),2022,GASOLINE
현대,Hyundai,그랜저(GN7),Azera (GN7),2022,DIESEL
현대,Hyundai,그랜저(GN7),Azera (GN7),2022,HEV
현대,Hyundai,그랜저(GN7),Azera (GN7),2022,LPG
현대,Hyundai,그랜저(GN7),Azera (GN7),2023,GASOLINE
현대,Hyundai,그랜저(GN7),Azera (GN7),2023,DIESEL
현대,Hyundai,그랜저(GN7),Azera (GN7),2023,HEV
현대,Hyundai,그랜저(GN7),Azera (GN7),2023,LPG
현대,Hyundai,그랜저(GN7),Azera (GN7),2024,GASOLINE
현대,Hyundai,그랜저(GN7),Azera (GN7),2024,DIESEL
현대,Hyundai,그랜저(GN7),Azera (GN7),2024,HEV
현대,Hyundai,그랜저(GN7),Azera (GN7),2024,LPG
현대,Hyundai,그랜저(GN7),Azera (GN7),2025,GASOLINE
현대,Hyundai,그랜저(GN7),Azera (GN7),2025,DIESEL
현대,Hyundai,그랜저(GN7),Azera (GN7),2025,HEV
현대,Hyundai,그랜저(GN7),Azera (GN7),2025,LPG
현대,Hyundai,그랜저(GN7),Azera (GN7),2026,GASOLINE
현대,Hyundai,그랜저(GN7),Azera (GN7),2026,DIESEL
현대,Hyundai,그랜저(GN7),Azera (GN7),2026,HEV
현대,Hyundai,그랜저(GN7),Azera (GN7),2026,LPG
현대,Hyundai,투싼(ix),Tucson (ix),2010,DIESEL
현대,Hyundai,투싼(ix),Tucson (ix),2010,GASOLINE
현대,Hyundai,투싼(ix),Tucson (ix),2010,HEV
현대,Hyundai,투싼(ix),Tucson (ix),2011,DIESEL
현대,Hyundai,투싼(ix),Tucson (ix),2011,GASOLINE
현대,Hyundai,투싼(ix),Tucson (ix),2011,HEV
현대,Hyundai,투싼(ix),Tucson (ix),2012,DIESEL
현대,Hyundai,투싼(ix),Tucson (ix),2012,GASOLINE
현대,Hyundai,투싼(ix),Tucson (ix),2012,HEV
현대,Hyundai,투싼(ix),Tucson (ix),2013,DIESEL
현대,Hyundai,투싼(ix),Tucson (ix),2013,GASOLINE
현대,Hyundai,투싼(ix),Tucson (ix),2013,HEV
현대,Hyundai,투싼(ix),Tucson (ix),2014,DIESEL
현대,Hyundai,투싼(ix),Tucson (ix),2014,GASOLINE
현대,Hyundai,투싼(ix),Tucson (ix),2014,HEV
현대,Hyundai,투싼(ix),Tucson (ix),2015,DIESEL
현대,Hyundai,투싼(ix),Tucson (ix),2015,GASOLINE
현대,Hyundai,투싼(ix),Tucson (ix),2015,HEV
현대,Hyundai,투싼(ix),Tucson (ix),2016,DIESEL
현대,Hyundai,투싼(ix),Tucson (ix),2016,GASOLINE
현대,Hyundai,투싼(ix),Tucson (ix),2016,HEV
현대,Hyundai,투싼(ix),Tucson (ix),2017,DIESEL
현대,Hyundai,투싼(ix),Tucson (ix),2017,GASOLINE
현대,Hyundai,투싼(ix),Tucson (ix),2017,HEV
현대,Hyundai,투싼(ix),Tucson (ix),2018,DIESEL
현대,Hyundai,투싼(ix),Tucson (ix),2018,GASOLINE
현대,Hyundai,투싼(ix),Tucson (ix),2018,HEV
현대,Hyundai,투싼(ix),Tucson (ix),2019,DIESEL
현대,Hyundai,투싼(ix),Tucson (ix),2019,GASOLINE
현대,Hyundai,투싼(ix),Tucson (ix),2019,HEV
현대,Hyundai,투싼(ix),Tucson (ix),2020,DIESEL
현대,Hyundai,투싼(ix),Tucson (ix),2020,GASOLINE
현대,Hyundai,투싼(ix),Tucson (ix),2020,HEV
현대,Hyundai,투싼(ix),Tucson (ix),2021,DIESEL
현대,Hyundai,투싼(ix),Tucson (ix),2021,GASOLINE
현대,Hyundai,투싼(ix),Tucson (ix),2021,HEV
현대,Hyundai,투싼(ix),Tucson (ix),2022,DIESEL
현대,Hyundai,투싼(ix),Tucson (ix),2022,GASOLINE
현대,Hyundai,투싼(ix),Tucson (ix),2022,HEV
현대,Hyundai,투싼(ix),Tucson (ix),2023,DIESEL
현대,Hyundai,투싼(ix),Tucson (ix),2023,GASOLINE
현대,Hyundai,투싼(ix),Tucson (ix),2023,HEV
현대,Hyundai,투싼(ix),Tucson (ix),2024,DIESEL
현대,Hyundai,투싼(ix),Tucson (ix),2024,GASOLINE
현대,Hyundai,투싼(ix),Tucson (ix),2024,HEV
현대,Hyundai,투싼(ix),Tucson (ix),2025,DIESEL
현대,Hyundai,투싼(ix),Tucson (ix),2025,GASOLINE
현대,Hyundai,투싼(ix),Tucson (ix),2025,HEV
현대,Hyundai,투싼(ix),Tucson (ix),2026,DIESEL
현대,Hyundai,투싼(ix),Tucson (ix),2026,GASOLINE
현대,Hyundai,투싼(ix),Tucson (ix),2026,HEV
현대,Hyundai,투싼(TL),Tucson (TL),2010,DIESEL
현대,Hyundai,투싼(TL),Tucson (TL),2010,GASOLINE
현대,Hyundai,투싼(TL),Tucson (TL),2010,HEV
현대,Hyundai,투싼(TL),Tucson (TL),2011,DIESEL
현대,Hyundai,투싼(TL),Tucson (TL),2011,GASOLINE
현대,Hyundai,투싼(TL),Tucson (TL),2011,HEV
현대,Hyundai,투싼(TL),Tucson (TL),2012,DIESEL
현대,Hyundai,투싼(TL),Tucson (TL),2012,GASOLINE
현대,Hyundai,투싼(TL),Tucson (TL),2012,HEV
현대,Hyundai,투싼(TL),Tucson (TL),2013,DIESEL
현대,Hyundai,투싼(TL),Tucson (TL),2013,GASOLINE
현대,Hyundai,투싼(TL),Tucson (TL),2013,HEV
현대,Hyundai,투싼(TL),Tucson (TL),2014,DIESEL
현대,Hyundai,투싼(TL),Tucson (TL),2014,GASOLINE
현대,Hyundai,투싼(TL),Tucson (TL),2014,HEV
현대,Hyundai,투싼(TL),Tucson (TL),2015,DIESEL
현대,Hyundai,투싼(TL),Tucson (TL),2015,GASOLINE
현대,Hyundai,투싼(TL),Tucson (TL),2015,HEV
현대,Hyundai,투싼(TL),Tucson (TL),2016,DIESEL
현대,Hyundai,투싼(TL),Tucson (TL),2016,GASOLINE
현대,Hyundai,투싼(TL),Tucson (TL),2016,HEV
현대,Hyundai,투싼(TL),Tucson (TL),2017,DIESEL
현대,Hyundai,투싼(TL),Tucson (TL),2017,GASOLINE
현대,Hyundai,투싼(TL),Tucson (TL),2017,HEV
현대,Hyundai,투싼(TL),Tucson (TL),2018,DIESEL
현대,Hyundai,투싼(TL),Tucson (TL),2018,GASOLINE
현대,Hyundai,투싼(TL),Tucson (TL),2018,HEV
현대,Hyundai,투싼(TL),Tucson (TL),2019,DIESEL
현대,Hyundai,투싼(TL),Tucson (TL),2019,GASOLINE
현대,Hyundai,투싼(TL),Tucson (TL),2019,HEV
현대,Hyundai,투싼(TL),Tucson (TL),2020,DIESEL
현대,Hyundai,투싼(TL),Tucson (TL),2020,GASOLINE
현대,Hyundai,투싼(TL),Tucson (TL),2020,HEV
현대,Hyundai,투싼(TL),Tucson (TL),2021,DIESEL
현대,Hyundai,투싼(TL),Tucson (TL),2021,GASOLINE
현대,Hyundai,투싼(TL),Tucson (TL),2021,HEV
현대,Hyundai,투싼(TL),Tucson (TL),2022,DIESEL
현대,Hyundai,투싼(TL),Tucson (TL),2022,GASOLINE
현대,Hyundai,투싼(TL),Tucson (TL),2022,HEV
현대,Hyundai,투싼(TL),Tucson (TL),2023,DIESEL
현대,Hyundai,투싼(TL),Tucson (TL),2023,GASOLINE
현대,Hyundai,투싼(TL),Tucson (TL),2023,HEV
현대,Hyundai,투싼(TL),Tucson (TL),2024,DIESEL
현대,Hyundai,투싼(TL),Tucson (TL),2024,GASOLINE
현대,Hyundai,투싼(TL),Tucson (TL),2024,HEV
현대,Hyundai,투싼(TL),Tucson (TL),2025,DIESEL
현대,Hyundai,투싼(TL),Tucson (TL),2025,GASOLINE
현대,Hyundai,투싼(TL),Tucson (TL),2025,HEV
현대,Hyundai,투싼(TL),Tucson (TL),2026,DIESEL
현대,Hyundai,투싼(TL),Tucson (TL),2026,GASOLINE
현대,Hyundai,투싼(TL),Tucson (TL),2026,HEV
현대,Hyundai,투싼(NX4),Tucson (NX4),2010,DIESEL
현대,Hyundai,투싼(NX4),Tucson (NX4),2010,GASOLINE
현대,Hyundai,투싼(NX4),Tucson (NX4),2010,HEV
현대,Hyundai,투싼(NX4),Tucson (NX4),2011,DIESEL
현대,Hyundai,투싼(NX4),Tucson (NX4),2011,GASOLINE
현대,Hyundai,투싼(NX4),Tucson (NX4),2011,HEV
현대,Hyundai,투싼(NX4),Tucson (NX4),2012,DIESEL
현대,Hyundai,투싼(NX4),Tucson (NX4),2012,GASOLINE
현대,Hyundai,투싼(NX4),Tucson (NX4),2012,HEV
현대,Hyundai,투싼(NX4),Tucson (NX4),2013,DIESEL
현대,Hyundai,투싼(NX4),Tucson (NX4),2013,GASOLINE
현대,Hyundai,투싼(NX4),Tucson (NX4),2013,HEV
현대,Hyundai,투싼(NX4),Tucson (NX4),2014,DIESEL
현대,Hyundai,투싼(NX4),Tucson (NX4),2014,GASOLINE
현대,Hyundai,투싼(NX4),Tucson (NX4),2014,HEV
현대,Hyundai,투싼(NX4),Tucson (NX4),2015,DIESEL
현대,Hyundai,투싼(NX4),Tucson (NX4),2015,GASOLINE
현대,Hyundai,투싼(NX4),Tucson (NX4),2015,HEV
현대,Hyundai,투싼(NX4),Tucson (NX4),2016,DIESEL
현대,Hyundai,투싼(NX4),Tucson (NX4),2016,GASOLINE
현대,Hyundai,투싼(NX4),Tucson (NX4),2016,HEV
현대,Hyundai,투싼(NX4),Tucson (NX4),2017,DIESEL
현대,Hyundai,투싼(NX4),Tucson (NX4),2017,GASOLINE
현대,Hyundai,투싼(NX4),Tucson (NX4),2017,HEV
현대,Hyundai,투싼(NX4),Tucson (NX4),2018,DIESEL
현대,Hyundai,투싼(NX4),Tucson (NX4),2018,GASOLINE
현대,Hyundai,투싼(NX4),Tucson (NX4),2018,HEV
현대,Hyundai,투싼(NX4),Tucson (NX4),2019,DIESEL
현대,Hyundai,투싼(NX4),Tucson (NX4),2019,GASOLINE
현대,Hyundai,투싼(NX4),Tucson (NX4),2019,HEV
현대,Hyundai,투싼(NX4),Tucson (NX4),2020,DIESEL
현대,Hyundai,투싼(NX4),Tucson (NX4),2020,GASOLINE
현대,Hyundai,투싼(NX4),Tucson (NX4),2020,HEV
현대,Hyundai,투싼(NX4),Tucson (NX4),2021,DIESEL
현대,Hyundai,투싼(NX4),Tucson (NX4),2021,GASOLINE
현대,Hyundai,투싼(NX4),Tucson (NX4),2021,HEV
현대,Hyundai,투싼(NX4),Tucson (NX4),2022,DIESEL
현대,Hyundai,투싼(NX4),Tucson (NX4),2022,GASOLINE
현대,Hyundai,투싼(NX4),Tucson (NX4),2022,HEV
현대,Hyundai,투싼(NX4),Tucson (NX4),2023,DIESEL
현대,Hyundai,투싼(NX4),Tucson (NX4),2023,GASOLINE
현대,Hyundai,투싼(NX4),Tucson (NX4),2023,HEV
현대,Hyundai,투싼(NX4),Tucson (NX4),2024,DIESEL
현대,Hyundai,투싼(NX4),Tucson (NX4),2024,GASOLINE
현대,Hyundai,투싼(NX4),Tucson (NX4),2024,HEV
현대,Hyundai,투싼(NX4),Tucson (NX4),2025,DIESEL
현대,Hyundai,투싼(NX4),Tucson (NX4),2025,GASOLINE
현대,Hyundai,투싼(NX4),Tucson (NX4),2025,HEV
현대,Hyundai,투싼(NX4),Tucson (NX4),2026,DIESEL
현대,Hyundai,투싼(NX4),Tucson (NX4),2026,GASOLINE
현대,Hyundai,투싼(NX4),Tucson (NX4),2026,HEV
현대,Hyundai,싼타페(DM),Santa Fe (DM),2010,DIESEL
현대,Hyundai,싼타페(DM),Santa Fe (DM),2010,GASOLINE
현대,Hyundai,싼타페(DM),Santa Fe (DM),2010,HEV
현대,Hyundai,싼타페(DM),Santa Fe (DM),2011,DIESEL
현대,Hyundai,싼타페(DM),Santa Fe (DM),2011,GASOLINE
현대,Hyundai,싼타페(DM),Santa Fe (DM),2011,HEV
현대,Hyundai,싼타페(DM),Santa Fe (DM),2012,DIESEL
현대,Hyundai,싼타페(DM),Santa Fe (DM),2012,GASOLINE
현대,Hyundai,싼타페(DM),Santa Fe (DM),2012,HEV
현대,Hyundai,싼타페(DM),Santa Fe (DM),2013,DIESEL
현대,Hyundai,싼타페(DM),Santa Fe (DM),2013,GASOLINE
현대,Hyundai,싼타페(DM),Santa Fe (DM),2013,HEV
현대,Hyundai,싼타페(DM),Santa Fe (DM),2014,DIESEL
현대,Hyundai,싼타페(DM),Santa Fe (DM),2014,GASOLINE
현대,Hyundai,싼타페(DM),Santa Fe (DM),2014,HEV
현대,Hyundai,싼타페(DM),Santa Fe (DM),2015,DIESEL
현대,Hyundai,싼타페(DM),Santa Fe (DM),2015,GASOLINE
현대,Hyundai,싼타페(DM),Santa Fe (DM),2015,HEV
현대,Hyundai,싼타페(DM),Santa Fe (DM),2016,DIESEL
현대,Hyundai,싼타페(DM),Santa Fe (DM),2016,GASOLINE
현대,Hyundai,싼타페(DM),Santa Fe (DM),2016,HEV
현대,Hyundai,싼타페(DM),Santa Fe (DM),2017,DIESEL
현대,Hyundai,싼타페(DM),Santa Fe (DM),2017,GASOLINE
현대,Hyundai,싼타페(DM),Santa Fe (DM),2017,HEV
현대,Hyundai,싼타페(DM),Santa Fe (DM),2018,DIESEL
현대,Hyundai,싼타페(DM),Santa Fe (DM),2018,GASOLINE
현대,Hyundai,싼타페(DM),Santa Fe (DM),2018,HEV
현대,Hyundai,싼타페(DM),Santa Fe (DM),2019,DIESEL
현대,Hyundai,싼타페(DM),Santa Fe (DM),2019,GASOLINE
현대,Hyundai,싼타페(DM),Santa Fe (DM),2019,HEV
현대,Hyundai,싼타페(DM),Santa Fe (DM),2020,DIESEL
현대,Hyundai,싼타페(DM),Santa Fe (DM),2020,GASOLINE
현대,Hyundai,싼타페(DM),Santa Fe (DM),2020,HEV
현대,Hyundai,싼타페(DM),Santa Fe (DM),2021,DIESEL
현대,Hyundai,싼타페(DM),Santa Fe (DM),2021,GASOLINE
현대,Hyundai,싼타페(DM),Santa Fe (DM),2021,HEV
현대,Hyundai,싼타페(DM),Santa Fe (DM),2022,DIESEL
현대,Hyundai,싼타페(DM),Santa Fe (DM),2022,GASOLINE
현대,Hyundai,싼타페(DM),Santa Fe (DM),2022,HEV
현대,Hyundai,싼타페(DM),Santa Fe (DM),2023,DIESEL
현대,Hyundai,싼타페(DM),Santa Fe (DM),2023,GASOLINE
현대,Hyundai,싼타페(DM),Santa Fe (DM),2023,HEV
현대,Hyundai,싼타페(DM),Santa Fe (DM),2024,DIESEL
현대,Hyundai,싼타페(DM),Santa Fe (DM),2024,GASOLINE
현대,Hyundai,싼타페(DM),Santa Fe (DM),2024,HEV
현대,Hyundai,싼타페(DM),Santa Fe (DM),2025,DIESEL
현대,Hyundai,싼타페(DM),Santa Fe (DM),2025,GASOLINE
현대,Hyundai,싼타페(DM),Santa Fe (DM),2025,HEV
현대,Hyundai,싼타페(DM),Santa Fe (DM),2026,DIESEL
현대,Hyundai,싼타페(DM),Santa Fe (DM),2026,GASOLINE
현대,Hyundai,싼타페(DM),Santa Fe (DM),2026,HEV
현대,Hyundai,싼타페(TM),Santa Fe (TM),2010,DIESEL
현대,Hyundai,싼타페(TM),Santa Fe (TM),2010,GASOLINE
현대,Hyundai,싼타페(TM),Santa Fe (TM),2010,HEV
현대,Hyundai,싼타페(TM),Santa Fe (TM),2011,DIESEL
현대,Hyundai,싼타페(TM),Santa Fe (TM),2011,GASOLINE
현대,Hyundai,싼타페(TM),Santa Fe (TM),2011,HEV
현대,Hyundai,싼타페(TM),Santa Fe (TM),2012,DIESEL
현대,Hyundai,싼타페(TM),Santa Fe (TM),2012,GASOLINE
현대,Hyundai,싼타페(TM),Santa Fe (TM),2012,HEV
현대,Hyundai,싼타페(TM),Santa Fe (TM),2013,DIESEL
현대,Hyundai,싼타페(TM),Santa Fe (TM),2013,GASOLINE
현대,Hyundai,싼타페(TM),Santa Fe (TM),2013,HEV
현대,Hyundai,싼타페(TM),Santa Fe (TM),2014,DIESEL
현대,Hyundai,싼타페(TM),Santa Fe (TM),2014,GASOLINE
현대,Hyundai,싼타페(TM),Santa Fe (TM),2014,HEV
현대,Hyundai,싼타페(TM),Santa Fe (TM),2015,DIESEL
현대,Hyundai,싼타페(TM),Santa Fe (TM),2015,GASOLINE
현대,Hyundai,싼타페(TM),Santa Fe (TM),2015,HEV
현대,Hyundai,싼타페(TM),Santa Fe (TM),2016,DIESEL
현대,Hyundai,싼타페(TM),Santa Fe (TM),2016,GASOLINE
현대,Hyundai,싼타페(TM),Santa Fe (TM),2016,HEV
현대,Hyundai,싼타페(TM),Santa Fe (TM),2017,DIESEL
현대,Hyundai,싼타페(TM),Santa Fe (TM),2017,GASOLINE
현대,Hyundai,싼타페(TM),Santa Fe (TM),2017,HEV
현대,Hyundai,싼타페(TM),Santa Fe (TM),2018,DIESEL
현대,Hyundai,싼타페(TM),Santa Fe (TM),2018,GASOLINE
현대,Hyundai,싼타페(TM),Santa Fe (TM),2018,HEV
현대,Hyundai,싼타페(TM),Santa Fe (TM),2019,DIESEL
현대,Hyundai,싼타페(TM),Santa Fe (TM),2019,GASOLINE
현대,Hyundai,싼타페(TM),Santa Fe (TM),2019,HEV
현대,Hyundai,싼타페(TM),Santa Fe (TM),2020,DIESEL
현대,Hyundai,싼타페(TM),Santa Fe (TM),2020,GASOLINE
현대,Hyundai,싼타페(TM),Santa Fe (TM),2020,HEV
현대,Hyundai,싼타페(TM),Santa Fe (TM),2021,DIESEL
현대,Hyundai,싼타페(TM),Santa Fe (TM),2021,GASOLINE
현대,Hyundai,싼타페(TM),Santa Fe (TM),2021,HEV
현대,Hyundai,싼타페(TM),Santa Fe (TM),2022,DIESEL
현대,Hyundai,싼타페(TM),Santa Fe (TM),2022,GASOLINE
현대,Hyundai,싼타페(TM),Santa Fe (TM),2022,HEV
현대,Hyundai,싼타페(TM),Santa Fe (TM),2023,DIESEL
현대,Hyundai,싼타페(TM),Santa Fe (TM),2023,GASOLINE
현대,Hyundai,싼타페(TM),Santa Fe (TM),2023,HEV
현대,Hyundai,싼타페(TM),Santa Fe (TM),2024,DIESEL
현대,Hyundai,싼타페(TM),Santa Fe (TM),2024,GASOLINE
현대,Hyundai,싼타페(TM),Santa Fe (TM),2024,HEV
현대,Hyundai,싼타페(TM),Santa Fe (TM),2025,DIESEL
현대,Hyundai,싼타페(TM),Santa Fe (TM),2025,GASOLINE
현대,Hyundai,싼타페(TM),Santa Fe (TM),2025,HEV
현대,Hyundai,싼타페(TM),Santa Fe (TM),2026,DIESEL
현대,Hyundai,싼타페(TM),Santa Fe (TM),2026,GASOLINE
현대,Hyundai,싼타페(TM),Santa Fe (TM),2026,HEV
현대,Hyundai,싼타페(MX5),Santa Fe (MX5),2010,DIESEL
현대,Hyundai,싼타페(MX5),Santa Fe (MX5),2010,GASOLINE
현대,Hyundai,싼타페(MX5),Santa Fe (MX5),2010,HEV
현대,Hyundai,싼타페(MX5),Santa Fe (MX5),2011,DIESEL
현대,Hyundai,싼타페(MX5),Santa Fe (MX5),2011,GASOLINE
현대,Hyundai,싼타페(MX5),Santa Fe (MX5),2011,HEV
현대,Hyundai,싼타페(MX5),Santa Fe (MX5),2012,DIESEL
현대,Hyundai,싼타페(MX5),Santa Fe (MX5),2012,GASOLINE
현대,Hyundai,싼타페(MX5),Santa Fe (MX5),2012,HEV
현대,Hyundai,싼타페(MX5),Santa Fe (MX5),2013,DIESEL
현대,Hyundai,싼타페(MX5),Santa Fe (MX5),2013,GASOLINE
현대,Hyundai,싼타페(MX5),Santa Fe (MX5),2013,HEV
현대,Hyundai,싼타페(MX5),Santa Fe (MX5),2014,DIESEL
현대,Hyundai,싼타페(MX5),Santa Fe (MX5),2014,GASOLINE
현대,Hyundai,싼타페(MX5),Santa Fe (MX5),2014,HEV
현대,Hyundai,싼타페(MX5),Santa Fe (MX5),2015,DIESEL
현대,Hyundai,싼타페(MX5),Santa Fe (MX5),2015,GASOLINE
현대,Hyundai,싼타페(MX5),Santa Fe (MX5),2015,HEV
현대,Hyundai,싼타페(MX5),Santa Fe (MX5),2016,DIESEL
현대,Hyundai,싼타페(MX5),Santa Fe (MX5),2016,GASOLINE
현대,Hyundai,싼타페(MX5),Santa Fe (MX5),2016,HEV
현대,Hyundai,싼타페(MX5),Santa Fe (MX5),2017,DIESEL
현대,Hyundai,싼타페(MX5),Santa Fe (MX5),2017,GASOLINE
현대,Hyundai,싼타페(MX5),Santa Fe (MX5),2017,HEV
현대,Hyundai,싼타페(MX5),Santa Fe (MX5),2018,DIESEL
현대,Hyundai,싼타페(MX5),Santa Fe (MX5),2018,GASOLINE
현대,Hyundai,싼타페(MX5),Santa Fe (MX5),2018,HEV
현대,Hyundai,싼타페(MX5),Santa Fe (MX5),2019,DIESEL
현대,Hyundai,싼타페(MX5),Santa Fe (MX5),2019,GASOLINE
현대,Hyundai,싼타페(MX5),Santa Fe (MX5),2019,HEV
현대,Hyundai,싼타페(MX5),Santa Fe (MX5),2020,DIESEL
현대,Hyundai,싼타페(MX5),Santa Fe (MX5),2020,GASOLINE
현대,Hyundai,싼타페(MX5),Santa Fe (MX5),2020,HEV
현대,Hyundai,싼타페(MX5),Santa Fe (MX5),2021,DIESEL
현대,Hyundai,싼타페(MX5),Santa Fe (MX5),2021,GASOLINE
현대,Hyundai,싼타페(MX5),Santa Fe (MX5),2021,HEV
현대,Hyundai,싼타페(MX5),Santa Fe (MX5),2022,DIESEL
현대,Hyundai,싼타페(MX5),Santa Fe (MX5),2022,GASOLINE
현대,Hyundai,싼타페(MX5),Santa Fe (MX5),2022,HEV
현대,Hyundai,싼타페(MX5),Santa Fe (MX5),2023,DIESEL
현대,Hyundai,싼타페(MX5),Santa Fe (MX5),2023,GASOLINE
현대,Hyundai,싼타페(MX5),Santa Fe (MX5),2023,HEV
현대,Hyundai,싼타페(MX5),Santa Fe (MX5),2024,DIESEL
현대,Hyundai,싼타페(MX5),Santa Fe (MX5),2024,GASOLINE
현대,Hyundai,싼타페(MX5),Santa Fe (MX5),2024,HEV
현대,Hyundai,싼타페(MX5),Santa Fe (MX5),2025,DIESEL
현대,Hyundai,싼타페(MX5),Santa Fe (MX5),2025,GASOLINE
현대,Hyundai,싼타페(MX5),Santa Fe (MX5),2025,HEV
현대,Hyundai,싼타페(MX5),Santa Fe (MX5),2026,DIESEL
현대,Hyundai,싼타페(MX5),Santa Fe (MX5),2026,GASOLINE
현대,Hyundai,싼타페(MX5),Santa Fe (MX5),2026,HEV
현대,Hyundai,팰리세이드,Palisade,2010,DIESEL
현대,Hyundai,팰리세이드,Palisade,2010,GASOLINE
현대,Hyundai,팰리세이드,Palisade,2011,DIESEL
현대,Hyundai,팰리세이드,Palisade,2011,GASOLINE
현대,Hyundai,팰리세이드,Palisade,2012,DIESEL
현대,Hyundai,팰리세이드,Palisade,2012,GASOLINE
현대,Hyundai,팰리세이드,Palisade,2013,DIESEL
현대,Hyundai,팰리세이드,Palisade,2013,GASOLINE
현대,Hyundai,팰리세이드,Palisade,2014,DIESEL
현대,Hyundai,팰리세이드,Palisade,2014,GASOLINE
현대,Hyundai,팰리세이드,Palisade,2015,DIESEL
현대,Hyundai,팰리세이드,Palisade,2015,GASOLINE
현대,Hyundai,팰리세이드,Palisade,2016,DIESEL
현대,Hyundai,팰리세이드,Palisade,2016,GASOLINE
현대,Hyundai,팰리세이드,Palisade,2017,DIESEL
현대,Hyundai,팰리세이드,Palisade,2017,GASOLINE
현대,Hyundai,팰리세이드,Palisade,2018,DIESEL
현대,Hyundai,팰리세이드,Palisade,2018,GASOLINE
현대,Hyundai,팰리세이드,Palisade,2019,DIESEL
현대,Hyundai,팰리세이드,Palisade,2019,GASOLINE
현대,Hyundai,팰리세이드,Palisade,2020,DIESEL
현대,Hyundai,팰리세이드,Palisade,2020,GASOLINE
현대,Hyundai,팰리세이드,Palisade,2021,DIESEL
현대,Hyundai,팰리세이드,Palisade,2021,GASOLINE
현대,Hyundai,팰리세이드,Palisade,2022,DIESEL
현대,Hyundai,팰리세이드,Palisade,2022,GASOLINE
현대,Hyundai,팰리세이드,Palisade,2023,DIESEL
현대,Hyundai,팰리세이드,Palisade,2023,GASOLINE
현대,Hyundai,팰리세이드,Palisade,2024,DIESEL
현대,Hyundai,팰리세이드,Palisade,2024,GASOLINE
현대,Hyundai,팰리세이드,Palisade,2025,DIESEL
현대,Hyundai,팰리세이드,Palisade,2025,GASOLINE
현대,Hyundai,팰리세이드,Palisade,2026,DIESEL
현대,Hyundai,팰리세이드,Palisade,2026,GASOLINE
현대,Hyundai,코나(OS),Kona (OS),2010,GASOLINE
현대,Hyundai,코나(OS),Kona (OS),2010,DIESEL
현대,Hyundai,코나(OS),Kona (OS),2010,HEV
현대,Hyundai,코나(OS),Kona (OS),2011,GASOLINE
현대,Hyundai,코나(OS),Kona (OS),2011,DIESEL
현대,Hyundai,코나(OS),Kona (OS),2011,HEV
현대,Hyundai,코나(OS),Kona (OS),2012,GASOLINE
현대,Hyundai,코나(OS),Kona (OS),2012,DIESEL
현대,Hyundai,코나(OS),Kona (OS),2012,HEV
현대,Hyundai,코나(OS),Kona (OS),2013,GASOLINE
현대,Hyundai,코나(OS),Kona (OS),2013,DIESEL
현대,Hyundai,코나(OS),Kona (OS),2013,HEV
현대,Hyundai,코나(OS),Kona (OS),2014,GASOLINE
현대,Hyundai,코나(OS),Kona (OS),2014,DIESEL
현대,Hyundai,코나(OS),Kona (OS),2014,HEV
현대,Hyundai,코나(OS),Kona (OS),2014,EV
현대,Hyundai,코나(OS),Kona (OS),2015,GASOLINE
현대,Hyundai,코나(OS),Kona (OS),2015,DIESEL
현대,Hyundai,코나(OS),Kona (OS),2015,HEV
현대,Hyundai,코나(OS),Kona (OS),2015,EV
현대,Hyundai,코나(OS),Kona (OS),2016,GASOLINE
현대,Hyundai,코나(OS),Kona (OS),2016,DIESEL
현대,Hyundai,코나(OS),Kona (OS),2016,HEV
현대,Hyundai,코나(OS),Kona (OS),2016,EV
현대,Hyundai,코나(OS),Kona (OS),2017,GASOLINE
현대,Hyundai,코나(OS),Kona (OS),2017,DIESEL
현대,Hyundai,코나(OS),Kona (OS),2017,HEV
현대,Hyundai,코나(OS),Kona (OS),2017,EV
현대,Hyundai,코나(OS),Kona (OS),2018,GASOLINE
현대,Hyundai,코나(OS),Kona (OS),2018,DIESEL
현대,Hyundai,코나(OS),Kona (OS),2018,HEV
현대,Hyundai,코나(OS),Kona (OS),2018,EV
현대,Hyundai,코나(OS),Kona (OS),2019,GASOLINE
현대,Hyundai,코나(OS),Kona (OS),2019,DIESEL
현대,Hyundai,코나(OS),Kona (OS),2019,HEV
현대,Hyundai,코나(OS),Kona (OS),2019,EV
현대,Hyundai,코나(OS),Kona (OS),2020,GASOLINE
현대,Hyundai,코나(OS),Kona (OS),2020,DIESEL
현대,Hyundai,코나(OS),Kona (OS),2020,HEV
현대,Hyundai,코나(OS),Kona (OS),2020,EV
현대,Hyundai,코나(OS),Kona (OS),2021,GASOLINE
현대,Hyundai,코나(OS),Kona (OS),2021,DIESEL
현대,Hyundai,코나(OS),Kona (OS),2021,HEV
현대,Hyundai,코나(OS),Kona (OS),2021,EV
현대,Hyundai,코나(OS),Kona (OS),2022,GASOLINE
현대,Hyundai,코나(OS),Kona (OS),2022,DIESEL
현대,Hyundai,코나(OS),Kona (OS),2022,HEV
현대,Hyundai,코나(OS),Kona (OS),2022,EV
현대,Hyundai,코나(OS),Kona (OS),2023,GASOLINE
현대,Hyundai,코나(OS),Kona (OS),2023,DIESEL
현대,Hyundai,코나(OS),Kona (OS),2023,HEV
현대,Hyundai,코나(OS),Kona (OS),2023,EV
현대,Hyundai,코나(OS),Kona (OS),2024,GASOLINE
현대,Hyundai,코나(OS),Kona (OS),2024,DIESEL
현대,Hyundai,코나(OS),Kona (OS),2024,HEV
현대,Hyundai,코나(OS),Kona (OS),2024,EV
현대,Hyundai,코나(OS),Kona (OS),2025,GASOLINE
현대,Hyundai,코나(OS),Kona (OS),2025,DIESEL
현대,Hyundai,코나(OS),Kona (OS),2025,HEV
현대,Hyundai,코나(OS),Kona (OS),2025,EV
현대,Hyundai,코나(OS),Kona (OS),2026,GASOLINE
현대,Hyundai,코나(OS),Kona (OS),2026,DIESEL
현대,Hyundai,코나(OS),Kona (OS),2026,HEV
현대,Hyundai,코나(OS),Kona (OS),2026,EV
현대,Hyundai,코나(SX2),Kona (SX2),2010,GASOLINE
현대,Hyundai,코나(SX2),Kona (SX2),2010,DIESEL
현대,Hyundai,코나(SX2),Kona (SX2),2010,HEV
현대,Hyundai,코나(SX2),Kona (SX2),2011,GASOLINE
현대,Hyundai,코나(SX2),Kona (SX2),2011,DIESEL
현대,Hyundai,코나(SX2),Kona (SX2),2011,HEV
현대,Hyundai,코나(SX2),Kona (SX2),2012,GASOLINE
현대,Hyundai,코나(SX2),Kona (SX2),2012,DIESEL
현대,Hyundai,코나(SX2),Kona (SX2),2012,HEV
현대,Hyundai,코나(SX2),Kona (SX2),2013,GASOLINE
현대,Hyundai,코나(SX2),Kona (SX2),2013,DIESEL
현대,Hyundai,코나(SX2),Kona (SX2),2013,HEV
현대,Hyundai,코나(SX2),Kona (SX2),2014,GASOLINE
현대,Hyundai,코나(SX2),Kona (SX2),2014,DIESEL
현대,Hyundai,코나(SX2),Kona (SX2),2014,HEV
현대,Hyundai,코나(SX2),Kona (SX2),2014,EV
현대,Hyundai,코나(SX2),Kona (SX2),2015,GASOLINE
현대,Hyundai,코나(SX2),Kona (SX2),2015,DIESEL
현대,Hyundai,코나(SX2),Kona (SX2),2015,HEV
현대,Hyundai,코나(SX2),Kona (SX2),2015,EV
현대,Hyundai,코나(SX2),Kona (SX2),2016,GASOLINE
현대,Hyundai,코나(SX2),Kona (SX2),2016,DIESEL
현대,Hyundai,코나(SX2),Kona (SX2),2016,HEV
현대,Hyundai,코나(SX2),Kona (SX2),2016,EV
현대,Hyundai,코나(SX2),Kona (SX2),2017,GASOLINE
현대,Hyundai,코나(SX2),Kona (SX2),2017,DIESEL
현대,Hyundai,코나(SX2),Kona (SX2),2017,HEV
현대,Hyundai,코나(SX2),Kona (SX2),2017,EV
현대,Hyundai,코나(SX2),Kona (SX2),2018,GASOLINE
현대,Hyundai,코나(SX2),Kona (SX2),2018,DIESEL
현대,Hyundai,코나(SX2),Kona (SX2),2018,HEV
현대,Hyundai,코나(SX2),Kona (SX2),2018,EV
현대,Hyundai,코나(SX2),Kona (SX2),2019,GASOLINE
현대,Hyundai,코나(SX2),Kona (SX2),2019,DIESEL
현대,Hyundai,코나(SX2),Kona (SX2),2019,HEV
현대,Hyundai,코나(SX2),Kona (SX2),2019,EV
현대,Hyundai,코나(SX2),Kona (SX2),2020,GASOLINE
현대,Hyundai,코나(SX2),Kona (SX2),2020,DIESEL
현대,Hyundai,코나(SX2),Kona (SX2),2020,HEV
현대,Hyundai,코나(SX2),Kona (SX2),2020,EV
현대,Hyundai,코나(SX2),Kona (SX2),2021,GASOLINE
현대,Hyundai,코나(SX2),Kona (SX2),2021,DIESEL
현대,Hyundai,코나(SX2),Kona (SX2),2021,HEV
현대,Hyundai,코나(SX2),Kona (SX2),2021,EV
현대,Hyundai,코나(SX2),Kona (SX2),2022,GASOLINE
현대,Hyundai,코나(SX2),Kona (SX2),2022,DIESEL
현대,Hyundai,코나(SX2),Kona (SX2),2022,HEV
현대,Hyundai,코나(SX2),Kona (SX2),2022,EV
현대,Hyundai,코나(SX2),Kona (SX2),2023,GASOLINE
현대,Hyundai,코나(SX2),Kona (SX2),2023,DIESEL
현대,Hyundai,코나(SX2),Kona (SX2),2023,HEV
현대,Hyundai,코나(SX2),Kona (SX2),2023,EV
현대,Hyundai,코나(SX2),Kona (SX2),2024,GASOLINE
현대,Hyundai,코나(SX2),Kona (SX2),2024,DIESEL
현대,Hyundai,코나(SX2),Kona (SX2),2024,HEV
현대,Hyundai,코나(SX2),Kona (SX2),2024,EV
현대,Hyundai,코나(SX2),Kona (SX2),2025,GASOLINE
현대,Hyundai,코나(SX2),Kona (SX2),2025,DIESEL
현대,Hyundai,코나(SX2),Kona (SX2),2025,HEV
현대,Hyundai,코나(SX2),Kona (SX2),2025,EV
현대,Hyundai,코나(SX2),Kona (SX2),2026,GASOLINE
현대,Hyundai,코나(SX2),Kona (SX2),2026,DIESEL
현대,Hyundai,코나(SX2),Kona (SX2),2026,HEV
현대,Hyundai,코나(SX2),Kona (SX2),2026,EV
현대,Hyundai,아이오닉5,Ioniq 5,2014,EV
현대,Hyundai,아이오닉5,Ioniq 5,2015,EV
현대,Hyundai,아이오닉5,Ioniq 5,2016,EV
현대,Hyundai,아이오닉5,Ioniq 5,2017,EV
현대,Hyundai,아이오닉5,Ioniq 5,2018,EV
현대,Hyundai,아이오닉5,Ioniq 5,2019,EV
현대,Hyundai,아이오닉5,Ioniq 5,2020,EV
현대,Hyundai,아이오닉5,Ioniq 5,2021,EV
현대,Hyundai,아이오닉5,Ioniq 5,2022,EV
현대,Hyundai,아이오닉5,Ioniq 5,2023,EV
현대,Hyundai,아이오닉5,Ioniq 5,2024,EV
현대,Hyundai,아이오닉5,Ioniq 5,2025,EV
현대,Hyundai,아이오닉5,Ioniq 5,2026,EV
현대,Hyundai,아이오닉6,Ioniq 6,2014,EV
현대,Hyundai,아이오닉6,Ioniq 6,2015,EV
현대,Hyundai,아이오닉6,Ioniq 6,2016,EV
현대,Hyundai,아이오닉6,Ioniq 6,2017,EV
현대,Hyundai,아이오닉6,Ioniq 6,2018,EV
현대,Hyundai,아이오닉6,Ioniq 6,2019,EV
현대,Hyundai,아이오닉6,Ioniq 6,2020,EV
현대,Hyundai,아이오닉6,Ioniq 6,2021,EV
현대,Hyundai,아이오닉6,Ioniq 6,2022,EV
현대,Hyundai,아이오닉6,Ioniq 6,2023,EV
현대,Hyundai,아이오닉6,Ioniq 6,2024,EV
현대,Hyundai,아이오닉6,Ioniq 6,2025,EV
현대,Hyundai,아이오닉6,Ioniq 6,2026,EV
현대,Hyundai,스타리아,Staria,2010,DIESEL
현대,Hyundai,스타리아,Staria,2010,LPG
현대,Hyundai,스타리아,Staria,2010,HEV
현대,Hyundai,스타리아,Staria,2011,DIESEL
현대,Hyundai,스타리아,Staria,2011,LPG
현대,Hyundai,스타리아,Staria,2011,HEV
현대,Hyundai,스타리아,Staria,2012,DIESEL
현대,Hyundai,스타리아,Staria,2012,LPG
현대,Hyundai,스타리아,Staria,2012,HEV
현대,Hyundai,스타리아,Staria,2013,DIESEL
현대,Hyundai,스타리아,Staria,2013,LPG
현대,Hyundai,스타리아,Staria,2013,HEV
현대,Hyundai,스타리아,Staria,2014,DIESEL
현대,Hyundai,스타리아,Staria,2014,LPG
현대,Hyundai,스타리아,Staria,2014,HEV
현대,Hyundai,스타리아,Staria,2015,DIESEL
현대,Hyundai,스타리아,Staria,2015,LPG
현대,Hyundai,스타리아,Staria,2015,HEV
현대,Hyundai,스타리아,Staria,2016,DIESEL
현대,Hyundai,스타리아,Staria,2016,LPG
현대,Hyundai,스타리아,Staria,2016,HEV
현대,Hyundai,스타리아,Staria,2017,DIESEL
현대,Hyundai,스타리아,Staria,2017,LPG
현대,Hyundai,스타리아,Staria,2017,HEV
현대,Hyundai,스타리아,Staria,2018,DIESEL
현대,Hyundai,스타리아,Staria,2018,LPG
현대,Hyundai,스타리아,Staria,2018,HEV
현대,Hyundai,스타리아,Staria,2019,DIESEL
현대,Hyundai,스타리아,Staria,2019,LPG
현대,Hyundai,스타리아,Staria,2019,HEV
현대,Hyundai,스타리아,Staria,2020,DIESEL
현대,Hyundai,스타리아,Staria,2020,LPG
현대,Hyundai,스타리아,Staria,2020,HEV
현대,Hyundai,스타리아,Staria,2021,DIESEL
현대,Hyundai,스타리아,Staria,2021,LPG
현대,Hyundai,스타리아,Staria,2021,HEV
현대,Hyundai,스타리아,Staria,2022,DIESEL
현대,Hyundai,스타리아,Staria,2022,LPG
현대,Hyundai,스타리아,Staria,2022,HEV
현대,Hyundai,스타리아,Staria,2023,DIESEL
현대,Hyundai,스타리아,Staria,2023,LPG
현대,Hyundai,스타리아,Staria,2023,HEV
현대,Hyundai,스타리아,Staria,2024,DIESEL
현대,Hyundai,스타리아,Staria,2024,LPG
현대,Hyundai,스타리아,Staria,2024,HEV
현대,Hyundai,스타리아,Staria,2025,DIESEL
현대,Hyundai,스타리아,Staria,2025,LPG
현대,Hyundai,스타리아,Staria,2025,HEV
현대,Hyundai,스타리아,Staria,2026,DIESEL
현대,Hyundai,스타리아,Staria,2026,LPG
현대,Hyundai,스타리아,Staria,2026,HEV
현대,Hyundai,캐스퍼,Casper,2010,GASOLINE
현대,Hyundai,캐스퍼,Casper,2011,GASOLINE
현대,Hyundai,캐스퍼,Casper,2012,GASOLINE
현대,Hyundai,캐스퍼,Casper,2013,GASOLINE
현대,Hyundai,캐스퍼,Casper,2014,GASOLINE
현대,Hyundai,캐스퍼,Casper,2015,GASOLINE
현대,Hyundai,캐스퍼,Casper,2016,GASOLINE
현대,Hyundai,캐스퍼,Casper,2017,GASOLINE
현대,Hyundai,캐스퍼,Casper,2018,GASOLINE
현대,Hyundai,캐스퍼,Casper,2019,GASOLINE
현대,Hyundai,캐스퍼,Casper,2020,GASOLINE
현대,Hyundai,캐스퍼,Casper,2021,GASOLINE
현대,Hyundai,캐스퍼,Casper,2022,GASOLINE
현대,Hyundai,캐스퍼,Casper,2023,GASOLINE
현대,Hyundai,캐스퍼,Casper,2024,GASOLINE
현대,Hyundai,캐스퍼,Casper,2025,GASOLINE
현대,Hyundai,캐스퍼,Casper,2026,GASOLINE
기아,Kia,Forte/K3(YD),Forte/K3 (YD),2010,GASOLINE
기아,Kia,Forte/K3(YD),Forte/K3 (YD),2010,DIESEL
기아,Kia,Forte/K3(YD),Forte/K3 (YD),2011,GASOLINE
기아,Kia,Forte/K3(YD),Forte/K3 (YD),2011,DIESEL
기아,Kia,Forte/K3(YD),Forte/K3 (YD),2012,GASOLINE
기아,Kia,Forte/K3(YD),Forte/K3 (YD),2012,DIESEL
기아,Kia,Forte/K3(YD),Forte/K3 (YD),2013,GASOLINE
기아,Kia,Forte/K3(YD),Forte/K3 (YD),2013,DIESEL
기아,Kia,Forte/K3(YD),Forte/K3 (YD),2014,GASOLINE
기아,Kia,Forte/K3(YD),Forte/K3 (YD),2014,DIESEL
기아,Kia,Forte/K3(YD),Forte/K3 (YD),2015,GASOLINE
기아,Kia,Forte/K3(YD),Forte/K3 (YD),2015,DIESEL
기아,Kia,Forte/K3(YD),Forte/K3 (YD),2016,GASOLINE
기아,Kia,Forte/K3(YD),Forte/K3 (YD),2016,DIESEL
기아,Kia,Forte/K3(YD),Forte/K3 (YD),2017,GASOLINE
기아,Kia,Forte/K3(YD),Forte/K3 (YD),2017,DIESEL
기아,Kia,Forte/K3(YD),Forte/K3 (YD),2018,GASOLINE
기아,Kia,Forte/K3(YD),Forte/K3 (YD),2018,DIESEL
기아,Kia,Forte/K3(YD),Forte/K3 (YD),2019,GASOLINE
기아,Kia,Forte/K3(YD),Forte/K3 (YD),2019,DIESEL
기아,Kia,Forte/K3(YD),Forte/K3 (YD),2020,GASOLINE
기아,Kia,Forte/K3(YD),Forte/K3 (YD),2020,DIESEL
기아,Kia,Forte/K3(YD),Forte/K3 (YD),2021,GASOLINE
기아,Kia,Forte/K3(YD),Forte/K3 (YD),2021,DIESEL
기아,Kia,Forte/K3(YD),Forte/K3 (YD),2022,GASOLINE
기아,Kia,Forte/K3(YD),Forte/K3 (YD),2022,DIESEL
기아,Kia,Forte/K3(YD),Forte/K3 (YD),2023,GASOLINE
기아,Kia,Forte/K3(YD),Forte/K3 (YD),2023,DIESEL
기아,Kia,Forte/K3(YD),Forte/K3 (YD),2024,GASOLINE
기아,Kia,Forte/K3(YD),Forte/K3 (YD),2024,DIESEL
기아,Kia,Forte/K3(YD),Forte/K3 (YD),2025,GASOLINE
기아,Kia,Forte/K3(YD),Forte/K3 (YD),2025,DIESEL
기아,Kia,Forte/K3(YD),Forte/K3 (YD),2026,GASOLINE
기아,Kia,Forte/K3(YD),Forte/K3 (YD),2026,DIESEL
기아,Kia,Forte/K3(BD),Forte/K3 (BD),2010,GASOLINE
기아,Kia,Forte/K3(BD),Forte/K3 (BD),2010,DIESEL
기아,Kia,Forte/K3(BD),Forte/K3 (BD),2011,GASOLINE
기아,Kia,Forte/K3(BD),Forte/K3 (BD),2011,DIESEL
기아,Kia,Forte/K3(BD),Forte/K3 (BD),2012,GASOLINE
기아,Kia,Forte/K3(BD),Forte/K3 (BD),2012,DIESEL
기아,Kia,Forte/K3(BD),Forte/K3 (BD),2013,GASOLINE
기아,Kia,Forte/K3(BD),Forte/K3 (BD),2013,DIESEL
기아,Kia,Forte/K3(BD),Forte/K3 (BD),2014,GASOLINE
기아,Kia,Forte/K3(BD),Forte/K3 (BD),2014,DIESEL
기아,Kia,Forte/K3(BD),Forte/K3 (BD),2015,GASOLINE
기아,Kia,Forte/K3(BD),Forte/K3 (BD),2015,DIESEL
기아,Kia,Forte/K3(BD),Forte/K3 (BD),2016,GASOLINE
기아,Kia,Forte/K3(BD),Forte/K3 (BD),2016,DIESEL
기아,Kia,Forte/K3(BD),Forte/K3 (BD),2017,GASOLINE
기아,Kia,Forte/K3(BD),Forte/K3 (BD),2017,DIESEL
기아,Kia,Forte/K3(BD),Forte/K3 (BD),2018,GASOLINE
기아,Kia,Forte/K3(BD),Forte/K3 (BD),2018,DIESEL
기아,Kia,Forte/K3(BD),Forte/K3 (BD),2019,GASOLINE
기아,Kia,Forte/K3(BD),Forte/K3 (BD),2019,DIESEL
기아,Kia,Forte/K3(BD),Forte/K3 (BD),2020,GASOLINE
기아,Kia,Forte/K3(BD),Forte/K3 (BD),2020,DIESEL
기아,Kia,Forte/K3(BD),Forte/K3 (BD),2021,GASOLINE
기아,Kia,Forte/K3(BD),Forte/K3 (BD),2021,DIESEL
기아,Kia,Forte/K3(BD),Forte/K3 (BD),2022,GASOLINE
기아,Kia,Forte/K3(BD),Forte/K3 (BD),2022,DIESEL
기아,Kia,Forte/K3(BD),Forte/K3 (BD),2023,GASOLINE
기아,Kia,Forte/K3(BD),Forte/K3 (BD),2023,DIESEL
기아,Kia,Forte/K3(BD),Forte/K3 (BD),2024,GASOLINE
기아,Kia,Forte/K3(BD),Forte/K3 (BD),2024,DIESEL
기아,Kia,Forte/K3(BD),Forte/K3 (BD),2025,GASOLINE
기아,Kia,Forte/K3(BD),Forte/K3 (BD),2025,DIESEL
기아,Kia,Forte/K3(BD),Forte/K3 (BD),2026,GASOLINE
기아,Kia,Forte/K3(BD),Forte/K3 (BD),2026,DIESEL
기아,Kia,Optima/K5(TF),Optima/K5 (TF),2010,GASOLINE
기아,Kia,Optima/K5(TF),Optima/K5 (TF),2010,LPG
기아,Kia,Optima/K5(TF),Optima/K5 (TF),2010,DIESEL
기아,Kia,Optima/K5(TF),Optima/K5 (TF),2010,HEV
기아,Kia,Optima/K5(TF),Optima/K5 (TF),2011,GASOLINE
기아,Kia,Optima/K5(TF),Optima/K5 (TF),2011,LPG
기아,Kia,Optima/K5(TF),Optima/K5 (TF),2011,DIESEL
기아,Kia,Optima/K5(TF),Optima/K5 (TF),2011,HEV
기아,Kia,Optima/K5(TF),Optima/K5 (TF),2012,GASOLINE
기아,Kia,Optima/K5(TF),Optima/K5 (TF),2012,LPG
기아,Kia,Optima/K5(TF),Optima/K5 (TF),2012,DIESEL
기아,Kia,Optima/K5(TF),Optima/K5 (TF),2012,HEV
기아,Kia,Optima/K5(TF),Optima/K5 (TF),2013,GASOLINE
기아,Kia,Optima/K5(TF),Optima/K5 (TF),2013,LPG
기아,Kia,Optima/K5(TF),Optima/K5 (TF),2013,DIESEL
기아,Kia,Optima/K5(TF),Optima/K5 (TF),2013,HEV
기아,Kia,Optima/K5(TF),Optima/K5 (TF),2014,GASOLINE
기아,Kia,Optima/K5(TF),Optima/K5 (TF),2014,LPG
기아,Kia,Optima/K5(TF),Optima/K5 (TF),2014,DIESEL
기아,Kia,Optima/K5(TF),Optima/K5 (TF),2014,HEV
기아,Kia,Optima/K5(TF),Optima/K5 (TF),2015,GASOLINE
기아,Kia,Optima/K5(TF),Optima/K5 (TF),2015,LPG
기아,Kia,Optima/K5(TF),Optima/K5 (TF),2015,DIESEL
기아,Kia,Optima/K5(TF),Optima/K5 (TF),2015,HEV
기아,Kia,Optima/K5(TF),Optima/K5 (TF),2016,GASOLINE
기아,Kia,Optima/K5(TF),Optima/K5 (TF),2016,LPG
기아,Kia,Optima/K5(TF),Optima/K5 (TF),2016,DIESEL
기아,Kia,Optima/K5(TF),Optima/K5 (TF),2016,HEV
기아,Kia,Optima/K5(TF),Optima/K5 (TF),2017,GASOLINE
기아,Kia,Optima/K5(TF),Optima/K5 (TF),2017,LPG
기아,Kia,Optima/K5(TF),Optima/K5 (TF),2017,DIESEL
기아,Kia,Optima/K5(TF),Optima/K5 (TF),2017,HEV
기아,Kia,Optima/K5(TF),Optima/K5 (TF),2018,GASOLINE
기아,Kia,Optima/K5(TF),Optima/K5 (TF),2018,LPG
기아,Kia,Optima/K5(TF),Optima/K5 (TF),2018,DIESEL
기아,Kia,Optima/K5(TF),Optima/K5 (TF),2018,HEV
기아,Kia,Optima/K5(TF),Optima/K5 (TF),2019,GASOLINE
기아,Kia,Optima/K5(TF),Optima/K5 (TF),2019,LPG
기아,Kia,Optima/K5(TF),Optima/K5 (TF),2019,DIESEL
기아,Kia,Optima/K5(TF),Optima/K5 (TF),2019,HEV
기아,Kia,Optima/K5(TF),Optima/K5 (TF),2020,GASOLINE
기아,Kia,Optima/K5(TF),Optima/K5 (TF),2020,LPG
기아,Kia,Optima/K5(TF),Optima/K5 (TF),2020,DIESEL
기아,Kia,Optima/K5(TF),Optima/K5 (TF),2020,HEV
기아,Kia,Optima/K5(TF),Optima/K5 (TF),2021,GASOLINE
기아,Kia,Optima/K5(TF),Optima/K5 (TF),2021,LPG
기아,Kia,Optima/K5(TF),Optima/K5 (TF),2021,DIESEL
기아,Kia,Optima/K5(TF),Optima/K5 (TF),2021,HEV
기아,Kia,Optima/K5(TF),Optima/K5 (TF),2022,GASOLINE
기아,Kia,Optima/K5(TF),Optima/K5 (TF),2022,LPG
기아,Kia,Optima/K5(TF),Optima/K5 (TF),2022,DIESEL
기아,Kia,Optima/K5(TF),Optima/K5 (TF),2022,HEV
기아,Kia,Optima/K5(TF),Optima/K5 (TF),2023,GASOLINE
기아,Kia,Optima/K5(TF),Optima/K5 (TF),2023,LPG
기아,Kia,Optima/K5(TF),Optima/K5 (TF),2023,DIESEL
기아,Kia,Optima/K5(TF),Optima/K5 (TF),2023,HEV
기아,Kia,Optima/K5(TF),Optima/K5 (TF),2024,GASOLINE
기아,Kia,Optima/K5(TF),Optima/K5 (TF),2024,LPG
기아,Kia,Optima/K5(TF),Optima/K5 (TF),2024,DIESEL
기아,Kia,Optima/K5(TF),Optima/K5 (TF),2024,HEV
기아,Kia,Optima/K5(TF),Optima/K5 (TF),2025,GASOLINE
기아,Kia,Optima/K5(TF),Optima/K5 (TF),2025,LPG
기아,Kia,Optima/K5(TF),Optima/K5 (TF),2025,DIESEL
기아,Kia,Optima/K5(TF),Optima/K5 (TF),2025,HEV
기아,Kia,Optima/K5(TF),Optima/K5 (TF),2026,GASOLINE
기아,Kia,Optima/K5(TF),Optima/K5 (TF),2026,LPG
기아,Kia,Optima/K5(TF),Optima/K5 (TF),2026,DIESEL
기아,Kia,Optima/K5(TF),Optima/K5 (TF),2026,HEV
기아,Kia,Optima/K5(JF),Optima/K5 (JF),2010,GASOLINE
기아,Kia,Optima/K5(JF),Optima/K5 (JF),2010,LPG
기아,Kia,Optima/K5(JF),Optima/K5 (JF),2010,DIESEL
기아,Kia,Optima/K5(JF),Optima/K5 (JF),2010,HEV
기아,Kia,Optima/K5(JF),Optima/K5 (JF),2011,GASOLINE
기아,Kia,Optima/K5(JF),Optima/K5 (JF),2011,LPG
기아,Kia,Optima/K5(JF),Optima/K5 (JF),2011,DIESEL
기아,Kia,Optima/K5(JF),Optima/K5 (JF),2011,HEV
기아,Kia,Optima/K5(JF),Optima/K5 (JF),2012,GASOLINE
기아,Kia,Optima/K5(JF),Optima/K5 (JF),2012,LPG
기아,Kia,Optima/K5(JF),Optima/K5 (JF),2012,DIESEL
기아,Kia,Optima/K5(JF),Optima/K5 (JF),2012,HEV
기아,Kia,Optima/K5(JF),Optima/K5 (JF),2013,GASOLINE
기아,Kia,Optima/K5(JF),Optima/K5 (JF),2013,LPG
기아,Kia,Optima/K5(JF),Optima/K5 (JF),2013,DIESEL
기아,Kia,Optima/K5(JF),Optima/K5 (JF),2013,HEV
기아,Kia,Optima/K5(JF),Optima/K5 (JF),2014,GASOLINE
기아,Kia,Optima/K5(JF),Optima/K5 (JF),2014,LPG
기아,Kia,Optima/K5(JF),Optima/K5 (JF),2014,DIESEL
기아,Kia,Optima/K5(JF),Optima/K5 (JF),2014,HEV
기아,Kia,Optima/K5(JF),Optima/K5 (JF),2015,GASOLINE
기아,Kia,Optima/K5(JF),Optima/K5 (JF),2015,LPG
기아,Kia,Optima/K5(JF),Optima/K5 (JF),2015,DIESEL
기아,Kia,Optima/K5(JF),Optima/K5 (JF),2015,HEV
기아,Kia,Optima/K5(JF),Optima/K5 (JF),2016,GASOLINE
기아,Kia,Optima/K5(JF),Optima/K5 (JF),2016,LPG
기아,Kia,Optima/K5(JF),Optima/K5 (JF),2016,DIESEL
기아,Kia,Optima/K5(JF),Optima/K5 (JF),2016,HEV
기아,Kia,Optima/K5(JF),Optima/K5 (JF),2017,GASOLINE
기아,Kia,Optima/K5(JF),Optima/K5 (JF),2017,LPG
기아,Kia,Optima/K5(JF),Optima/K5 (JF),2017,DIESEL
기아,Kia,Optima/K5(JF),Optima/K5 (JF),2017,HEV
기아,Kia,Optima/K5(JF),Optima/K5 (JF),2018,GASOLINE
기아,Kia,Optima/K5(JF),Optima/K5 (JF),2018,LPG
기아,Kia,Optima/K5(JF),Optima/K5 (JF),2018,DIESEL
기아,Kia,Optima/K5(JF),Optima/K5 (JF),2018,HEV
기아,Kia,Optima/K5(JF),Optima/K5 (JF),2019,GASOLINE
기아,Kia,Optima/K5(JF),Optima/K5 (JF),2019,LPG
기아,Kia,Optima/K5(JF),Optima/K5 (JF),2019,DIESEL
기아,Kia,Optima/K5(JF),Optima/K5 (JF),2019,HEV
기아,Kia,Optima/K5(JF),Optima/K5 (JF),2020,GASOLINE
기아,Kia,Optima/K5(JF),Optima/K5 (JF),2020,LPG
기아,Kia,Optima/K5(JF),Optima/K5 (JF),2020,DIESEL
기아,Kia,Optima/K5(JF),Optima/K5 (JF),2020,HEV
기아,Kia,Optima/K5(JF),Optima/K5 (JF),2021,GASOLINE
기아,Kia,Optima/K5(JF),Optima/K5 (JF),2021,LPG
기아,Kia,Optima/K5(JF),Optima/K5 (JF),2021,DIESEL
기아,Kia,Optima/K5(JF),Optima/K5 (JF),2021,HEV
기아,Kia,Optima/K5(JF),Optima/K5 (JF),2022,GASOLINE
기아,Kia,Optima/K5(JF),Optima/K5 (JF),2022,LPG
기아,Kia,Optima/K5(JF),Optima/K5 (JF),2022,DIESEL
기아,Kia,Optima/K5(JF),Optima/K5 (JF),2022,HEV
기아,Kia,Optima/K5(JF),Optima/K5 (JF),2023,GASOLINE
기아,Kia,Optima/K5(JF),Optima/K5 (JF),2023,LPG
기아,Kia,Optima/K5(JF),Optima/K5 (JF),2023,DIESEL
기아,Kia,Optima/K5(JF),Optima/K5 (JF),2023,HEV
기아,Kia,Optima/K5(JF),Optima/K5 (JF),2024,GASOLINE
기아,Kia,Optima/K5(JF),Optima/K5 (JF),2024,LPG
기아,Kia,Optima/K5(JF),Optima/K5 (JF),2024,DIESEL
기아,Kia,Optima/K5(JF),Optima/K5 (JF),2024,HEV
기아,Kia,Optima/K5(JF),Optima/K5 (JF),2025,GASOLINE
기아,Kia,Optima/K5(JF),Optima/K5 (JF),2025,LPG
기아,Kia,Optima/K5(JF),Optima/K5 (JF),2025,DIESEL
기아,Kia,Optima/K5(JF),Optima/K5 (JF),2025,HEV
기아,Kia,Optima/K5(JF),Optima/K5 (JF),2026,GASOLINE
기아,Kia,Optima/K5(JF),Optima/K5 (JF),2026,LPG
기아,Kia,Optima/K5(JF),Optima/K5 (JF),2026,DIESEL
기아,Kia,Optima/K5(JF),Optima/K5 (JF),2026,HEV
기아,Kia,K5(DL3),K5 (DL3),2010,GASOLINE
기아,Kia,K5(DL3),K5 (DL3),2010,LPG
기아,Kia,K5(DL3),K5 (DL3),2010,DIESEL
기아,Kia,K5(DL3),K5 (DL3),2010,HEV
기아,Kia,K5(DL3),K5 (DL3),2011,GASOLINE
기아,Kia,K5(DL3),K5 (DL3),2011,LPG
기아,Kia,K5(DL3),K5 (DL3),2011,DIESEL
기아,Kia,K5(DL3),K5 (DL3),2011,HEV
기아,Kia,K5(DL3),K5 (DL3),2012,GASOLINE
기아,Kia,K5(DL3),K5 (DL3),2012,LPG
기아,Kia,K5(DL3),K5 (DL3),2012,DIESEL
기아,Kia,K5(DL3),K5 (DL3),2012,HEV
기아,Kia,K5(DL3),K5 (DL3),2013,GASOLINE
기아,Kia,K5(DL3),K5 (DL3),2013,LPG
기아,Kia,K5(DL3),K5 (DL3),2013,DIESEL
기아,Kia,K5(DL3),K5 (DL3),2013,HEV
기아,Kia,K5(DL3),K5 (DL3),2014,GASOLINE
기아,Kia,K5(DL3),K5 (DL3),2014,LPG
기아,Kia,K5(DL3),K5 (DL3),2014,DIESEL
기아,Kia,K5(DL3),K5 (DL3),2014,HEV
기아,Kia,K5(DL3),K5 (DL3),2015,GASOLINE
기아,Kia,K5(DL3),K5 (DL3),2015,LPG
기아,Kia,K5(DL3),K5 (DL3),2015,DIESEL
기아,Kia,K5(DL3),K5 (DL3),2015,HEV
기아,Kia,K5(DL3),K5 (DL3),2016,GASOLINE
기아,Kia,K5(DL3),K5 (DL3),2016,LPG
기아,Kia,K5(DL3),K5 (DL3),2016,DIESEL
기아,Kia,K5(DL3),K5 (DL3),2016,HEV
기아,Kia,K5(DL3),K5 (DL3),2017,GASOLINE
기아,Kia,K5(DL3),K5 (DL3),2017,LPG
기아,Kia,K5(DL3),K5 (DL3),2017,DIESEL
기아,Kia,K5(DL3),K5 (DL3),2017,HEV
기아,Kia,K5(DL3),K5 (DL3),2018,GASOLINE
기아,Kia,K5(DL3),K5 (DL3),2018,LPG
기아,Kia,K5(DL3),K5 (DL3),2018,DIESEL
기아,Kia,K5(DL3),K5 (DL3),2018,HEV
기아,Kia,K5(DL3),K5 (DL3),2019,GASOLINE
기아,Kia,K5(DL3),K5 (DL3),2019,LPG
기아,Kia,K5(DL3),K5 (DL3),2019,DIESEL
기아,Kia,K5(DL3),K5 (DL3),2019,HEV
기아,Kia,K5(DL3),K5 (DL3),2020,GASOLINE
기아,Kia,K5(DL3),K5 (DL3),2020,LPG
기아,Kia,K5(DL3),K5 (DL3),2020,DIESEL
기아,Kia,K5(DL3),K5 (DL3),2020,HEV
기아,Kia,K5(DL3),K5 (DL3),2021,GASOLINE
기아,Kia,K5(DL3),K5 (DL3),2021,LPG
기아,Kia,K5(DL3),K5 (DL3),2021,DIESEL
기아,Kia,K5(DL3),K5 (DL3),2021,HEV
기아,Kia,K5(DL3),K5 (DL3),2022,GASOLINE
기아,Kia,K5(DL3),K5 (DL3),2022,LPG
기아,Kia,K5(DL3),K5 (DL3),2022,DIESEL
기아,Kia,K5(DL3),K5 (DL3),2022,HEV
기아,Kia,K5(DL3),K5 (DL3),2023,GASOLINE
기아,Kia,K5(DL3),K5 (DL3),2023,LPG
기아,Kia,K5(DL3),K5 (DL3),2023,DIESEL
기아,Kia,K5(DL3),K5 (DL3),2023,HEV
기아,Kia,K5(DL3),K5 (DL3),2024,GASOLINE
기아,Kia,K5(DL3),K5 (DL3),2024,LPG
기아,Kia,K5(DL3),K5 (DL3),2024,DIESEL
기아,Kia,K5(DL3),K5 (DL3),2024,HEV
기아,Kia,K5(DL3),K5 (DL3),2025,GASOLINE
기아,Kia,K5(DL3),K5 (DL3),2025,LPG
기아,Kia,K5(DL3),K5 (DL3),2025,DIESEL
기아,Kia,K5(DL3),K5 (DL3),2025,HEV
기아,Kia,K5(DL3),K5 (DL3),2026,GASOLINE
기아,Kia,K5(DL3),K5 (DL3),2026,LPG
기아,Kia,K5(DL3),K5 (DL3),2026,DIESEL
기아,Kia,K5(DL3),K5 (DL3),2026,HEV
기아,Kia,Cadenza/K7(VG),Cadenza/K7 (VG),2010,GASOLINE
기아,Kia,Cadenza/K7(VG),Cadenza/K7 (VG),2010,LPG
기아,Kia,Cadenza/K7(VG),Cadenza/K7 (VG),2010,DIESEL
기아,Kia,Cadenza/K7(VG),Cadenza/K7 (VG),2010,HEV
기아,Kia,Cadenza/K7(VG),Cadenza/K7 (VG),2011,GASOLINE
기아,Kia,Cadenza/K7(VG),Cadenza/K7 (VG),2011,LPG
기아,Kia,Cadenza/K7(VG),Cadenza/K7 (VG),2011,DIESEL
기아,Kia,Cadenza/K7(VG),Cadenza/K7 (VG),2011,HEV
기아,Kia,Cadenza/K7(VG),Cadenza/K7 (VG),2012,GASOLINE
기아,Kia,Cadenza/K7(VG),Cadenza/K7 (VG),2012,LPG
기아,Kia,Cadenza/K7(VG),Cadenza/K7 (VG),2012,DIESEL
기아,Kia,Cadenza/K7(VG),Cadenza/K7 (VG),2012,HEV
기아,Kia,Cadenza/K7(VG),Cadenza/K7 (VG),2013,GASOLINE
기아,Kia,Cadenza/K7(VG),Cadenza/K7 (VG),2013,LPG
기아,Kia,Cadenza/K7(VG),Cadenza/K7 (VG),2013,DIESEL
기아,Kia,Cadenza/K7(VG),Cadenza/K7 (VG),2013,HEV
기아,Kia,Cadenza/K7(VG),Cadenza/K7 (VG),2014,GASOLINE
기아,Kia,Cadenza/K7(VG),Cadenza/K7 (VG),2014,LPG
기아,Kia,Cadenza/K7(VG),Cadenza/K7 (VG),2014,DIESEL
기아,Kia,Cadenza/K7(VG),Cadenza/K7 (VG),2014,HEV
기아,Kia,Cadenza/K7(VG),Cadenza/K7 (VG),2015,GASOLINE
기아,Kia,Cadenza/K7(VG),Cadenza/K7 (VG),2015,LPG
기아,Kia,Cadenza/K7(VG),Cadenza/K7 (VG),2015,DIESEL
기아,Kia,Cadenza/K7(VG),Cadenza/K7 (VG),2015,HEV
기아,Kia,Cadenza/K7(VG),Cadenza/K7 (VG),2016,GASOLINE
기아,Kia,Cadenza/K7(VG),Cadenza/K7 (VG),2016,LPG
기아,Kia,Cadenza/K7(VG),Cadenza/K7 (VG),2016,DIESEL
기아,Kia,Cadenza/K7(VG),Cadenza/K7 (VG),2016,HEV
기아,Kia,Cadenza/K7(VG),Cadenza/K7 (VG),2017,GASOLINE
기아,Kia,Cadenza/K7(VG),Cadenza/K7 (VG),2017,LPG
기아,Kia,Cadenza/K7(VG),Cadenza/K7 (VG),2017,DIESEL
기아,Kia,Cadenza/K7(VG),Cadenza/K7 (VG),2017,HEV
기아,Kia,Cadenza/K7(VG),Cadenza/K7 (VG),2018,GASOLINE
기아,Kia,Cadenza/K7(VG),Cadenza/K7 (VG),2018,LPG
기아,Kia,Cadenza/K7(VG),Cadenza/K7 (VG),2018,DIESEL
기아,Kia,Cadenza/K7(VG),Cadenza/K7 (VG),2018,HEV
기아,Kia,Cadenza/K7(VG),Cadenza/K7 (VG),2019,GASOLINE
기아,Kia,Cadenza/K7(VG),Cadenza/K7 (VG),2019,LPG
기아,Kia,Cadenza/K7(VG),Cadenza/K7 (VG),2019,DIESEL
기아,Kia,Cadenza/K7(VG),Cadenza/K7 (VG),2019,HEV
기아,Kia,Cadenza/K7(VG),Cadenza/K7 (VG),2020,GASOLINE
기아,Kia,Cadenza/K7(VG),Cadenza/K7 (VG),2020,LPG
기아,Kia,Cadenza/K7(VG),Cadenza/K7 (VG),2020,DIESEL
기아,Kia,Cadenza/K7(VG),Cadenza/K7 (VG),2020,HEV
기아,Kia,Cadenza/K7(VG),Cadenza/K7 (VG),2021,GASOLINE
기아,Kia,Cadenza/K7(VG),Cadenza/K7 (VG),2021,LPG
기아,Kia,Cadenza/K7(VG),Cadenza/K7 (VG),2021,DIESEL
기아,Kia,Cadenza/K7(VG),Cadenza/K7 (VG),2021,HEV
기아,Kia,Cadenza/K7(VG),Cadenza/K7 (VG),2022,GASOLINE
기아,Kia,Cadenza/K7(VG),Cadenza/K7 (VG),2022,LPG
기아,Kia,Cadenza/K7(VG),Cadenza/K7 (VG),2022,DIESEL
기아,Kia,Cadenza/K7(VG),Cadenza/K7 (VG),2022,HEV
기아,Kia,Cadenza/K7(VG),Cadenza/K7 (VG),2023,GASOLINE
기아,Kia,Cadenza/K7(VG),Cadenza/K7 (VG),2023,LPG
기아,Kia,Cadenza/K7(VG),Cadenza/K7 (VG),2023,DIESEL
기아,Kia,Cadenza/K7(VG),Cadenza/K7 (VG),2023,HEV
기아,Kia,Cadenza/K7(VG),Cadenza/K7 (VG),2024,GASOLINE
기아,Kia,Cadenza/K7(VG),Cadenza/K7 (VG),2024,LPG
기아,Kia,Cadenza/K7(VG),Cadenza/K7 (VG),2024,DIESEL
기아,Kia,Cadenza/K7(VG),Cadenza/K7 (VG),2024,HEV
기아,Kia,Cadenza/K7(VG),Cadenza/K7 (VG),2025,GASOLINE
기아,Kia,Cadenza/K7(VG),Cadenza/K7 (VG),2025,LPG
기아,Kia,Cadenza/K7(VG),Cadenza/K7 (VG),2025,DIESEL
기아,Kia,Cadenza/K7(VG),Cadenza/K7 (VG),2025,HEV
기아,Kia,Cadenza/K7(VG),Cadenza/K7 (VG),2026,GASOLINE
기아,Kia,Cadenza/K7(VG),Cadenza/K7 (VG),2026,LPG
기아,Kia,Cadenza/K7(VG),Cadenza/K7 (VG),2026,DIESEL
기아,Kia,Cadenza/K7(VG),Cadenza/K7 (VG),2026,HEV
기아,Kia,Cadenza/K7(YG),Cadenza/K7 (YG),2010,GASOLINE
기아,Kia,Cadenza/K7(YG),Cadenza/K7 (YG),2010,LPG
기아,Kia,Cadenza/K7(YG),Cadenza/K7 (YG),2010,DIESEL
기아,Kia,Cadenza/K7(YG),Cadenza/K7 (YG),2010,HEV
기아,Kia,Cadenza/K7(YG),Cadenza/K7 (YG),2011,GASOLINE
기아,Kia,Cadenza/K7(YG),Cadenza/K7 (YG),2011,LPG
기아,Kia,Cadenza/K7(YG),Cadenza/K7 (YG),2011,DIESEL
기아,Kia,Cadenza/K7(YG),Cadenza/K7 (YG),2011,HEV
기아,Kia,Cadenza/K7(YG),Cadenza/K7 (YG),2012,GASOLINE
기아,Kia,Cadenza/K7(YG),Cadenza/K7 (YG),2012,LPG
기아,Kia,Cadenza/K7(YG),Cadenza/K7 (YG),2012,DIESEL
기아,Kia,Cadenza/K7(YG),Cadenza/K7 (YG),2012,HEV
기아,Kia,Cadenza/K7(YG),Cadenza/K7 (YG),2013,GASOLINE
기아,Kia,Cadenza/K7(YG),Cadenza/K7 (YG),2013,LPG
기아,Kia,Cadenza/K7(YG),Cadenza/K7 (YG),2013,DIESEL
기아,Kia,Cadenza/K7(YG),Cadenza/K7 (YG),2013,HEV
기아,Kia,Cadenza/K7(YG),Cadenza/K7 (YG),2014,GASOLINE
기아,Kia,Cadenza/K7(YG),Cadenza/K7 (YG),2014,LPG
기아,Kia,Cadenza/K7(YG),Cadenza/K7 (YG),2014,DIESEL
기아,Kia,Cadenza/K7(YG),Cadenza/K7 (YG),2014,HEV
기아,Kia,Cadenza/K7(YG),Cadenza/K7 (YG),2015,GASOLINE
기아,Kia,Cadenza/K7(YG),Cadenza/K7 (YG),2015,LPG
기아,Kia,Cadenza/K7(YG),Cadenza/K7 (YG),2015,DIESEL
기아,Kia,Cadenza/K7(YG),Cadenza/K7 (YG),2015,HEV
기아,Kia,Cadenza/K7(YG),Cadenza/K7 (YG),2016,GASOLINE
기아,Kia,Cadenza/K7(YG),Cadenza/K7 (YG),2016,LPG
기아,Kia,Cadenza/K7(YG),Cadenza/K7 (YG),2016,DIESEL
기아,Kia,Cadenza/K7(YG),Cadenza/K7 (YG),2016,HEV
기아,Kia,Cadenza/K7(YG),Cadenza/K7 (YG),2017,GASOLINE
기아,Kia,Cadenza/K7(YG),Cadenza/K7 (YG),2017,LPG
기아,Kia,Cadenza/K7(YG),Cadenza/K7 (YG),2017,DIESEL
기아,Kia,Cadenza/K7(YG),Cadenza/K7 (YG),2017,HEV
기아,Kia,Cadenza/K7(YG),Cadenza/K7 (YG),2018,GASOLINE
기아,Kia,Cadenza/K7(YG),Cadenza/K7 (YG),2018,LPG
기아,Kia,Cadenza/K7(YG),Cadenza/K7 (YG),2018,DIESEL
기아,Kia,Cadenza/K7(YG),Cadenza/K7 (YG),2018,HEV
기아,Kia,Cadenza/K7(YG),Cadenza/K7 (YG),2019,GASOLINE
기아,Kia,Cadenza/K7(YG),Cadenza/K7 (YG),2019,LPG
기아,Kia,Cadenza/K7(YG),Cadenza/K7 (YG),2019,DIESEL
기아,Kia,Cadenza/K7(YG),Cadenza/K7 (YG),2019,HEV
기아,Kia,Cadenza/K7(YG),Cadenza/K7 (YG),2020,GASOLINE
기아,Kia,Cadenza/K7(YG),Cadenza/K7 (YG),2020,LPG
기아,Kia,Cadenza/K7(YG),Cadenza/K7 (YG),2020,DIESEL
기아,Kia,Cadenza/K7(YG),Cadenza/K7 (YG),2020,HEV
기아,Kia,Cadenza/K7(YG),Cadenza/K7 (YG),2021,GASOLINE
기아,Kia,Cadenza/K7(YG),Cadenza/K7 (YG),2021,LPG
기아,Kia,Cadenza/K7(YG),Cadenza/K7 (YG),2021,DIESEL
기아,Kia,Cadenza/K7(YG),Cadenza/K7 (YG),2021,HEV
기아,Kia,Cadenza/K7(YG),Cadenza/K7 (YG),2022,GASOLINE
기아,Kia,Cadenza/K7(YG),Cadenza/K7 (YG),2022,LPG
기아,Kia,Cadenza/K7(YG),Cadenza/K7 (YG),2022,DIESEL
기아,Kia,Cadenza/K7(YG),Cadenza/K7 (YG),2022,HEV
기아,Kia,Cadenza/K7(YG),Cadenza/K7 (YG),2023,GASOLINE
기아,Kia,Cadenza/K7(YG),Cadenza/K7 (YG),2023,LPG
기아,Kia,Cadenza/K7(YG),Cadenza/K7 (YG),2023,DIESEL
기아,Kia,Cadenza/K7(YG),Cadenza/K7 (YG),2023,HEV
기아,Kia,Cadenza/K7(YG),Cadenza/K7 (YG),2024,GASOLINE
기아,Kia,Cadenza/K7(YG),Cadenza/K7 (YG),2024,LPG
기아,Kia,Cadenza/K7(YG),Cadenza/K7 (YG),2024,DIESEL
기아,Kia,Cadenza/K7(YG),Cadenza/K7 (YG),2024,HEV
기아,Kia,Cadenza/K7(YG),Cadenza/K7 (YG),2025,GASOLINE
기아,Kia,Cadenza/K7(YG),Cadenza/K7 (YG),2025,LPG
기아,Kia,Cadenza/K7(YG),Cadenza/K7 (YG),2025,DIESEL
기아,Kia,Cadenza/K7(YG),Cadenza/K7 (YG),2025,HEV
기아,Kia,Cadenza/K7(YG),Cadenza/K7 (YG),2026,GASOLINE
기아,Kia,Cadenza/K7(YG),Cadenza/K7 (YG),2026,LPG
기아,Kia,Cadenza/K7(YG),Cadenza/K7 (YG),2026,DIESEL
기아,Kia,Cadenza/K7(YG),Cadenza/K7 (YG),2026,HEV
기아,Kia,K8(GL3),K8 (GL3),2010,GASOLINE
기아,Kia,K8(GL3),K8 (GL3),2010,LPG
기아,Kia,K8(GL3),K8 (GL3),2010,HEV
기아,Kia,K8(GL3),K8 (GL3),2011,GASOLINE
기아,Kia,K8(GL3),K8 (GL3),2011,LPG
기아,Kia,K8(GL3),K8 (GL3),2011,HEV
기아,Kia,K8(GL3),K8 (GL3),2012,GASOLINE
기아,Kia,K8(GL3),K8 (GL3),2012,LPG
기아,Kia,K8(GL3),K8 (GL3),2012,HEV
기아,Kia,K8(GL3),K8 (GL3),2013,GASOLINE
기아,Kia,K8(GL3),K8 (GL3),2013,LPG
기아,Kia,K8(GL3),K8 (GL3),2013,HEV
기아,Kia,K8(GL3),K8 (GL3),2014,GASOLINE
기아,Kia,K8(GL3),K8 (GL3),2014,LPG
기아,Kia,K8(GL3),K8 (GL3),2014,HEV
기아,Kia,K8(GL3),K8 (GL3),2015,GASOLINE
기아,Kia,K8(GL3),K8 (GL3),2015,LPG
기아,Kia,K8(GL3),K8 (GL3),2015,HEV
기아,Kia,K8(GL3),K8 (GL3),2016,GASOLINE
기아,Kia,K8(GL3),K8 (GL3),2016,LPG
기아,Kia,K8(GL3),K8 (GL3),2016,HEV
기아,Kia,K8(GL3),K8 (GL3),2017,GASOLINE
기아,Kia,K8(GL3),K8 (GL3),2017,LPG
기아,Kia,K8(GL3),K8 (GL3),2017,HEV
기아,Kia,K8(GL3),K8 (GL3),2018,GASOLINE
기아,Kia,K8(GL3),K8 (GL3),2018,LPG
기아,Kia,K8(GL3),K8 (GL3),2018,HEV
기아,Kia,K8(GL3),K8 (GL3),2019,GASOLINE
기아,Kia,K8(GL3),K8 (GL3),2019,LPG
기아,Kia,K8(GL3),K8 (GL3),2019,HEV
기아,Kia,K8(GL3),K8 (GL3),2020,GASOLINE
기아,Kia,K8(GL3),K8 (GL3),2020,LPG
기아,Kia,K8(GL3),K8 (GL3),2020,HEV
기아,Kia,K8(GL3),K8 (GL3),2021,GASOLINE
기아,Kia,K8(GL3),K8 (GL3),2021,LPG
기아,Kia,K8(GL3),K8 (GL3),2021,HEV
기아,Kia,K8(GL3),K8 (GL3),2022,GASOLINE
기아,Kia,K8(GL3),K8 (GL3),2022,LPG
기아,Kia,K8(GL3),K8 (GL3),2022,HEV
기아,Kia,K8(GL3),K8 (GL3),2023,GASOLINE
기아,Kia,K8(GL3),K8 (GL3),2023,LPG
기아,Kia,K8(GL3),K8 (GL3),2023,HEV
기아,Kia,K8(GL3),K8 (GL3),2024,GASOLINE
기아,Kia,K8(GL3),K8 (GL3),2024,LPG
기아,Kia,K8(GL3),K8 (GL3),2024,HEV
기아,Kia,K8(GL3),K8 (GL3),2025,GASOLINE
기아,Kia,K8(GL3),K8 (GL3),2025,LPG
기아,Kia,K8(GL3),K8 (GL3),2025,HEV
기아,Kia,K8(GL3),K8 (GL3),2026,GASOLINE
기아,Kia,K8(GL3),K8 (GL3),2026,LPG
기아,Kia,K8(GL3),K8 (GL3),2026,HEV
기아,Kia,스포티지(SL),Sportage (SL),2010,DIESEL
기아,Kia,스포티지(SL),Sportage (SL),2010,GASOLINE
기아,Kia,스포티지(SL),Sportage (SL),2010,HEV
기아,Kia,스포티지(SL),Sportage (SL),2010,LPG
기아,Kia,스포티지(SL),Sportage (SL),2011,DIESEL
기아,Kia,스포티지(SL),Sportage (SL),2011,GASOLINE
기아,Kia,스포티지(SL),Sportage (SL),2011,HEV
기아,Kia,스포티지(SL),Sportage (SL),2011,LPG
기아,Kia,스포티지(SL),Sportage (SL),2012,DIESEL
기아,Kia,스포티지(SL),Sportage (SL),2012,GASOLINE
기아,Kia,스포티지(SL),Sportage (SL),2012,HEV
기아,Kia,스포티지(SL),Sportage (SL),2012,LPG
기아,Kia,스포티지(SL),Sportage (SL),2013,DIESEL
기아,Kia,스포티지(SL),Sportage (SL),2013,GASOLINE
기아,Kia,스포티지(SL),Sportage (SL),2013,HEV
기아,Kia,스포티지(SL),Sportage (SL),2013,LPG
기아,Kia,스포티지(SL),Sportage (SL),2014,DIESEL
기아,Kia,스포티지(SL),Sportage (SL),2014,GASOLINE
기아,Kia,스포티지(SL),Sportage (SL),2014,HEV
기아,Kia,스포티지(SL),Sportage (SL),2014,LPG
기아,Kia,스포티지(SL),Sportage (SL),2015,DIESEL
기아,Kia,스포티지(SL),Sportage (SL),2015,GASOLINE
기아,Kia,스포티지(SL),Sportage (SL),2015,HEV
기아,Kia,스포티지(SL),Sportage (SL),2015,LPG
기아,Kia,스포티지(SL),Sportage (SL),2016,DIESEL
기아,Kia,스포티지(SL),Sportage (SL),2016,GASOLINE
기아,Kia,스포티지(SL),Sportage (SL),2016,HEV
기아,Kia,스포티지(SL),Sportage (SL),2016,LPG
기아,Kia,스포티지(SL),Sportage (SL),2017,DIESEL
기아,Kia,스포티지(SL),Sportage (SL),2017,GASOLINE
기아,Kia,스포티지(SL),Sportage (SL),2017,HEV
기아,Kia,스포티지(SL),Sportage (SL),2017,LPG
기아,Kia,스포티지(SL),Sportage (SL),2018,DIESEL
기아,Kia,스포티지(SL),Sportage (SL),2018,GASOLINE
기아,Kia,스포티지(SL),Sportage (SL),2018,HEV
기아,Kia,스포티지(SL),Sportage (SL),2018,LPG
기아,Kia,스포티지(SL),Sportage (SL),2019,DIESEL
기아,Kia,스포티지(SL),Sportage (SL),2019,GASOLINE
기아,Kia,스포티지(SL),Sportage (SL),2019,HEV
기아,Kia,스포티지(SL),Sportage (SL),2019,LPG
기아,Kia,스포티지(SL),Sportage (SL),2020,DIESEL
기아,Kia,스포티지(SL),Sportage (SL),2020,GASOLINE
기아,Kia,스포티지(SL),Sportage (SL),2020,HEV
기아,Kia,스포티지(SL),Sportage (SL),2020,LPG
기아,Kia,스포티지(SL),Sportage (SL),2021,DIESEL
기아,Kia,스포티지(SL),Sportage (SL),2021,GASOLINE
기아,Kia,스포티지(SL),Sportage (SL),2021,HEV
기아,Kia,스포티지(SL),Sportage (SL),2021,LPG
기아,Kia,스포티지(SL),Sportage (SL),2022,DIESEL
기아,Kia,스포티지(SL),Sportage (SL),2022,GASOLINE
기아,Kia,스포티지(SL),Sportage (SL),2022,HEV
기아,Kia,스포티지(SL),Sportage (SL),2022,LPG
기아,Kia,스포티지(SL),Sportage (SL),2023,DIESEL
기아,Kia,스포티지(SL),Sportage (SL),2023,GASOLINE
기아,Kia,스포티지(SL),Sportage (SL),2023,HEV
기아,Kia,스포티지(SL),Sportage (SL),2023,LPG
기아,Kia,스포티지(SL),Sportage (SL),2024,DIESEL
기아,Kia,스포티지(SL),Sportage (SL),2024,GASOLINE
기아,Kia,스포티지(SL),Sportage (SL),2024,HEV
기아,Kia,스포티지(SL),Sportage (SL),2024,LPG
기아,Kia,스포티지(SL),Sportage (SL),2025,DIESEL
기아,Kia,스포티지(SL),Sportage (SL),2025,GASOLINE
기아,Kia,스포티지(SL),Sportage (SL),2025,HEV
기아,Kia,스포티지(SL),Sportage (SL),2025,LPG
기아,Kia,스포티지(SL),Sportage (SL),2026,DIESEL
기아,Kia,스포티지(SL),Sportage (SL),2026,GASOLINE
기아,Kia,스포티지(SL),Sportage (SL),2026,HEV
기아,Kia,스포티지(SL),Sportage (SL),2026,LPG
기아,Kia,스포티지(QL),Sportage (QL),2010,DIESEL
기아,Kia,스포티지(QL),Sportage (QL),2010,GASOLINE
기아,Kia,스포티지(QL),Sportage (QL),2010,HEV
기아,Kia,스포티지(QL),Sportage (QL),2010,LPG
기아,Kia,스포티지(QL),Sportage (QL),2011,DIESEL
기아,Kia,스포티지(QL),Sportage (QL),2011,GASOLINE
기아,Kia,스포티지(QL),Sportage (QL),2011,HEV
기아,Kia,스포티지(QL),Sportage (QL),2011,LPG
기아,Kia,스포티지(QL),Sportage (QL),2012,DIESEL
기아,Kia,스포티지(QL),Sportage (QL),2012,GASOLINE
기아,Kia,스포티지(QL),Sportage (QL),2012,HEV
기아,Kia,스포티지(QL),Sportage (QL),2012,LPG
기아,Kia,스포티지(QL),Sportage (QL),2013,DIESEL
기아,Kia,스포티지(QL),Sportage (QL),2013,GASOLINE
기아,Kia,스포티지(QL),Sportage (QL),2013,HEV
기아,Kia,스포티지(QL),Sportage (QL),2013,LPG
기아,Kia,스포티지(QL),Sportage (QL),2014,DIESEL
기아,Kia,스포티지(QL),Sportage (QL),2014,GASOLINE
기아,Kia,스포티지(QL),Sportage (QL),2014,HEV
기아,Kia,스포티지(QL),Sportage (QL),2014,LPG
기아,Kia,스포티지(QL),Sportage (QL),2015,DIESEL
기아,Kia,스포티지(QL),Sportage (QL),2015,GASOLINE
기아,Kia,스포티지(QL),Sportage (QL),2015,HEV
기아,Kia,스포티지(QL),Sportage (QL),2015,LPG
기아,Kia,스포티지(QL),Sportage (QL),2016,DIESEL
기아,Kia,스포티지(QL),Sportage (QL),2016,GASOLINE
기아,Kia,스포티지(QL),Sportage (QL),2016,HEV
기아,Kia,스포티지(QL),Sportage (QL),2016,LPG
기아,Kia,스포티지(QL),Sportage (QL),2017,DIESEL
기아,Kia,스포티지(QL),Sportage (QL),2017,GASOLINE
기아,Kia,스포티지(QL),Sportage (QL),2017,HEV
기아,Kia,스포티지(QL),Sportage (QL),2017,LPG
기아,Kia,스포티지(QL),Sportage (QL),2018,DIESEL
기아,Kia,스포티지(QL),Sportage (QL),2018,GASOLINE
기아,Kia,스포티지(QL),Sportage (QL),2018,HEV
기아,Kia,스포티지(QL),Sportage (QL),2018,LPG
기아,Kia,스포티지(QL),Sportage (QL),2019,DIESEL
기아,Kia,스포티지(QL),Sportage (QL),2019,GASOLINE
기아,Kia,스포티지(QL),Sportage (QL),2019,HEV
기아,Kia,스포티지(QL),Sportage (QL),2019,LPG
기아,Kia,스포티지(QL),Sportage (QL),2020,DIESEL
기아,Kia,스포티지(QL),Sportage (QL),2020,GASOLINE
기아,Kia,스포티지(QL),Sportage (QL),2020,HEV
기아,Kia,스포티지(QL),Sportage (QL),2020,LPG
기아,Kia,스포티지(QL),Sportage (QL),2021,DIESEL
기아,Kia,스포티지(QL),Sportage (QL),2021,GASOLINE
기아,Kia,스포티지(QL),Sportage (QL),2021,HEV
기아,Kia,스포티지(QL),Sportage (QL),2021,LPG
기아,Kia,스포티지(QL),Sportage (QL),2022,DIESEL
기아,Kia,스포티지(QL),Sportage (QL),2022,GASOLINE
기아,Kia,스포티지(QL),Sportage (QL),2022,HEV
기아,Kia,스포티지(QL),Sportage (QL),2022,LPG
기아,Kia,스포티지(QL),Sportage (QL),2023,DIESEL
기아,Kia,스포티지(QL),Sportage (QL),2023,GASOLINE
기아,Kia,스포티지(QL),Sportage (QL),2023,HEV
기아,Kia,스포티지(QL),Sportage (QL),2023,LPG
기아,Kia,스포티지(QL),Sportage (QL),2024,DIESEL
기아,Kia,스포티지(QL),Sportage (QL),2024,GASOLINE
기아,Kia,스포티지(QL),Sportage (QL),2024,HEV
기아,Kia,스포티지(QL),Sportage (QL),2024,LPG
기아,Kia,스포티지(QL),Sportage (QL),2025,DIESEL
기아,Kia,스포티지(QL),Sportage (QL),2025,GASOLINE
기아,Kia,스포티지(QL),Sportage (QL),2025,HEV
기아,Kia,스포티지(QL),Sportage (QL),2025,LPG
기아,Kia,스포티지(QL),Sportage (QL),2026,DIESEL
기아,Kia,스포티지(QL),Sportage (QL),2026,GASOLINE
기아,Kia,스포티지(QL),Sportage (QL),2026,HEV
기아,Kia,스포티지(QL),Sportage (QL),2026,LPG
기아,Kia,스포티지(NQ5),Sportage (NQ5),2010,DIESEL
기아,Kia,스포티지(NQ5),Sportage (NQ5),2010,GASOLINE
기아,Kia,스포티지(NQ5),Sportage (NQ5),2010,HEV
기아,Kia,스포티지(NQ5),Sportage (NQ5),2010,LPG
기아,Kia,스포티지(NQ5),Sportage (NQ5),2011,DIESEL
기아,Kia,스포티지(NQ5),Sportage (NQ5),2011,GASOLINE
기아,Kia,스포티지(NQ5),Sportage (NQ5),2011,HEV
기아,Kia,스포티지(NQ5),Sportage (NQ5),2011,LPG
기아,Kia,스포티지(NQ5),Sportage (NQ5),2012,DIESEL
기아,Kia,스포티지(NQ5),Sportage (NQ5),2012,GASOLINE
기아,Kia,스포티지(NQ5),Sportage (NQ5),2012,HEV
기아,Kia,스포티지(NQ5),Sportage (NQ5),2012,LPG
기아,Kia,스포티지(NQ5),Sportage (NQ5),2013,DIESEL
기아,Kia,스포티지(NQ5),Sportage (NQ5),2013,GASOLINE
기아,Kia,스포티지(NQ5),Sportage (NQ5),2013,HEV
기아,Kia,스포티지(NQ5),Sportage (NQ5),2013,LPG
기아,Kia,스포티지(NQ5),Sportage (NQ5),2014,DIESEL
기아,Kia,스포티지(NQ5),Sportage (NQ5),2014,GASOLINE
기아,Kia,스포티지(NQ5),Sportage (NQ5),2014,HEV
기아,Kia,스포티지(NQ5),Sportage (NQ5),2014,LPG
기아,Kia,스포티지(NQ5),Sportage (NQ5),2015,DIESEL
기아,Kia,스포티지(NQ5),Sportage (NQ5),2015,GASOLINE
기아,Kia,스포티지(NQ5),Sportage (NQ5),2015,HEV
기아,Kia,스포티지(NQ5),Sportage (NQ5),2015,LPG
기아,Kia,스포티지(NQ5),Sportage (NQ5),2016,DIESEL
기아,Kia,스포티지(NQ5),Sportage (NQ5),2016,GASOLINE
기아,Kia,스포티지(NQ5),Sportage (NQ5),2016,HEV
기아,Kia,스포티지(NQ5),Sportage (NQ5),2016,LPG
기아,Kia,스포티지(NQ5),Sportage (NQ5),2017,DIESEL
기아,Kia,스포티지(NQ5),Sportage (NQ5),2017,GASOLINE
기아,Kia,스포티지(NQ5),Sportage (NQ5),2017,HEV
기아,Kia,스포티지(NQ5),Sportage (NQ5),2017,LPG
기아,Kia,스포티지(NQ5),Sportage (NQ5),2018,DIESEL
기아,Kia,스포티지(NQ5),Sportage (NQ5),2018,GASOLINE
기아,Kia,스포티지(NQ5),Sportage (NQ5),2018,HEV
기아,Kia,스포티지(NQ5),Sportage (NQ5),2018,LPG
기아,Kia,스포티지(NQ5),Sportage (NQ5),2019,DIESEL
기아,Kia,스포티지(NQ5),Sportage (NQ5),2019,GASOLINE
기아,Kia,스포티지(NQ5),Sportage (NQ5),2019,HEV
기아,Kia,스포티지(NQ5),Sportage (NQ5),2019,LPG
기아,Kia,스포티지(NQ5),Sportage (NQ5),2020,DIESEL
기아,Kia,스포티지(NQ5),Sportage (NQ5),2020,GASOLINE
기아,Kia,스포티지(NQ5),Sportage (NQ5),2020,HEV
기아,Kia,스포티지(NQ5),Sportage (NQ5),2020,LPG
기아,Kia,스포티지(NQ5),Sportage (NQ5),2021,DIESEL
기아,Kia,스포티지(NQ5),Sportage (NQ5),2021,GASOLINE
기아,Kia,스포티지(NQ5),Sportage (NQ5),2021,HEV
기아,Kia,스포티지(NQ5),Sportage (NQ5),2021,LPG
기아,Kia,스포티지(NQ5),Sportage (NQ5),2022,DIESEL
기아,Kia,스포티지(NQ5),Sportage (NQ5),2022,GASOLINE
기아,Kia,스포티지(NQ5),Sportage (NQ5),2022,HEV
기아,Kia,스포티지(NQ5),Sportage (NQ5),2022,LPG
기아,Kia,스포티지(NQ5),Sportage (NQ5),2023,DIESEL
기아,Kia,스포티지(NQ5),Sportage (NQ5),2023,GASOLINE
기아,Kia,스포티지(NQ5),Sportage (NQ5),2023,HEV
기아,Kia,스포티지(NQ5),Sportage (NQ5),2023,LPG
기아,Kia,스포티지(NQ5),Sportage (NQ5),2024,DIESEL
기아,Kia,스포티지(NQ5),Sportage (NQ5),2024,GASOLINE
기아,Kia,스포티지(NQ5),Sportage (NQ5),2024,HEV
기아,Kia,스포티지(NQ5),Sportage (NQ5),2024,LPG
기아,Kia,스포티지(NQ5),Sportage (NQ5),2025,DIESEL
기아,Kia,스포티지(NQ5),Sportage (NQ5),2025,GASOLINE
기아,Kia,스포티지(NQ5),Sportage (NQ5),2025,HEV
기아,Kia,스포티지(NQ5),Sportage (NQ5),2025,LPG
기아,Kia,스포티지(NQ5),Sportage (NQ5),2026,DIESEL
기아,Kia,스포티지(NQ5),Sportage (NQ5),2026,GASOLINE
기아,Kia,스포티지(NQ5),Sportage (NQ5),2026,HEV
기아,Kia,스포티지(NQ5),Sportage (NQ5),2026,LPG
기아,Kia,쏘렌토(R),Sorento (R),2010,DIESEL
기아,Kia,쏘렌토(R),Sorento (R),2010,GASOLINE
기아,Kia,쏘렌토(R),Sorento (R),2010,HEV
기아,Kia,쏘렌토(R),Sorento (R),2011,DIESEL
기아,Kia,쏘렌토(R),Sorento (R),2011,GASOLINE
기아,Kia,쏘렌토(R),Sorento (R),2011,HEV
기아,Kia,쏘렌토(R),Sorento (R),2012,DIESEL
기아,Kia,쏘렌토(R),Sorento (R),2012,GASOLINE
기아,Kia,쏘렌토(R),Sorento (R),2012,HEV
기아,Kia,쏘렌토(R),Sorento (R),2013,DIESEL
기아,Kia,쏘렌토(R),Sorento (R),2013,GASOLINE
기아,Kia,쏘렌토(R),Sorento (R),2013,HEV
기아,Kia,쏘렌토(R),Sorento (R),2014,DIESEL
기아,Kia,쏘렌토(R),Sorento (R),2014,GASOLINE
기아,Kia,쏘렌토(R),Sorento (R),2014,HEV
기아,Kia,쏘렌토(R),Sorento (R),2015,DIESEL
기아,Kia,쏘렌토(R),Sorento (R),2015,GASOLINE
기아,Kia,쏘렌토(R),Sorento (R),2015,HEV
기아,Kia,쏘렌토(R),Sorento (R),2016,DIESEL
기아,Kia,쏘렌토(R),Sorento (R),2016,GASOLINE
기아,Kia,쏘렌토(R),Sorento (R),2016,HEV
기아,Kia,쏘렌토(R),Sorento (R),2017,DIESEL
기아,Kia,쏘렌토(R),Sorento (R),2017,GASOLINE
기아,Kia,쏘렌토(R),Sorento (R),2017,HEV
기아,Kia,쏘렌토(R),Sorento (R),2018,DIESEL
기아,Kia,쏘렌토(R),Sorento (R),2018,GASOLINE
기아,Kia,쏘렌토(R),Sorento (R),2018,HEV
기아,Kia,쏘렌토(R),Sorento (R),2019,DIESEL
기아,Kia,쏘렌토(R),Sorento (R),2019,GASOLINE
기아,Kia,쏘렌토(R),Sorento (R),2019,HEV
기아,Kia,쏘렌토(R),Sorento (R),2020,DIESEL
기아,Kia,쏘렌토(R),Sorento (R),2020,GASOLINE
기아,Kia,쏘렌토(R),Sorento (R),2020,HEV
기아,Kia,쏘렌토(R),Sorento (R),2021,DIESEL
기아,Kia,쏘렌토(R),Sorento (R),2021,GASOLINE
기아,Kia,쏘렌토(R),Sorento (R),2021,HEV
기아,Kia,쏘렌토(R),Sorento (R),2022,DIESEL
기아,Kia,쏘렌토(R),Sorento (R),2022,GASOLINE
기아,Kia,쏘렌토(R),Sorento (R),2022,HEV
기아,Kia,쏘렌토(R),Sorento (R),2023,DIESEL
기아,Kia,쏘렌토(R),Sorento (R),2023,GASOLINE
기아,Kia,쏘렌토(R),Sorento (R),2023,HEV
기아,Kia,쏘렌토(R),Sorento (R),2024,DIESEL
기아,Kia,쏘렌토(R),Sorento (R),2024,GASOLINE
기아,Kia,쏘렌토(R),Sorento (R),2024,HEV
기아,Kia,쏘렌토(R),Sorento (R),2025,DIESEL
기아,Kia,쏘렌토(R),Sorento (R),2025,GASOLINE
기아,Kia,쏘렌토(R),Sorento (R),2025,HEV
기아,Kia,쏘렌토(R),Sorento (R),2026,DIESEL
기아,Kia,쏘렌토(R),Sorento (R),2026,GASOLINE
기아,Kia,쏘렌토(R),Sorento (R),2026,HEV
기아,Kia,쏘렌토(UM),Sorento (UM),2010,DIESEL
기아,Kia,쏘렌토(UM),Sorento (UM),2010,GASOLINE
기아,Kia,쏘렌토(UM),Sorento (UM),2010,HEV
기아,Kia,쏘렌토(UM),Sorento (UM),2011,DIESEL
기아,Kia,쏘렌토(UM),Sorento (UM),2011,GASOLINE
기아,Kia,쏘렌토(UM),Sorento (UM),2011,HEV
기아,Kia,쏘렌토(UM),Sorento (UM),2012,DIESEL
기아,Kia,쏘렌토(UM),Sorento (UM),2012,GASOLINE
기아,Kia,쏘렌토(UM),Sorento (UM),2012,HEV
기아,Kia,쏘렌토(UM),Sorento (UM),2013,DIESEL
기아,Kia,쏘렌토(UM),Sorento (UM),2013,GASOLINE
기아,Kia,쏘렌토(UM),Sorento (UM),2013,HEV
기아,Kia,쏘렌토(UM),Sorento (UM),2014,DIESEL
기아,Kia,쏘렌토(UM),Sorento (UM),2014,GASOLINE
기아,Kia,쏘렌토(UM),Sorento (UM),2014,HEV
기아,Kia,쏘렌토(UM),Sorento (UM),2015,DIESEL
기아,Kia,쏘렌토(UM),Sorento (UM),2015,GASOLINE
기아,Kia,쏘렌토(UM),Sorento (UM),2015,HEV
기아,Kia,쏘렌토(UM),Sorento (UM),2016,DIESEL
기아,Kia,쏘렌토(UM),Sorento (UM),2016,GASOLINE
기아,Kia,쏘렌토(UM),Sorento (UM),2016,HEV
기아,Kia,쏘렌토(UM),Sorento (UM),2017,DIESEL
기아,Kia,쏘렌토(UM),Sorento (UM),2017,GASOLINE
기아,Kia,쏘렌토(UM),Sorento (UM),2017,HEV
기아,Kia,쏘렌토(UM),Sorento (UM),2018,DIESEL
기아,Kia,쏘렌토(UM),Sorento (UM),2018,GASOLINE
기아,Kia,쏘렌토(UM),Sorento (UM),2018,HEV
기아,Kia,쏘렌토(UM),Sorento (UM),2019,DIESEL
기아,Kia,쏘렌토(UM),Sorento (UM),2019,GASOLINE
기아,Kia,쏘렌토(UM),Sorento (UM),2019,HEV
기아,Kia,쏘렌토(UM),Sorento (UM),2020,DIESEL
기아,Kia,쏘렌토(UM),Sorento (UM),2020,GASOLINE
기아,Kia,쏘렌토(UM),Sorento (UM),2020,HEV
기아,Kia,쏘렌토(UM),Sorento (UM),2021,DIESEL
기아,Kia,쏘렌토(UM),Sorento (UM),2021,GASOLINE
기아,Kia,쏘렌토(UM),Sorento (UM),2021,HEV
기아,Kia,쏘렌토(UM),Sorento (UM),2022,DIESEL
기아,Kia,쏘렌토(UM),Sorento (UM),2022,GASOLINE
기아,Kia,쏘렌토(UM),Sorento (UM),2022,HEV
기아,Kia,쏘렌토(UM),Sorento (UM),2023,DIESEL
기아,Kia,쏘렌토(UM),Sorento (UM),2023,GASOLINE
기아,Kia,쏘렌토(UM),Sorento (UM),2023,HEV
기아,Kia,쏘렌토(UM),Sorento (UM),2024,DIESEL
기아,Kia,쏘렌토(UM),Sorento (UM),2024,GASOLINE
기아,Kia,쏘렌토(UM),Sorento (UM),2024,HEV
기아,Kia,쏘렌토(UM),Sorento (UM),2025,DIESEL
기아,Kia,쏘렌토(UM),Sorento (UM),2025,GASOLINE
기아,Kia,쏘렌토(UM),Sorento (UM),2025,HEV
기아,Kia,쏘렌토(UM),Sorento (UM),2026,DIESEL
기아,Kia,쏘렌토(UM),Sorento (UM),2026,GASOLINE
기아,Kia,쏘렌토(UM),Sorento (UM),2026,HEV
기아,Kia,쏘렌토(MQ4),Sorento (MQ4),2010,DIESEL
기아,Kia,쏘렌토(MQ4),Sorento (MQ4),2010,GASOLINE
기아,Kia,쏘렌토(MQ4),Sorento (MQ4),2010,HEV
기아,Kia,쏘렌토(MQ4),Sorento (MQ4),2011,DIESEL
기아,Kia,쏘렌토(MQ4),Sorento (MQ4),2011,GASOLINE
기아,Kia,쏘렌토(MQ4),Sorento (MQ4),2011,HEV
기아,Kia,쏘렌토(MQ4),Sorento (MQ4),2012,DIESEL
기아,Kia,쏘렌토(MQ4),Sorento (MQ4),2012,GASOLINE
기아,Kia,쏘렌토(MQ4),Sorento (MQ4),2012,HEV
기아,Kia,쏘렌토(MQ4),Sorento (MQ4),2013,DIESEL
기아,Kia,쏘렌토(MQ4),Sorento (MQ4),2013,GASOLINE
기아,Kia,쏘렌토(MQ4),Sorento (MQ4),2013,HEV
기아,Kia,쏘렌토(MQ4),Sorento (MQ4),2014,DIESEL
기아,Kia,쏘렌토(MQ4),Sorento (MQ4),2014,GASOLINE
기아,Kia,쏘렌토(MQ4),Sorento (MQ4),2014,HEV
기아,Kia,쏘렌토(MQ4),Sorento (MQ4),2015,DIESEL
기아,Kia,쏘렌토(MQ4),Sorento (MQ4),2015,GASOLINE
기아,Kia,쏘렌토(MQ4),Sorento (MQ4),2015,HEV
기아,Kia,쏘렌토(MQ4),Sorento (MQ4),2016,DIESEL
기아,Kia,쏘렌토(MQ4),Sorento (MQ4),2016,GASOLINE
기아,Kia,쏘렌토(MQ4),Sorento (MQ4),2016,HEV
기아,Kia,쏘렌토(MQ4),Sorento (MQ4),2017,DIESEL
기아,Kia,쏘렌토(MQ4),Sorento (MQ4),2017,GASOLINE
기아,Kia,쏘렌토(MQ4),Sorento (MQ4),2017,HEV
기아,Kia,쏘렌토(MQ4),Sorento (MQ4),2018,DIESEL
기아,Kia,쏘렌토(MQ4),Sorento (MQ4),2018,GASOLINE
기아,Kia,쏘렌토(MQ4),Sorento (MQ4),2018,HEV
기아,Kia,쏘렌토(MQ4),Sorento (MQ4),2019,DIESEL
기아,Kia,쏘렌토(MQ4),Sorento (MQ4),2019,GASOLINE
기아,Kia,쏘렌토(MQ4),Sorento (MQ4),2019,HEV
기아,Kia,쏘렌토(MQ4),Sorento (MQ4),2020,DIESEL
기아,Kia,쏘렌토(MQ4),Sorento (MQ4),2020,GASOLINE
기아,Kia,쏘렌토(MQ4),Sorento (MQ4),2020,HEV
기아,Kia,쏘렌토(MQ4),Sorento (MQ4),2021,DIESEL
기아,Kia,쏘렌토(MQ4),Sorento (MQ4),2021,GASOLINE
기아,Kia,쏘렌토(MQ4),Sorento (MQ4),2021,HEV
기아,Kia,쏘렌토(MQ4),Sorento (MQ4),2022,DIESEL
기아,Kia,쏘렌토(MQ4),Sorento (MQ4),2022,GASOLINE
기아,Kia,쏘렌토(MQ4),Sorento (MQ4),2022,HEV
기아,Kia,쏘렌토(MQ4),Sorento (MQ4),2023,DIESEL
기아,Kia,쏘렌토(MQ4),Sorento (MQ4),2023,GASOLINE
기아,Kia,쏘렌토(MQ4),Sorento (MQ4),2023,HEV
기아,Kia,쏘렌토(MQ4),Sorento (MQ4),2024,DIESEL
기아,Kia,쏘렌토(MQ4),Sorento (MQ4),2024,GASOLINE
기아,Kia,쏘렌토(MQ4),Sorento (MQ4),2024,HEV
기아,Kia,쏘렌토(MQ4),Sorento (MQ4),2025,DIESEL
기아,Kia,쏘렌토(MQ4),Sorento (MQ4),2025,GASOLINE
기아,Kia,쏘렌토(MQ4),Sorento (MQ4),2025,HEV
기아,Kia,쏘렌토(MQ4),Sorento (MQ4),2026,DIESEL
기아,Kia,쏘렌토(MQ4),Sorento (MQ4),2026,GASOLINE
기아,Kia,쏘렌토(MQ4),Sorento (MQ4),2026,HEV
기아,Kia,카니발(YP),Carnival (YP),2010,DIESEL
기아,Kia,카니발(YP),Carnival (YP),2010,GASOLINE
기아,Kia,카니발(YP),Carnival (YP),2010,HEV
기아,Kia,카니발(YP),Carnival (YP),2011,DIESEL
기아,Kia,카니발(YP),Carnival (YP),2011,GASOLINE
기아,Kia,카니발(YP),Carnival (YP),2011,HEV
기아,Kia,카니발(YP),Carnival (YP),2012,DIESEL
기아,Kia,카니발(YP),Carnival (YP),2012,GASOLINE
기아,Kia,카니발(YP),Carnival (YP),2012,HEV
기아,Kia,카니발(YP),Carnival (YP),2013,DIESEL
기아,Kia,카니발(YP),Carnival (YP),2013,GASOLINE
기아,Kia,카니발(YP),Carnival (YP),2013,HEV
기아,Kia,카니발(YP),Carnival (YP),2014,DIESEL
기아,Kia,카니발(YP),Carnival (YP),2014,GASOLINE
기아,Kia,카니발(YP),Carnival (YP),2014,HEV
기아,Kia,카니발(YP),Carnival (YP),2015,DIESEL
기아,Kia,카니발(YP),Carnival (YP),2015,GASOLINE
기아,Kia,카니발(YP),Carnival (YP),2015,HEV
기아,Kia,카니발(YP),Carnival (YP),2016,DIESEL
기아,Kia,카니발(YP),Carnival (YP),2016,GASOLINE
기아,Kia,카니발(YP),Carnival (YP),2016,HEV
기아,Kia,카니발(YP),Carnival (YP),2017,DIESEL
기아,Kia,카니발(YP),Carnival (YP),2017,GASOLINE
기아,Kia,카니발(YP),Carnival (YP),2017,HEV
기아,Kia,카니발(YP),Carnival (YP),2018,DIESEL
기아,Kia,카니발(YP),Carnival (YP),2018,GASOLINE
기아,Kia,카니발(YP),Carnival (YP),2018,HEV
기아,Kia,카니발(YP),Carnival (YP),2019,DIESEL
기아,Kia,카니발(YP),Carnival (YP),2019,GASOLINE
기아,Kia,카니발(YP),Carnival (YP),2019,HEV
기아,Kia,카니발(YP),Carnival (YP),2020,DIESEL
기아,Kia,카니발(YP),Carnival (YP),2020,GASOLINE
기아,Kia,카니발(YP),Carnival (YP),2020,HEV
기아,Kia,카니발(YP),Carnival (YP),2021,DIESEL
기아,Kia,카니발(YP),Carnival (YP),2021,GASOLINE
기아,Kia,카니발(YP),Carnival (YP),2021,HEV
기아,Kia,카니발(YP),Carnival (YP),2022,DIESEL
기아,Kia,카니발(YP),Carnival (YP),2022,GASOLINE
기아,Kia,카니발(YP),Carnival (YP),2022,HEV
기아,Kia,카니발(YP),Carnival (YP),2023,DIESEL
기아,Kia,카니발(YP),Carnival (YP),2023,GASOLINE
기아,Kia,카니발(YP),Carnival (YP),2023,HEV
기아,Kia,카니발(YP),Carnival (YP),2024,DIESEL
기아,Kia,카니발(YP),Carnival (YP),2024,GASOLINE
기아,Kia,카니발(YP),Carnival (YP),2024,HEV
기아,Kia,카니발(YP),Carnival (YP),2025,DIESEL
기아,Kia,카니발(YP),Carnival (YP),2025,GASOLINE
기아,Kia,카니발(YP),Carnival (YP),2025,HEV
기아,Kia,카니발(YP),Carnival (YP),2026,DIESEL
기아,Kia,카니발(YP),Carnival (YP),2026,GASOLINE
기아,Kia,카니발(YP),Carnival (YP),2026,HEV
기아,Kia,카니발(KA4),Carnival (KA4),2010,DIESEL
기아,Kia,카니발(KA4),Carnival (KA4),2010,GASOLINE
기아,Kia,카니발(KA4),Carnival (KA4),2010,HEV
기아,Kia,카니발(KA4),Carnival (KA4),2011,DIESEL
기아,Kia,카니발(KA4),Carnival (KA4),2011,GASOLINE
기아,Kia,카니발(KA4),Carnival (KA4),2011,HEV
기아,Kia,카니발(KA4),Carnival (KA4),2012,DIESEL
기아,Kia,카니발(KA4),Carnival (KA4),2012,GASOLINE
기아,Kia,카니발(KA4),Carnival (KA4),2012,HEV
기아,Kia,카니발(KA4),Carnival (KA4),2013,DIESEL
기아,Kia,카니발(KA4),Carnival (KA4),2013,GASOLINE
기아,Kia,카니발(KA4),Carnival (KA4),2013,HEV
기아,Kia,카니발(KA4),Carnival (KA4),2014,DIESEL
기아,Kia,카니발(KA4),Carnival (KA4),2014,GASOLINE
기아,Kia,카니발(KA4),Carnival (KA4),2014,HEV
기아,Kia,카니발(KA4),Carnival (KA4),2015,DIESEL
기아,Kia,카니발(KA4),Carnival (KA4),2015,GASOLINE
기아,Kia,카니발(KA4),Carnival (KA4),2015,HEV
기아,Kia,카니발(KA4),Carnival (KA4),2016,DIESEL
기아,Kia,카니발(KA4),Carnival (KA4),2016,GASOLINE
기아,Kia,카니발(KA4),Carnival (KA4),2016,HEV
기아,Kia,카니발(KA4),Carnival (KA4),2017,DIESEL
기아,Kia,카니발(KA4),Carnival (KA4),2017,GASOLINE
기아,Kia,카니발(KA4),Carnival (KA4),2017,HEV
기아,Kia,카니발(KA4),Carnival (KA4),2018,DIESEL
기아,Kia,카니발(KA4),Carnival (KA4),2018,GASOLINE
기아,Kia,카니발(KA4),Carnival (KA4),2018,HEV
기아,Kia,카니발(KA4),Carnival (KA4),2019,DIESEL
기아,Kia,카니발(KA4),Carnival (KA4),2019,GASOLINE
기아,Kia,카니발(KA4),Carnival (KA4),2019,HEV
기아,Kia,카니발(KA4),Carnival (KA4),2020,DIESEL
기아,Kia,카니발(KA4),Carnival (KA4),2020,GASOLINE
기아,Kia,카니발(KA4),Carnival (KA4),2020,HEV
기아,Kia,카니발(KA4),Carnival (KA4),2021,DIESEL
기아,Kia,카니발(KA4),Carnival (KA4),2021,GASOLINE
기아,Kia,카니발(KA4),Carnival (KA4),2021,HEV
기아,Kia,카니발(KA4),Carnival (KA4),2022,DIESEL
기아,Kia,카니발(KA4),Carnival (KA4),2022,GASOLINE
기아,Kia,카니발(KA4),Carnival (KA4),2022,HEV
기아,Kia,카니발(KA4),Carnival (KA4),2023,DIESEL
기아,Kia,카니발(KA4),Carnival (KA4),2023,GASOLINE
기아,Kia,카니발(KA4),Carnival (KA4),2023,HEV
기아,Kia,카니발(KA4),Carnival (KA4),2024,DIESEL
기아,Kia,카니발(KA4),Carnival (KA4),2024,GASOLINE
기아,Kia,카니발(KA4),Carnival (KA4),2024,HEV
기아,Kia,카니발(KA4),Carnival (KA4),2025,DIESEL
기아,Kia,카니발(KA4),Carnival (KA4),2025,GASOLINE
기아,Kia,카니발(KA4),Carnival (KA4),2025,HEV
기아,Kia,카니발(KA4),Carnival (KA4),2026,DIESEL
기아,Kia,카니발(KA4),Carnival (KA4),2026,GASOLINE
기아,Kia,카니발(KA4),Carnival (KA4),2026,HEV
기아,Kia,셀토스,Seltos,2010,GASOLINE
기아,Kia,셀토스,Seltos,2010,DIESEL
기아,Kia,셀토스,Seltos,2011,GASOLINE
기아,Kia,셀토스,Seltos,2011,DIESEL
기아,Kia,셀토스,Seltos,2012,GASOLINE
기아,Kia,셀토스,Seltos,2012,DIESEL
기아,Kia,셀토스,Seltos,2013,GASOLINE
기아,Kia,셀토스,Seltos,2013,DIESEL
기아,Kia,셀토스,Seltos,2014,GASOLINE
기아,Kia,셀토스,Seltos,2014,DIESEL
기아,Kia,셀토스,Seltos,2015,GASOLINE
기아,Kia,셀토스,Seltos,2015,DIESEL
기아,Kia,셀토스,Seltos,2016,GASOLINE
기아,Kia,셀토스,Seltos,2016,DIESEL
기아,Kia,셀토스,Seltos,2017,GASOLINE
기아,Kia,셀토스,Seltos,2017,DIESEL
기아,Kia,셀토스,Seltos,2018,GASOLINE
기아,Kia,셀토스,Seltos,2018,DIESEL
기아,Kia,셀토스,Seltos,2019,GASOLINE
기아,Kia,셀토스,Seltos,2019,DIESEL
기아,Kia,셀토스,Seltos,2020,GASOLINE
기아,Kia,셀토스,Seltos,2020,DIESEL
기아,Kia,셀토스,Seltos,2021,GASOLINE
기아,Kia,셀토스,Seltos,2021,DIESEL
기아,Kia,셀토스,Seltos,2022,GASOLINE
기아,Kia,셀토스,Seltos,2022,DIESEL
기아,Kia,셀토스,Seltos,2023,GASOLINE
기아,Kia,셀토스,Seltos,2023,DIESEL
기아,Kia,셀토스,Seltos,2024,GASOLINE
기아,Kia,셀토스,Seltos,2024,DIESEL
기아,Kia,셀토스,Seltos,2025,GASOLINE
기아,Kia,셀토스,Seltos,2025,DIESEL
기아,Kia,셀토스,Seltos,2026,GASOLINE
기아,Kia,셀토스,Seltos,2026,DIESEL
기아,Kia,니로(DE),Niro (DE),2010,HEV
기아,Kia,니로(DE),Niro (DE),2010,EV
기아,Kia,니로(DE),Niro (DE),2011,HEV
기아,Kia,니로(DE),Niro (DE),2011,EV
기아,Kia,니로(DE),Niro (DE),2012,HEV
기아,Kia,니로(DE),Niro (DE),2012,EV
기아,Kia,니로(DE),Niro (DE),2013,HEV
기아,Kia,니로(DE),Niro (DE),2013,EV
기아,Kia,니로(DE),Niro (DE),2014,HEV
기아,Kia,니로(DE),Niro (DE),2014,EV
기아,Kia,니로(DE),Niro (DE),2015,HEV
기아,Kia,니로(DE),Niro (DE),2015,PHEV
기아,Kia,니로(DE),Niro (DE),2015,EV
기아,Kia,니로(DE),Niro (DE),2016,HEV
기아,Kia,니로(DE),Niro (DE),2016,PHEV
기아,Kia,니로(DE),Niro (DE),2016,EV
기아,Kia,니로(DE),Niro (DE),2017,HEV
기아,Kia,니로(DE),Niro (DE),2017,PHEV
기아,Kia,니로(DE),Niro (DE),2017,EV
기아,Kia,니로(DE),Niro (DE),2018,HEV
기아,Kia,니로(DE),Niro (DE),2018,PHEV
기아,Kia,니로(DE),Niro (DE),2018,EV
기아,Kia,니로(DE),Niro (DE),2019,HEV
기아,Kia,니로(DE),Niro (DE),2019,PHEV
기아,Kia,니로(DE),Niro (DE),2019,EV
기아,Kia,니로(DE),Niro (DE),2020,HEV
기아,Kia,니로(DE),Niro (DE),2020,PHEV
기아,Kia,니로(DE),Niro (DE),2020,EV
기아,Kia,니로(DE),Niro (DE),2021,HEV
기아,Kia,니로(DE),Niro (DE),2021,PHEV
기아,Kia,니로(DE),Niro (DE),2021,EV
기아,Kia,니로(DE),Niro (DE),2022,HEV
기아,Kia,니로(DE),Niro (DE),2022,PHEV
기아,Kia,니로(DE),Niro (DE),2022,EV
기아,Kia,니로(DE),Niro (DE),2023,HEV
기아,Kia,니로(DE),Niro (DE),2023,PHEV
기아,Kia,니로(DE),Niro (DE),2023,EV
기아,Kia,니로(DE),Niro (DE),2024,HEV
기아,Kia,니로(DE),Niro (DE),2024,PHEV
기아,Kia,니로(DE),Niro (DE),2024,EV
기아,Kia,니로(DE),Niro (DE),2025,HEV
기아,Kia,니로(DE),Niro (DE),2025,PHEV
기아,Kia,니로(DE),Niro (DE),2025,EV
기아,Kia,니로(DE),Niro (DE),2026,HEV
기아,Kia,니로(DE),Niro (DE),2026,PHEV
기아,Kia,니로(DE),Niro (DE),2026,EV
기아,Kia,니로(SG2),Niro (SG2),2010,HEV
기아,Kia,니로(SG2),Niro (SG2),2010,EV
기아,Kia,니로(SG2),Niro (SG2),2011,HEV
기아,Kia,니로(SG2),Niro (SG2),2011,EV
기아,Kia,니로(SG2),Niro (SG2),2012,HEV
기아,Kia,니로(SG2),Niro (SG2),2012,EV
기아,Kia,니로(SG2),Niro (SG2),2013,HEV
기아,Kia,니로(SG2),Niro (SG2),2013,EV
기아,Kia,니로(SG2),Niro (SG2),2014,HEV
기아,Kia,니로(SG2),Niro (SG2),2014,EV
기아,Kia,니로(SG2),Niro (SG2),2015,HEV
기아,Kia,니로(SG2),Niro (SG2),2015,PHEV
기아,Kia,니로(SG2),Niro (SG2),2015,EV
기아,Kia,니로(SG2),Niro (SG2),2016,HEV
기아,Kia,니로(SG2),Niro (SG2),2016,PHEV
기아,Kia,니로(SG2),Niro (SG2),2016,EV
기아,Kia,니로(SG2),Niro (SG2),2017,HEV
기아,Kia,니로(SG2),Niro (SG2),2017,PHEV
기아,Kia,니로(SG2),Niro (SG2),2017,EV
기아,Kia,니로(SG2),Niro (SG2),2018,HEV
기아,Kia,니로(SG2),Niro (SG2),2018,PHEV
기아,Kia,니로(SG2),Niro (SG2),2018,EV
기아,Kia,니로(SG2),Niro (SG2),2019,HEV
기아,Kia,니로(SG2),Niro (SG2),2019,PHEV
기아,Kia,니로(SG2),Niro (SG2),2019,EV
기아,Kia,니로(SG2),Niro (SG2),2020,HEV
기아,Kia,니로(SG2),Niro (SG2),2020,PHEV
기아,Kia,니로(SG2),Niro (SG2),2020,EV
기아,Kia,니로(SG2),Niro (SG2),2021,HEV
기아,Kia,니로(SG2),Niro (SG2),2021,PHEV
기아,Kia,니로(SG2),Niro (SG2),2021,EV
기아,Kia,니로(SG2),Niro (SG2),2022,HEV
기아,Kia,니로(SG2),Niro (SG2),2022,PHEV
기아,Kia,니로(SG2),Niro (SG2),2022,EV
기아,Kia,니로(SG2),Niro (SG2),2023,HEV
기아,Kia,니로(SG2),Niro (SG2),2023,PHEV
기아,Kia,니로(SG2),Niro (SG2),2023,EV
기아,Kia,니로(SG2),Niro (SG2),2024,HEV
기아,Kia,니로(SG2),Niro (SG2),2024,PHEV
기아,Kia,니로(SG2),Niro (SG2),2024,EV
기아,Kia,니로(SG2),Niro (SG2),2025,HEV
기아,Kia,니로(SG2),Niro (SG2),2025,PHEV
기아,Kia,니로(SG2),Niro (SG2),2025,EV
기아,Kia,니로(SG2),Niro (SG2),2026,HEV
기아,Kia,니로(SG2),Niro (SG2),2026,PHEV
기아,Kia,니로(SG2),Niro (SG2),2026,EV
기아,Kia,레이,Ray,2010,GASOLINE
기아,Kia,레이,Ray,2010,EV
기아,Kia,레이,Ray,2011,GASOLINE
기아,Kia,레이,Ray,2011,EV
기아,Kia,레이,Ray,2012,GASOLINE
기아,Kia,레이,Ray,2012,EV
기아,Kia,레이,Ray,2013,GASOLINE
기아,Kia,레이,Ray,2013,EV
기아,Kia,레이,Ray,2014,GASOLINE
기아,Kia,레이,Ray,2014,EV
기아,Kia,레이,Ray,2015,GASOLINE
기아,Kia,레이,Ray,2015,EV
기아,Kia,레이,Ray,2016,GASOLINE
기아,Kia,레이,Ray,2016,EV
기아,Kia,레이,Ray,2017,GASOLINE
기아,Kia,레이,Ray,2017,EV
기아,Kia,레이,Ray,2018,GASOLINE
기아,Kia,레이,Ray,2018,EV
기아,Kia,레이,Ray,2019,GASOLINE
기아,Kia,레이,Ray,2019,EV
기아,Kia,레이,Ray,2020,GASOLINE
기아,Kia,레이,Ray,2020,EV
기아,Kia,레이,Ray,2021,GASOLINE
기아,Kia,레이,Ray,2021,EV
기아,Kia,레이,Ray,2022,GASOLINE
기아,Kia,레이,Ray,2022,EV
기아,Kia,레이,Ray,2023,GASOLINE
기아,Kia,레이,Ray,2023,EV
기아,Kia,레이,Ray,2024,GASOLINE
기아,Kia,레이,Ray,2024,EV
기아,Kia,레이,Ray,2025,GASOLINE
기아,Kia,레이,Ray,2025,EV
기아,Kia,레이,Ray,2026,GASOLINE
기아,Kia,레이,Ray,2026,EV
기아,Kia,EV6,EV6,2010,EV
기아,Kia,EV6,EV6,2011,EV
기아,Kia,EV6,EV6,2012,EV
기아,Kia,EV6,EV6,2013,EV
기아,Kia,EV6,EV6,2014,EV
기아,Kia,EV6,EV6,2015,EV
기아,Kia,EV6,EV6,2016,EV
기아,Kia,EV6,EV6,2017,EV
기아,Kia,EV6,EV6,2018,EV
기아,Kia,EV6,EV6,2019,EV
기아,Kia,EV6,EV6,2020,EV
기아,Kia,EV6,EV6,2021,EV
기아,Kia,EV6,EV6,2022,EV
기아,Kia,EV6,EV6,2023,EV
기아,Kia,EV6,EV6,2024,EV
기아,Kia,EV6,EV6,2025,EV
기아,Kia,EV6,EV6,2026,EV
기아,Kia,EV9,EV9,2010,EV
기아,Kia,EV9,EV9,2011,EV
기아,Kia,EV9,EV9,2012,EV
기아,Kia,EV9,EV9,2013,EV
기아,Kia,EV9,EV9,2014,EV
기아,Kia,EV9,EV9,2015,EV
기아,Kia,EV9,EV9,2016,EV
기아,Kia,EV9,EV9,2017,EV
기아,Kia,EV9,EV9,2018,EV
기아,Kia,EV9,EV9,2019,EV
기아,Kia,EV9,EV9,2020,EV
기아,Kia,EV9,EV9,2021,EV
기아,Kia,EV9,EV9,2022,EV
기아,Kia,EV9,EV9,2023,EV
기아,Kia,EV9,EV9,2024,EV
기아,Kia,EV9,EV9,2025,EV
기아,Kia,EV9,EV9,2026,EV
제네시스,Genesis,G70,G70,2010,GASOLINE
제네시스,Genesis,G70,G70,2010,DIESEL
제네시스,Genesis,G70,G70,2011,GASOLINE
제네시스,Genesis,G70,G70,2011,DIESEL
제네시스,Genesis,G70,G70,2012,GASOLINE
제네시스,Genesis,G70,G70,2012,DIESEL
제네시스,Genesis,G70,G70,2013,GASOLINE
제네시스,Genesis,G70,G70,2013,DIESEL
제네시스,Genesis,G70,G70,2014,GASOLINE
제네시스,Genesis,G70,G70,2014,DIESEL
제네시스,Genesis,G70,G70,2015,GASOLINE
제네시스,Genesis,G70,G70,2015,DIESEL
제네시스,Genesis,G70,G70,2016,GASOLINE
제네시스,Genesis,G70,G70,2016,DIESEL
제네시스,Genesis,G70,G70,2017,GASOLINE
제네시스,Genesis,G70,G70,2017,DIESEL
제네시스,Genesis,G70,G70,2018,GASOLINE
제네시스,Genesis,G70,G70,2018,DIESEL
제네시스,Genesis,G70,G70,2019,GASOLINE
제네시스,Genesis,G70,G70,2019,DIESEL
제네시스,Genesis,G70,G70,2020,GASOLINE
제네시스,Genesis,G70,G70,2020,DIESEL
제네시스,Genesis,G70,G70,2021,GASOLINE
제네시스,Genesis,G70,G70,2021,DIESEL
제네시스,Genesis,G70,G70,2022,GASOLINE
제네시스,Genesis,G70,G70,2022,DIESEL
제네시스,Genesis,G70,G70,2023,GASOLINE
제네시스,Genesis,G70,G70,2023,DIESEL
제네시스,Genesis,G70,G70,2024,GASOLINE
제네시스,Genesis,G70,G70,2024,DIESEL
제네시스,Genesis,G70,G70,2025,GASOLINE
제네시스,Genesis,G70,G70,2025,DIESEL
제네시스,Genesis,G70,G70,2026,GASOLINE
제네시스,Genesis,G70,G70,2026,DIESEL
제네시스,Genesis,G80(DH),G80 (DH),2010,GASOLINE
제네시스,Genesis,G80(DH),G80 (DH),2010,DIESEL
제네시스,Genesis,G80(DH),G80 (DH),2011,GASOLINE
제네시스,Genesis,G80(DH),G80 (DH),2011,DIESEL
제네시스,Genesis,G80(DH),G80 (DH),2012,GASOLINE
제네시스,Genesis,G80(DH),G80 (DH),2012,DIESEL
제네시스,Genesis,G80(DH),G80 (DH),2013,GASOLINE
제네시스,Genesis,G80(DH),G80 (DH),2013,DIESEL
제네시스,Genesis,G80(DH),G80 (DH),2014,GASOLINE
제네시스,Genesis,G80(DH),G80 (DH),2014,DIESEL
제네시스,Genesis,G80(DH),G80 (DH),2014,EV
제네시스,Genesis,G80(DH),G80 (DH),2015,GASOLINE
제네시스,Genesis,G80(DH),G80 (DH),2015,DIESEL
제네시스,Genesis,G80(DH),G80 (DH),2015,EV
제네시스,Genesis,G80(DH),G80 (DH),2016,GASOLINE
제네시스,Genesis,G80(DH),G80 (DH),2016,DIESEL
제네시스,Genesis,G80(DH),G80 (DH),2016,EV
제네시스,Genesis,G80(DH),G80 (DH),2017,GASOLINE
제네시스,Genesis,G80(DH),G80 (DH),2017,DIESEL
제네시스,Genesis,G80(DH),G80 (DH),2017,EV
제네시스,Genesis,G80(DH),G80 (DH),2018,GASOLINE
제네시스,Genesis,G80(DH),G80 (DH),2018,DIESEL
제네시스,Genesis,G80(DH),G80 (DH),2018,EV
제네시스,Genesis,G80(DH),G80 (DH),2019,GASOLINE
제네시스,Genesis,G80(DH),G80 (DH),2019,DIESEL
제네시스,Genesis,G80(DH),G80 (DH),2019,EV
제네시스,Genesis,G80(DH),G80 (DH),2020,GASOLINE
제네시스,Genesis,G80(DH),G80 (DH),2020,DIESEL
제네시스,Genesis,G80(DH),G80 (DH),2020,EV
제네시스,Genesis,G80(DH),G80 (DH),2021,GASOLINE
제네시스,Genesis,G80(DH),G80 (DH),2021,DIESEL
제네시스,Genesis,G80(DH),G80 (DH),2021,EV
제네시스,Genesis,G80(DH),G80 (DH),2022,GASOLINE
제네시스,Genesis,G80(DH),G80 (DH),2022,DIESEL
제네시스,Genesis,G80(DH),G80 (DH),2022,EV
제네시스,Genesis,G80(DH),G80 (DH),2023,GASOLINE
제네시스,Genesis,G80(DH),G80 (DH),2023,DIESEL
제네시스,Genesis,G80(DH),G80 (DH),2023,EV
제네시스,Genesis,G80(DH),G80 (DH),2024,GASOLINE
제네시스,Genesis,G80(DH),G80 (DH),2024,DIESEL
제네시스,Genesis,G80(DH),G80 (DH),2024,EV
제네시스,Genesis,G80(DH),G80 (DH),2025,GASOLINE
제네시스,Genesis,G80(DH),G80 (DH),2025,DIESEL
제네시스,Genesis,G80(DH),G80 (DH),2025,EV
제네시스,Genesis,G80(DH),G80 (DH),2026,GASOLINE
제네시스,Genesis,G80(DH),G80 (DH),2026,DIESEL
제네시스,Genesis,G80(DH),G80 (DH),2026,EV
제네시스,Genesis,G80(RG3),G80 (RG3),2010,GASOLINE
제네시스,Genesis,G80(RG3),G80 (RG3),2010,DIESEL
제네시스,Genesis,G80(RG3),G80 (RG3),2011,GASOLINE
제네시스,Genesis,G80(RG3),G80 (RG3),2011,DIESEL
제네시스,Genesis,G80(RG3),G80 (RG3),2012,GASOLINE
제네시스,Genesis,G80(RG3),G80 (RG3),2012,DIESEL
제네시스,Genesis,G80(RG3),G80 (RG3),2013,GASOLINE
제네시스,Genesis,G80(RG3),G80 (RG3),2013,DIESEL
제네시스,Genesis,G80(RG3),G80 (RG3),2014,GASOLINE
제네시스,Genesis,G80(RG3),G80 (RG3),2014,DIESEL
제네시스,Genesis,G80(RG3),G80 (RG3),2014,EV
제네시스,Genesis,G80(RG3),G80 (RG3),2015,GASOLINE
제네시스,Genesis,G80(RG3),G80 (RG3),2015,DIESEL
제네시스,Genesis,G80(RG3),G80 (RG3),2015,EV
제네시스,Genesis,G80(RG3),G80 (RG3),2016,GASOLINE
제네시스,Genesis,G80(RG3),G80 (RG3),2016,DIESEL
제네시스,Genesis,G80(RG3),G80 (RG3),2016,EV
제네시스,Genesis,G80(RG3),G80 (RG3),2017,GASOLINE
제네시스,Genesis,G80(RG3),G80 (RG3),2017,DIESEL
제네시스,Genesis,G80(RG3),G80 (RG3),2017,EV
제네시스,Genesis,G80(RG3),G80 (RG3),2018,GASOLINE
제네시스,Genesis,G80(RG3),G80 (RG3),2018,DIESEL
제네시스,Genesis,G80(RG3),G80 (RG3),2018,EV
제네시스,Genesis,G80(RG3),G80 (RG3),2019,GASOLINE
제네시스,Genesis,G80(RG3),G80 (RG3),2019,DIESEL
제네시스,Genesis,G80(RG3),G80 (RG3),2019,EV
제네시스,Genesis,G80(RG3),G80 (RG3),2020,GASOLINE
제네시스,Genesis,G80(RG3),G80 (RG3),2020,DIESEL
제네시스,Genesis,G80(RG3),G80 (RG3),2020,EV
제네시스,Genesis,G80(RG3),G80 (RG3),2021,GASOLINE
제네시스,Genesis,G80(RG3),G80 (RG3),2021,DIESEL
제네시스,Genesis,G80(RG3),G80 (RG3),2021,EV
제네시스,Genesis,G80(RG3),G80 (RG3),2022,GASOLINE
제네시스,Genesis,G80(RG3),G80 (RG3),2022,DIESEL
제네시스,Genesis,G80(RG3),G80 (RG3),2022,EV
제네시스,Genesis,G80(RG3),G80 (RG3),2023,GASOLINE
제네시스,Genesis,G80(RG3),G80 (RG3),2023,DIESEL
제네시스,Genesis,G80(RG3),G80 (RG3),2023,EV
제네시스,Genesis,G80(RG3),G80 (RG3),2024,GASOLINE
제네시스,Genesis,G80(RG3),G80 (RG3),2024,DIESEL
제네시스,Genesis,G80(RG3),G80 (RG3),2024,EV
제네시스,Genesis,G80(RG3),G80 (RG3),2025,GASOLINE
제네시스,Genesis,G80(RG3),G80 (RG3),2025,DIESEL
제네시스,Genesis,G80(RG3),G80 (RG3),2025,EV
제네시스,Genesis,G80(RG3),G80 (RG3),2026,GASOLINE
제네시스,Genesis,G80(RG3),G80 (RG3),2026,DIESEL
제네시스,Genesis,G80(RG3),G80 (RG3),2026,EV
제네시스,Genesis,G90(HI),G90 (HI),2010,GASOLINE
제네시스,Genesis,G90(HI),G90 (HI),2011,GASOLINE
제네시스,Genesis,G90(HI),G90 (HI),2012,GASOLINE
제네시스,Genesis,G90(HI),G90 (HI),2013,GASOLINE
제네시스,Genesis,G90(HI),G90 (HI),2014,GASOLINE
제네시스,Genesis,G90(HI),G90 (HI),2015,GASOLINE
제네시스,Genesis,G90(HI),G90 (HI),2016,GASOLINE
제네시스,Genesis,G90(HI),G90 (HI),2017,GASOLINE
제네시스,Genesis,G90(HI),G90 (HI),2018,GASOLINE
제네시스,Genesis,G90(HI),G90 (HI),2019,GASOLINE
제네시스,Genesis,G90(HI),G90 (HI),2020,GASOLINE
제네시스,Genesis,G90(HI),G90 (HI),2021,GASOLINE
제네시스,Genesis,G90(HI),G90 (HI),2022,GASOLINE
제네시스,Genesis,G90(HI),G90 (HI),2023,GASOLINE
제네시스,Genesis,G90(HI),G90 (HI),2024,GASOLINE
제네시스,Genesis,G90(HI),G90 (HI),2025,GASOLINE
제네시스,Genesis,G90(HI),G90 (HI),2026,GASOLINE
제네시스,Genesis,G90(RS4),G90 (RS4),2010,GASOLINE
제네시스,Genesis,G90(RS4),G90 (RS4),2011,GASOLINE
제네시스,Genesis,G90(RS4),G90 (RS4),2012,GASOLINE
제네시스,Genesis,G90(RS4),G90 (RS4),2013,GASOLINE
제네시스,Genesis,G90(RS4),G90 (RS4),2014,GASOLINE
제네시스,Genesis,G90(RS4),G90 (RS4),2015,GASOLINE
제네시스,Genesis,G90(RS4),G90 (RS4),2016,GASOLINE
제네시스,Genesis,G90(RS4),G90 (RS4),2017,GASOLINE
제네시스,Genesis,G90(RS4),G90 (RS4),2018,GASOLINE
제네시스,Genesis,G90(RS4),G90 (RS4),2019,GASOLINE
제네시스,Genesis,G90(RS4),G90 (RS4),2020,GASOLINE
제네시스,Genesis,G90(RS4),G90 (RS4),2021,GASOLINE
제네시스,Genesis,G90(RS4),G90 (RS4),2022,GASOLINE
제네시스,Genesis,G90(RS4),G90 (RS4),2023,GASOLINE
제네시스,Genesis,G90(RS4),G90 (RS4),2024,GASOLINE
제네시스,Genesis,G90(RS4),G90 (RS4),2025,GASOLINE
제네시스,Genesis,G90(RS4),G90 (RS4),2026,GASOLINE
제네시스,Genesis,GV60,GV60,2014,EV
제네시스,Genesis,GV60,GV60,2015,EV
제네시스,Genesis,GV60,GV60,2016,EV
제네시스,Genesis,GV60,GV60,2017,EV
제네시스,Genesis,GV60,GV60,2018,EV
제네시스,Genesis,GV60,GV60,2019,EV
제네시스,Genesis,GV60,GV60,2020,EV
제네시스,Genesis,GV60,GV60,2021,EV
제네시스,Genesis,GV60,GV60,2022,EV
제네시스,Genesis,GV60,GV60,2023,EV
제네시스,Genesis,GV60,GV60,2024,EV
제네시스,Genesis,GV60,GV60,2025,EV
제네시스,Genesis,GV60,GV60,2026,EV
제네시스,Genesis,GV70,GV70,2010,GASOLINE
제네시스,Genesis,GV70,GV70,2010,DIESEL
제네시스,Genesis,GV70,GV70,2011,GASOLINE
제네시스,Genesis,GV70,GV70,2011,DIESEL
제네시스,Genesis,GV70,GV70,2012,GASOLINE
제네시스,Genesis,GV70,GV70,2012,DIESEL
제네시스,Genesis,GV70,GV70,2013,GASOLINE
제네시스,Genesis,GV70,GV70,2013,DIESEL
제네시스,Genesis,GV70,GV70,2014,GASOLINE
제네시스,Genesis,GV70,GV70,2014,DIESEL
제네시스,Genesis,GV70,GV70,2014,EV
제네시스,Genesis,GV70,GV70,2015,GASOLINE
제네시스,Genesis,GV70,GV70,2015,DIESEL
제네시스,Genesis,GV70,GV70,2015,EV
제네시스,Genesis,GV70,GV70,2016,GASOLINE
제네시스,Genesis,GV70,GV70,2016,DIESEL
제네시스,Genesis,GV70,GV70,2016,EV
제네시스,Genesis,GV70,GV70,2017,GASOLINE
제네시스,Genesis,GV70,GV70,2017,DIESEL
제네시스,Genesis,GV70,GV70,2017,EV
제네시스,Genesis,GV70,GV70,2018,GASOLINE
제네시스,Genesis,GV70,GV70,2018,DIESEL
제네시스,Genesis,GV70,GV70,2018,EV
제네시스,Genesis,GV70,GV70,2019,GASOLINE
제네시스,Genesis,GV70,GV70,2019,DIESEL
제네시스,Genesis,GV70,GV70,2019,EV
제네시스,Genesis,GV70,GV70,2020,GASOLINE
제네시스,Genesis,GV70,GV70,2020,DIESEL
제네시스,Genesis,GV70,GV70,2020,EV
제네시스,Genesis,GV70,GV70,2021,GASOLINE
제네시스,Genesis,GV70,GV70,2021,DIESEL
제네시스,Genesis,GV70,GV70,2021,EV
제네시스,Genesis,GV70,GV70,2022,GASOLINE
제네시스,Genesis,GV70,GV70,2022,DIESEL
제네시스,Genesis,GV70,GV70,2022,EV
제네시스,Genesis,GV70,GV70,2023,GASOLINE
제네시스,Genesis,GV70,GV70,2023,DIESEL
제네시스,Genesis,GV70,GV70,2023,EV
제네시스,Genesis,GV70,GV70,2024,GASOLINE
제네시스,Genesis,GV70,GV70,2024,DIESEL
제네시스,Genesis,GV70,GV70,2024,EV
제네시스,Genesis,GV70,GV70,2025,GASOLINE
제네시스,Genesis,GV70,GV70,2025,DIESEL
제네시스,Genesis,GV70,GV70,2025,EV
제네시스,Genesis,GV70,GV70,2026,GASOLINE
제네시스,Genesis,GV70,GV70,2026,DIESEL
제네시스,Genesis,GV70,GV70,2026,EV
제네시스,Genesis,GV80,GV80,2010,GASOLINE
제네시스,Genesis,GV80,GV80,2010,DIESEL
제네시스,Genesis,GV80,GV80,2011,GASOLINE
제네시스,Genesis,GV80,GV80,2011,DIESEL
제네시스,Genesis,GV80,GV80,2012,GASOLINE
제네시스,Genesis,GV80,GV80,2012,DIESEL
제네시스,Genesis,GV80,GV80,2013,GASOLINE
제네시스,Genesis,GV80,GV80,2013,DIESEL
제네시스,Genesis,GV80,GV80,2014,GASOLINE
제네시스,Genesis,GV80,GV80,2014,DIESEL
제네시스,Genesis,GV80,GV80,2015,GASOLINE
제네시스,Genesis,GV80,GV80,2015,DIESEL
제네시스,Genesis,GV80,GV80,2016,GASOLINE
제네시스,Genesis,GV80,GV80,2016,DIESEL
제네시스,Genesis,GV80,GV80,2017,GASOLINE
제네시스,Genesis,GV80,GV80,2017,DIESEL
제네시스,Genesis,GV80,GV80,2018,GASOLINE
제네시스,Genesis,GV80,GV80,2018,DIESEL
제네시스,Genesis,GV80,GV80,2019,GASOLINE
제네시스,Genesis,GV80,GV80,2019,DIESEL
제네시스,Genesis,GV80,GV80,2020,GASOLINE
제네시스,Genesis,GV80,GV80,2020,DIESEL
제네시스,Genesis,GV80,GV80,2021,GASOLINE
제네시스,Genesis,GV80,GV80,2021,DIESEL
제네시스,Genesis,GV80,GV80,2022,GASOLINE
제네시스,Genesis,GV80,GV80,2022,DIESEL
제네시스,Genesis,GV80,GV80,2023,GASOLINE
제네시스,Genesis,GV80,GV80,2023,DIESEL
제네시스,Genesis,GV80,GV80,2024,GASOLINE
제네시스,Genesis,GV80,GV80,2024,DIESEL
제네시스,Genesis,GV80,GV80,2025,GASOLINE
제네시스,Genesis,GV80,GV80,2025,DIESEL
제네시스,Genesis,GV80,GV80,2026,GASOLINE
제네시스,Genesis,GV80,GV80,2026,DIESEL
BMW,BMW,3시리즈(F30),3 Series (F30),2010,GASOLINE
BMW,BMW,3시리즈(F30),3 Series (F30),2010,DIESEL
BMW,BMW,3시리즈(F30),3 Series (F30),2011,GASOLINE
BMW,BMW,3시리즈(F30),3 Series (F30),2011,DIESEL
BMW,BMW,3시리즈(F30),3 Series (F30),2012,GASOLINE
BMW,BMW,3시리즈(F30),3 Series (F30),2012,DIESEL
BMW,BMW,3시리즈(F30),3 Series (F30),2013,GASOLINE
BMW,BMW,3시리즈(F30),3 Series (F30),2013,DIESEL
BMW,BMW,3시리즈(F30),3 Series (F30),2014,GASOLINE
BMW,BMW,3시리즈(F30),3 Series (F30),2014,DIESEL
BMW,BMW,3시리즈(F30),3 Series (F30),2014,EV
BMW,BMW,3시리즈(F30),3 Series (F30),2015,GASOLINE
BMW,BMW,3시리즈(F30),3 Series (F30),2015,DIESEL
BMW,BMW,3시리즈(F30),3 Series (F30),2015,PHEV
BMW,BMW,3시리즈(F30),3 Series (F30),2015,EV
BMW,BMW,3시리즈(F30),3 Series (F30),2016,GASOLINE
BMW,BMW,3시리즈(F30),3 Series (F30),2016,DIESEL
BMW,BMW,3시리즈(F30),3 Series (F30),2016,PHEV
BMW,BMW,3시리즈(F30),3 Series (F30),2016,EV
BMW,BMW,3시리즈(F30),3 Series (F30),2017,GASOLINE
BMW,BMW,3시리즈(F30),3 Series (F30),2017,DIESEL
BMW,BMW,3시리즈(F30),3 Series (F30),2017,PHEV
BMW,BMW,3시리즈(F30),3 Series (F30),2017,EV
BMW,BMW,3시리즈(F30),3 Series (F30),2018,GASOLINE
BMW,BMW,3시리즈(F30),3 Series (F30),2018,DIESEL
BMW,BMW,3시리즈(F30),3 Series (F30),2018,PHEV
BMW,BMW,3시리즈(F30),3 Series (F30),2018,EV
BMW,BMW,3시리즈(F30),3 Series (F30),2019,GASOLINE
BMW,BMW,3시리즈(F30),3 Series (F30),2019,DIESEL
BMW,BMW,3시리즈(F30),3 Series (F30),2019,PHEV
BMW,BMW,3시리즈(F30),3 Series (F30),2019,EV
BMW,BMW,3시리즈(F30),3 Series (F30),2020,GASOLINE
BMW,BMW,3시리즈(F30),3 Series (F30),2020,DIESEL
BMW,BMW,3시리즈(F30),3 Series (F30),2020,PHEV
BMW,BMW,3시리즈(F30),3 Series (F30),2020,EV
BMW,BMW,3시리즈(F30),3 Series (F30),2021,GASOLINE
BMW,BMW,3시리즈(F30),3 Series (F30),2021,DIESEL
BMW,BMW,3시리즈(F30),3 Series (F30),2021,PHEV
BMW,BMW,3시리즈(F30),3 Series (F30),2021,EV
BMW,BMW,3시리즈(F30),3 Series (F30),2022,GASOLINE
BMW,BMW,3시리즈(F30),3 Series (F30),2022,DIESEL
BMW,BMW,3시리즈(F30),3 Series (F30),2022,PHEV
BMW,BMW,3시리즈(F30),3 Series (F30),2022,EV
BMW,BMW,3시리즈(F30),3 Series (F30),2023,GASOLINE
BMW,BMW,3시리즈(F30),3 Series (F30),2023,DIESEL
BMW,BMW,3시리즈(F30),3 Series (F30),2023,PHEV
BMW,BMW,3시리즈(F30),3 Series (F30),2023,EV
BMW,BMW,3시리즈(F30),3 Series (F30),2024,GASOLINE
BMW,BMW,3시리즈(F30),3 Series (F30),2024,DIESEL
BMW,BMW,3시리즈(F30),3 Series (F30),2024,PHEV
BMW,BMW,3시리즈(F30),3 Series (F30),2024,EV
BMW,BMW,3시리즈(F30),3 Series (F30),2025,GASOLINE
BMW,BMW,3시리즈(F30),3 Series (F30),2025,DIESEL
BMW,BMW,3시리즈(F30),3 Series (F30),2025,PHEV
BMW,BMW,3시리즈(F30),3 Series (F30),2025,EV
BMW,BMW,3시리즈(F30),3 Series (F30),2026,GASOLINE
BMW,BMW,3시리즈(F30),3 Series (F30),2026,DIESEL
BMW,BMW,3시리즈(F30),3 Series (F30),2026,PHEV
BMW,BMW,3시리즈(F30),3 Series (F30),2026,EV
BMW,BMW,3시리즈(G20),3 Series (G20),2010,GASOLINE
BMW,BMW,3시리즈(G20),3 Series (G20),2010,DIESEL
BMW,BMW,3시리즈(G20),3 Series (G20),2011,GASOLINE
BMW,BMW,3시리즈(G20),3 Series (G20),2011,DIESEL
BMW,BMW,3시리즈(G20),3 Series (G20),2012,GASOLINE
BMW,BMW,3시리즈(G20),3 Series (G20),2012,DIESEL
BMW,BMW,3시리즈(G20),3 Series (G20),2013,GASOLINE
BMW,BMW,3시리즈(G20),3 Series (G20),2013,DIESEL
BMW,BMW,3시리즈(G20),3 Series (G20),2014,GASOLINE
BMW,BMW,3시리즈(G20),3 Series (G20),2014,DIESEL
BMW,BMW,3시리즈(G20),3 Series (G20),2014,EV
BMW,BMW,3시리즈(G20),3 Series (G20),2015,GASOLINE
BMW,BMW,3시리즈(G20),3 Series (G20),2015,DIESEL
BMW,BMW,3시리즈(G20),3 Series (G20),2015,PHEV
BMW,BMW,3시리즈(G20),3 Series (G20),2015,EV
BMW,BMW,3시리즈(G20),3 Series (G20),2016,GASOLINE
BMW,BMW,3시리즈(G20),3 Series (G20),2016,DIESEL
BMW,BMW,3시리즈(G20),3 Series (G20),2016,PHEV
BMW,BMW,3시리즈(G20),3 Series (G20),2016,EV
BMW,BMW,3시리즈(G20),3 Series (G20),2017,GASOLINE
BMW,BMW,3시리즈(G20),3 Series (G20),2017,DIESEL
BMW,BMW,3시리즈(G20),3 Series (G20),2017,PHEV
BMW,BMW,3시리즈(G20),3 Series (G20),2017,EV
BMW,BMW,3시리즈(G20),3 Series (G20),2018,GASOLINE
BMW,BMW,3시리즈(G20),3 Series (G20),2018,DIESEL
BMW,BMW,3시리즈(G20),3 Series (G20),2018,PHEV
BMW,BMW,3시리즈(G20),3 Series (G20),2018,EV
BMW,BMW,3시리즈(G20),3 Series (G20),2019,GASOLINE
BMW,BMW,3시리즈(G20),3 Series (G20),2019,DIESEL
BMW,BMW,3시리즈(G20),3 Series (G20),2019,PHEV
BMW,BMW,3시리즈(G20),3 Series (G20),2019,EV
BMW,BMW,3시리즈(G20),3 Series (G20),2020,GASOLINE
BMW,BMW,3시리즈(G20),3 Series (G20),2020,DIESEL
BMW,BMW,3시리즈(G20),3 Series (G20),2020,PHEV
BMW,BMW,3시리즈(G20),3 Series (G20),2020,EV
BMW,BMW,3시리즈(G20),3 Series (G20),2021,GASOLINE
BMW,BMW,3시리즈(G20),3 Series (G20),2021,DIESEL
BMW,BMW,3시리즈(G20),3 Series (G20),2021,PHEV
BMW,BMW,3시리즈(G20),3 Series (G20),2021,EV
BMW,BMW,3시리즈(G20),3 Series (G20),2022,GASOLINE
BMW,BMW,3시리즈(G20),3 Series (G20),2022,DIESEL
BMW,BMW,3시리즈(G20),3 Series (G20),2022,PHEV
BMW,BMW,3시리즈(G20),3 Series (G20),2022,EV
BMW,BMW,3시리즈(G20),3 Series (G20),2023,GASOLINE
BMW,BMW,3시리즈(G20),3 Series (G20),2023,DIESEL
BMW,BMW,3시리즈(G20),3 Series (G20),2023,PHEV
BMW,BMW,3시리즈(G20),3 Series (G20),2023,EV
BMW,BMW,3시리즈(G20),3 Series (G20),2024,GASOLINE
BMW,BMW,3시리즈(G20),3 Series (G20),2024,DIESEL
BMW,BMW,3시리즈(G20),3 Series (G20),2024,PHEV
BMW,BMW,3시리즈(G20),3 Series (G20),2024,EV
BMW,BMW,3시리즈(G20),3 Series (G20),2025,GASOLINE
BMW,BMW,3시리즈(G20),3 Series (G20),2025,DIESEL
BMW,BMW,3시리즈(G20),3 Series (G20),2025,PHEV
BMW,BMW,3시리즈(G20),3 Series (G20),2025,EV
BMW,BMW,3시리즈(G20),3 Series (G20),2026,GASOLINE
BMW,BMW,3시리즈(G20),3 Series (G20),2026,DIESEL
BMW,BMW,3시리즈(G20),3 Series (G20),2026,PHEV
BMW,BMW,3시리즈(G20),3 Series (G20),2026,EV
BMW,BMW,5시리즈(F10),5 Series (F10),2010,GASOLINE
BMW,BMW,5시리즈(F10),5 Series (F10),2010,DIESEL
BMW,BMW,5시리즈(F10),5 Series (F10),2011,GASOLINE
BMW,BMW,5시리즈(F10),5 Series (F10),2011,DIESEL
BMW,BMW,5시리즈(F10),5 Series (F10),2012,GASOLINE
BMW,BMW,5시리즈(F10),5 Series (F10),2012,DIESEL
BMW,BMW,5시리즈(F10),5 Series (F10),2013,GASOLINE
BMW,BMW,5시리즈(F10),5 Series (F10),2013,DIESEL
BMW,BMW,5시리즈(F10),5 Series (F10),2014,GASOLINE
BMW,BMW,5시리즈(F10),5 Series (F10),2014,DIESEL
BMW,BMW,5시리즈(F10),5 Series (F10),2014,EV
BMW,BMW,5시리즈(F10),5 Series (F10),2015,GASOLINE
BMW,BMW,5시리즈(F10),5 Series (F10),2015,DIESEL
BMW,BMW,5시리즈(F10),5 Series (F10),2015,PHEV
BMW,BMW,5시리즈(F10),5 Series (F10),2015,EV
BMW,BMW,5시리즈(F10),5 Series (F10),2016,GASOLINE
BMW,BMW,5시리즈(F10),5 Series (F10),2016,DIESEL
BMW,BMW,5시리즈(F10),5 Series (F10),2016,PHEV
BMW,BMW,5시리즈(F10),5 Series (F10),2016,EV
BMW,BMW,5시리즈(F10),5 Series (F10),2017,GASOLINE
BMW,BMW,5시리즈(F10),5 Series (F10),2017,DIESEL
BMW,BMW,5시리즈(F10),5 Series (F10),2017,PHEV
BMW,BMW,5시리즈(F10),5 Series (F10),2017,EV
BMW,BMW,5시리즈(F10),5 Series (F10),2018,GASOLINE
BMW,BMW,5시리즈(F10),5 Series (F10),2018,DIESEL
BMW,BMW,5시리즈(F10),5 Series (F10),2018,PHEV
BMW,BMW,5시리즈(F10),5 Series (F10),2018,EV
BMW,BMW,5시리즈(F10),5 Series (F10),2019,GASOLINE
BMW,BMW,5시리즈(F10),5 Series (F10),2019,DIESEL
BMW,BMW,5시리즈(F10),5 Series (F10),2019,PHEV
BMW,BMW,5시리즈(F10),5 Series (F10),2019,EV
BMW,BMW,5시리즈(F10),5 Series (F10),2020,GASOLINE
BMW,BMW,5시리즈(F10),5 Series (F10),2020,DIESEL
BMW,BMW,5시리즈(F10),5 Series (F10),2020,PHEV
BMW,BMW,5시리즈(F10),5 Series (F10),2020,EV
BMW,BMW,5시리즈(F10),5 Series (F10),2021,GASOLINE
BMW,BMW,5시리즈(F10),5 Series (F10),2021,DIESEL
BMW,BMW,5시리즈(F10),5 Series (F10),2021,PHEV
BMW,BMW,5시리즈(F10),5 Series (F10),2021,EV
BMW,BMW,5시리즈(F10),5 Series (F10),2022,GASOLINE
BMW,BMW,5시리즈(F10),5 Series (F10),2022,DIESEL
BMW,BMW,5시리즈(F10),5 Series (F10),2022,PHEV
BMW,BMW,5시리즈(F10),5 Series (F10),2022,EV
BMW,BMW,5시리즈(F10),5 Series (F10),2023,GASOLINE
BMW,BMW,5시리즈(F10),5 Series (F10),2023,DIESEL
BMW,BMW,5시리즈(F10),5 Series (F10),2023,PHEV
BMW,BMW,5시리즈(F10),5 Series (F10),2023,EV
BMW,BMW,5시리즈(F10),5 Series (F10),2024,GASOLINE
BMW,BMW,5시리즈(F10),5 Series (F10),2024,DIESEL
BMW,BMW,5시리즈(F10),5 Series (F10),2024,PHEV
BMW,BMW,5시리즈(F10),5 Series (F10),2024,EV
BMW,BMW,5시리즈(F10),5 Series (F10),2025,GASOLINE
BMW,BMW,5시리즈(F10),5 Series (F10),2025,DIESEL
BMW,BMW,5시리즈(F10),5 Series (F10),2025,PHEV
BMW,BMW,5시리즈(F10),5 Series (F10),2025,EV
BMW,BMW,5시리즈(F10),5 Series (F10),2026,GASOLINE
BMW,BMW,5시리즈(F10),5 Series (F10),2026,DIESEL
BMW,BMW,5시리즈(F10),5 Series (F10),2026,PHEV
BMW,BMW,5시리즈(F10),5 Series (F10),2026,EV
BMW,BMW,5시리즈(G30),5 Series (G30),2010,GASOLINE
BMW,BMW,5시리즈(G30),5 Series (G30),2010,DIESEL
BMW,BMW,5시리즈(G30),5 Series (G30),2011,GASOLINE
BMW,BMW,5시리즈(G30),5 Series (G30),2011,DIESEL
BMW,BMW,5시리즈(G30),5 Series (G30),2012,GASOLINE
BMW,BMW,5시리즈(G30),5 Series (G30),2012,DIESEL
BMW,BMW,5시리즈(G30),5 Series (G30),2013,GASOLINE
BMW,BMW,5시리즈(G30),5 Series (G30),2013,DIESEL
BMW,BMW,5시리즈(G30),5 Series (G30),2014,GASOLINE
BMW,BMW,5시리즈(G30),5 Series (G30),2014,DIESEL
BMW,BMW,5시리즈(G30),5 Series (G30),2014,EV
BMW,BMW,5시리즈(G30),5 Series (G30),2015,GASOLINE
BMW,BMW,5시리즈(G30),5 Series (G30),2015,DIESEL
BMW,BMW,5시리즈(G30),5 Series (G30),2015,PHEV
BMW,BMW,5시리즈(G30),5 Series (G30),2015,EV
BMW,BMW,5시리즈(G30),5 Series (G30),2016,GASOLINE
BMW,BMW,5시리즈(G30),5 Series (G30),2016,DIESEL
BMW,BMW,5시리즈(G30),5 Series (G30),2016,PHEV
BMW,BMW,5시리즈(G30),5 Series (G30),2016,EV
BMW,BMW,5시리즈(G30),5 Series (G30),2017,GASOLINE
BMW,BMW,5시리즈(G30),5 Series (G30),2017,DIESEL
BMW,BMW,5시리즈(G30),5 Series (G30),2017,PHEV
BMW,BMW,5시리즈(G30),5 Series (G30),2017,EV
BMW,BMW,5시리즈(G30),5 Series (G30),2018,GASOLINE
BMW,BMW,5시리즈(G30),5 Series (G30),2018,DIESEL
BMW,BMW,5시리즈(G30),5 Series (G30),2018,PHEV
BMW,BMW,5시리즈(G30),5 Series (G30),2018,EV
BMW,BMW,5시리즈(G30),5 Series (G30),2019,GASOLINE
BMW,BMW,5시리즈(G30),5 Series (G30),2019,DIESEL
BMW,BMW,5시리즈(G30),5 Series (G30),2019,PHEV
BMW,BMW,5시리즈(G30),5 Series (G30),2019,EV
BMW,BMW,5시리즈(G30),5 Series (G30),2020,GASOLINE
BMW,BMW,5시리즈(G30),5 Series (G30),2020,DIESEL
BMW,BMW,5시리즈(G30),5 Series (G30),2020,PHEV
BMW,BMW,5시리즈(G30),5 Series (G30),2020,EV
BMW,BMW,5시리즈(G30),5 Series (G30),2021,GASOLINE
BMW,BMW,5시리즈(G30),5 Series (G30),2021,DIESEL
BMW,BMW,5시리즈(G30),5 Series (G30),2021,PHEV
BMW,BMW,5시리즈(G30),5 Series (G30),2021,EV
BMW,BMW,5시리즈(G30),5 Series (G30),2022,GASOLINE
BMW,BMW,5시리즈(G30),5 Series (G30),2022,DIESEL
BMW,BMW,5시리즈(G30),5 Series (G30),2022,PHEV
BMW,BMW,5시리즈(G30),5 Series (G30),2022,EV
BMW,BMW,5시리즈(G30),5 Series (G30),2023,GASOLINE
BMW,BMW,5시리즈(G30),5 Series (G30),2023,DIESEL
BMW,BMW,5시리즈(G30),5 Series (G30),2023,PHEV
BMW,BMW,5시리즈(G30),5 Series (G30),2023,EV
BMW,BMW,5시리즈(G30),5 Series (G30),2024,GASOLINE
BMW,BMW,5시리즈(G30),5 Series (G30),2024,DIESEL
BMW,BMW,5시리즈(G30),5 Series (G30),2024,PHEV
BMW,BMW,5시리즈(G30),5 Series (G30),2024,EV
BMW,BMW,5시리즈(G30),5 Series (G30),2025,GASOLINE
BMW,BMW,5시리즈(G30),5 Series (G30),2025,DIESEL
BMW,BMW,5시리즈(G30),5 Series (G30),2025,PHEV
BMW,BMW,5시리즈(G30),5 Series (G30),2025,EV
BMW,BMW,5시리즈(G30),5 Series (G30),2026,GASOLINE
BMW,BMW,5시리즈(G30),5 Series (G30),2026,DIESEL
BMW,BMW,5시리즈(G30),5 Series (G30),2026,PHEV
BMW,BMW,5시리즈(G30),5 Series (G30),2026,EV
BMW,BMW,5시리즈(G60),5 Series (G60),2010,GASOLINE
BMW,BMW,5시리즈(G60),5 Series (G60),2010,DIESEL
BMW,BMW,5시리즈(G60),5 Series (G60),2011,GASOLINE
BMW,BMW,5시리즈(G60),5 Series (G60),2011,DIESEL
BMW,BMW,5시리즈(G60),5 Series (G60),2012,GASOLINE
BMW,BMW,5시리즈(G60),5 Series (G60),2012,DIESEL
BMW,BMW,5시리즈(G60),5 Series (G60),2013,GASOLINE
BMW,BMW,5시리즈(G60),5 Series (G60),2013,DIESEL
BMW,BMW,5시리즈(G60),5 Series (G60),2014,GASOLINE
BMW,BMW,5시리즈(G60),5 Series (G60),2014,DIESEL
BMW,BMW,5시리즈(G60),5 Series (G60),2014,EV
BMW,BMW,5시리즈(G60),5 Series (G60),2015,GASOLINE
BMW,BMW,5시리즈(G60),5 Series (G60),2015,DIESEL
BMW,BMW,5시리즈(G60),5 Series (G60),2015,PHEV
BMW,BMW,5시리즈(G60),5 Series (G60),2015,EV
BMW,BMW,5시리즈(G60),5 Series (G60),2016,GASOLINE
BMW,BMW,5시리즈(G60),5 Series (G60),2016,DIESEL
BMW,BMW,5시리즈(G60),5 Series (G60),2016,PHEV
BMW,BMW,5시리즈(G60),5 Series (G60),2016,EV
BMW,BMW,5시리즈(G60),5 Series (G60),2017,GASOLINE
BMW,BMW,5시리즈(G60),5 Series (G60),2017,DIESEL
BMW,BMW,5시리즈(G60),5 Series (G60),2017,PHEV
BMW,BMW,5시리즈(G60),5 Series (G60),2017,EV
BMW,BMW,5시리즈(G60),5 Series (G60),2018,GASOLINE
BMW,BMW,5시리즈(G60),5 Series (G60),2018,DIESEL
BMW,BMW,5시리즈(G60),5 Series (G60),2018,PHEV
BMW,BMW,5시리즈(G60),5 Series (G60),2018,EV
BMW,BMW,5시리즈(G60),5 Series (G60),2019,GASOLINE
BMW,BMW,5시리즈(G60),5 Series (G60),2019,DIESEL
BMW,BMW,5시리즈(G60),5 Series (G60),2019,PHEV
BMW,BMW,5시리즈(G60),5 Series (G60),2019,EV
BMW,BMW,5시리즈(G60),5 Series (G60),2020,GASOLINE
BMW,BMW,5시리즈(G60),5 Series (G60),2020,DIESEL
BMW,BMW,5시리즈(G60),5 Series (G60),2020,PHEV
BMW,BMW,5시리즈(G60),5 Series (G60),2020,EV
BMW,BMW,5시리즈(G60),5 Series (G60),2021,GASOLINE
BMW,BMW,5시리즈(G60),5 Series (G60),2021,DIESEL
BMW,BMW,5시리즈(G60),5 Series (G60),2021,PHEV
BMW,BMW,5시리즈(G60),5 Series (G60),2021,EV
BMW,BMW,5시리즈(G60),5 Series (G60),2022,GASOLINE
BMW,BMW,5시리즈(G60),5 Series (G60),2022,DIESEL
BMW,BMW,5시리즈(G60),5 Series (G60),2022,PHEV
BMW,BMW,5시리즈(G60),5 Series (G60),2022,EV
BMW,BMW,5시리즈(G60),5 Series (G60),2023,GASOLINE
BMW,BMW,5시리즈(G60),5 Series (G60),2023,DIESEL
BMW,BMW,5시리즈(G60),5 Series (G60),2023,PHEV
BMW,BMW,5시리즈(G60),5 Series (G60),2023,EV
BMW,BMW,5시리즈(G60),5 Series (G60),2024,GASOLINE
BMW,BMW,5시리즈(G60),5 Series (G60),2024,DIESEL
BMW,BMW,5시리즈(G60),5 Series (G60),2024,PHEV
BMW,BMW,5시리즈(G60),5 Series (G60),2024,EV
BMW,BMW,5시리즈(G60),5 Series (G60),2025,GASOLINE
BMW,BMW,5시리즈(G60),5 Series (G60),2025,DIESEL
BMW,BMW,5시리즈(G60),5 Series (G60),2025,PHEV
BMW,BMW,5시리즈(G60),5 Series (G60),2025,EV
BMW,BMW,5시리즈(G60),5 Series (G60),2026,GASOLINE
BMW,BMW,5시리즈(G60),5 Series (G60),2026,DIESEL
BMW,BMW,5시리즈(G60),5 Series (G60),2026,PHEV
BMW,BMW,5시리즈(G60),5 Series (G60),2026,EV
BMW,BMW,7시리즈(G11),7 Series (G11),2010,GASOLINE
BMW,BMW,7시리즈(G11),7 Series (G11),2010,DIESEL
BMW,BMW,7시리즈(G11),7 Series (G11),2011,GASOLINE
BMW,BMW,7시리즈(G11),7 Series (G11),2011,DIESEL
BMW,BMW,7시리즈(G11),7 Series (G11),2012,GASOLINE
BMW,BMW,7시리즈(G11),7 Series (G11),2012,DIESEL
BMW,BMW,7시리즈(G11),7 Series (G11),2013,GASOLINE
BMW,BMW,7시리즈(G11),7 Series (G11),2013,DIESEL
BMW,BMW,7시리즈(G11),7 Series (G11),2014,GASOLINE
BMW,BMW,7시리즈(G11),7 Series (G11),2014,DIESEL
BMW,BMW,7시리즈(G11),7 Series (G11),2014,EV
BMW,BMW,7시리즈(G11),7 Series (G11),2015,GASOLINE
BMW,BMW,7시리즈(G11),7 Series (G11),2015,DIESEL
BMW,BMW,7시리즈(G11),7 Series (G11),2015,PHEV
BMW,BMW,7시리즈(G11),7 Series (G11),2015,EV
BMW,BMW,7시리즈(G11),7 Series (G11),2016,GASOLINE
BMW,BMW,7시리즈(G11),7 Series (G11),2016,DIESEL
BMW,BMW,7시리즈(G11),7 Series (G11),2016,PHEV
BMW,BMW,7시리즈(G11),7 Series (G11),2016,EV
BMW,BMW,7시리즈(G11),7 Series (G11),2017,GASOLINE
BMW,BMW,7시리즈(G11),7 Series (G11),2017,DIESEL
BMW,BMW,7시리즈(G11),7 Series (G11),2017,PHEV
BMW,BMW,7시리즈(G11),7 Series (G11),2017,EV
BMW,BMW,7시리즈(G11),7 Series (G11),2018,GASOLINE
BMW,BMW,7시리즈(G11),7 Series (G11),2018,DIESEL
BMW,BMW,7시리즈(G11),7 Series (G11),2018,PHEV
BMW,BMW,7시리즈(G11),7 Series (G11),2018,EV
BMW,BMW,7시리즈(G11),7 Series (G11),2019,GASOLINE
BMW,BMW,7시리즈(G11),7 Series (G11),2019,DIESEL
BMW,BMW,7시리즈(G11),7 Series (G11),2019,PHEV
BMW,BMW,7시리즈(G11),7 Series (G11),2019,EV
BMW,BMW,7시리즈(G11),7 Series (G11),2020,GASOLINE
BMW,BMW,7시리즈(G11),7 Series (G11),2020,DIESEL
BMW,BMW,7시리즈(G11),7 Series (G11),2020,PHEV
BMW,BMW,7시리즈(G11),7 Series (G11),2020,EV
BMW,BMW,7시리즈(G11),7 Series (G11),2021,GASOLINE
BMW,BMW,7시리즈(G11),7 Series (G11),2021,DIESEL
BMW,BMW,7시리즈(G11),7 Series (G11),2021,PHEV
BMW,BMW,7시리즈(G11),7 Series (G11),2021,EV
BMW,BMW,7시리즈(G11),7 Series (G11),2022,GASOLINE
BMW,BMW,7시리즈(G11),7 Series (G11),2022,DIESEL
BMW,BMW,7시리즈(G11),7 Series (G11),2022,PHEV
BMW,BMW,7시리즈(G11),7 Series (G11),2022,EV
BMW,BMW,7시리즈(G11),7 Series (G11),2023,GASOLINE
BMW,BMW,7시리즈(G11),7 Series (G11),2023,DIESEL
BMW,BMW,7시리즈(G11),7 Series (G11),2023,PHEV
BMW,BMW,7시리즈(G11),7 Series (G11),2023,EV
BMW,BMW,7시리즈(G11),7 Series (G11),2024,GASOLINE
BMW,BMW,7시리즈(G11),7 Series (G11),2024,DIESEL
BMW,BMW,7시리즈(G11),7 Series (G11),2024,PHEV
BMW,BMW,7시리즈(G11),7 Series (G11),2024,EV
BMW,BMW,7시리즈(G11),7 Series (G11),2025,GASOLINE
BMW,BMW,7시리즈(G11),7 Series (G11),2025,DIESEL
BMW,BMW,7시리즈(G11),7 Series (G11),2025,PHEV
BMW,BMW,7시리즈(G11),7 Series (G11),2025,EV
BMW,BMW,7시리즈(G11),7 Series (G11),2026,GASOLINE
BMW,BMW,7시리즈(G11),7 Series (G11),2026,DIESEL
BMW,BMW,7시리즈(G11),7 Series (G11),2026,PHEV
BMW,BMW,7시리즈(G11),7 Series (G11),2026,EV
BMW,BMW,7시리즈(G70),7 Series (G70),2010,GASOLINE
BMW,BMW,7시리즈(G70),7 Series (G70),2010,DIESEL
BMW,BMW,7시리즈(G70),7 Series (G70),2011,GASOLINE
BMW,BMW,7시리즈(G70),7 Series (G70),2011,DIESEL
BMW,BMW,7시리즈(G70),7 Series (G70),2012,GASOLINE
BMW,BMW,7시리즈(G70),7 Series (G70),2012,DIESEL
BMW,BMW,7시리즈(G70),7 Series (G70),2013,GASOLINE
BMW,BMW,7시리즈(G70),7 Series (G70),2013,DIESEL
BMW,BMW,7시리즈(G70),7 Series (G70),2014,GASOLINE
BMW,BMW,7시리즈(G70),7 Series (G70),2014,DIESEL
BMW,BMW,7시리즈(G70),7 Series (G70),2014,EV
BMW,BMW,7시리즈(G70),7 Series (G70),2015,GASOLINE
BMW,BMW,7시리즈(G70),7 Series (G70),2015,DIESEL
BMW,BMW,7시리즈(G70),7 Series (G70),2015,PHEV
BMW,BMW,7시리즈(G70),7 Series (G70),2015,EV
BMW,BMW,7시리즈(G70),7 Series (G70),2016,GASOLINE
BMW,BMW,7시리즈(G70),7 Series (G70),2016,DIESEL
BMW,BMW,7시리즈(G70),7 Series (G70),2016,PHEV
BMW,BMW,7시리즈(G70),7 Series (G70),2016,EV
BMW,BMW,7시리즈(G70),7 Series (G70),2017,GASOLINE
BMW,BMW,7시리즈(G70),7 Series (G70),2017,DIESEL
BMW,BMW,7시리즈(G70),7 Series (G70),2017,PHEV
BMW,BMW,7시리즈(G70),7 Series (G70),2017,EV
BMW,BMW,7시리즈(G70),7 Series (G70),2018,GASOLINE
BMW,BMW,7시리즈(G70),7 Series (G70),2018,DIESEL
BMW,BMW,7시리즈(G70),7 Series (G70),2018,PHEV
BMW,BMW,7시리즈(G70),7 Series (G70),2018,EV
BMW,BMW,7시리즈(G70),7 Series (G70),2019,GASOLINE
BMW,BMW,7시리즈(G70),7 Series (G70),2019,DIESEL
BMW,BMW,7시리즈(G70),7 Series (G70),2019,PHEV
BMW,BMW,7시리즈(G70),7 Series (G70),2019,EV
BMW,BMW,7시리즈(G70),7 Series (G70),2020,GASOLINE
BMW,BMW,7시리즈(G70),7 Series (G70),2020,DIESEL
BMW,BMW,7시리즈(G70),7 Series (G70),2020,PHEV
BMW,BMW,7시리즈(G70),7 Series (G70),2020,EV
BMW,BMW,7시리즈(G70),7 Series (G70),2021,GASOLINE
BMW,BMW,7시리즈(G70),7 Series (G70),2021,DIESEL
BMW,BMW,7시리즈(G70),7 Series (G70),2021,PHEV
BMW,BMW,7시리즈(G70),7 Series (G70),2021,EV
BMW,BMW,7시리즈(G70),7 Series (G70),2022,GASOLINE
BMW,BMW,7시리즈(G70),7 Series (G70),2022,DIESEL
BMW,BMW,7시리즈(G70),7 Series (G70),2022,PHEV
BMW,BMW,7시리즈(G70),7 Series (G70),2022,EV
BMW,BMW,7시리즈(G70),7 Series (G70),2023,GASOLINE
BMW,BMW,7시리즈(G70),7 Series (G70),2023,DIESEL
BMW,BMW,7시리즈(G70),7 Series (G70),2023,PHEV
BMW,BMW,7시리즈(G70),7 Series (G70),2023,EV
BMW,BMW,7시리즈(G70),7 Series (G70),2024,GASOLINE
BMW,BMW,7시리즈(G70),7 Series (G70),2024,DIESEL
BMW,BMW,7시리즈(G70),7 Series (G70),2024,PHEV
BMW,BMW,7시리즈(G70),7 Series (G70),2024,EV
BMW,BMW,7시리즈(G70),7 Series (G70),2025,GASOLINE
BMW,BMW,7시리즈(G70),7 Series (G70),2025,DIESEL
BMW,BMW,7시리즈(G70),7 Series (G70),2025,PHEV
BMW,BMW,7시리즈(G70),7 Series (G70),2025,EV
BMW,BMW,7시리즈(G70),7 Series (G70),2026,GASOLINE
BMW,BMW,7시리즈(G70),7 Series (G70),2026,DIESEL
BMW,BMW,7시리즈(G70),7 Series (G70),2026,PHEV
BMW,BMW,7시리즈(G70),7 Series (G70),2026,EV
BMW,BMW,X5(F15),X5 (F15),2010,GASOLINE
BMW,BMW,X5(F15),X5 (F15),2010,DIESEL
BMW,BMW,X5(F15),X5 (F15),2011,GASOLINE
BMW,BMW,X5(F15),X5 (F15),2011,DIESEL
BMW,BMW,X5(F15),X5 (F15),2012,GASOLINE
BMW,BMW,X5(F15),X5 (F15),2012,DIESEL
BMW,BMW,X5(F15),X5 (F15),2013,GASOLINE
BMW,BMW,X5(F15),X5 (F15),2013,DIESEL
BMW,BMW,X5(F15),X5 (F15),2014,GASOLINE
BMW,BMW,X5(F15),X5 (F15),2014,DIESEL
BMW,BMW,X5(F15),X5 (F15),2015,GASOLINE
BMW,BMW,X5(F15),X5 (F15),2015,DIESEL
BMW,BMW,X5(F15),X5 (F15),2015,PHEV
BMW,BMW,X5(F15),X5 (F15),2016,GASOLINE
BMW,BMW,X5(F15),X5 (F15),2016,DIESEL
BMW,BMW,X5(F15),X5 (F15),2016,PHEV
BMW,BMW,X5(F15),X5 (F15),2017,GASOLINE
BMW,BMW,X5(F15),X5 (F15),2017,DIESEL
BMW,BMW,X5(F15),X5 (F15),2017,PHEV
BMW,BMW,X5(F15),X5 (F15),2018,GASOLINE
BMW,BMW,X5(F15),X5 (F15),2018,DIESEL
BMW,BMW,X5(F15),X5 (F15),2018,PHEV
BMW,BMW,X5(F15),X5 (F15),2019,GASOLINE
BMW,BMW,X5(F15),X5 (F15),2019,DIESEL
BMW,BMW,X5(F15),X5 (F15),2019,PHEV
BMW,BMW,X5(F15),X5 (F15),2020,GASOLINE
BMW,BMW,X5(F15),X5 (F15),2020,DIESEL
BMW,BMW,X5(F15),X5 (F15),2020,PHEV
BMW,BMW,X5(F15),X5 (F15),2021,GASOLINE
BMW,BMW,X5(F15),X5 (F15),2021,DIESEL
BMW,BMW,X5(F15),X5 (F15),2021,PHEV
BMW,BMW,X5(F15),X5 (F15),2022,GASOLINE
BMW,BMW,X5(F15),X5 (F15),2022,DIESEL
BMW,BMW,X5(F15),X5 (F15),2022,PHEV
BMW,BMW,X5(F15),X5 (F15),2023,GASOLINE
BMW,BMW,X5(F15),X5 (F15),2023,DIESEL
BMW,BMW,X5(F15),X5 (F15),2023,PHEV
BMW,BMW,X5(F15),X5 (F15),2024,GASOLINE
BMW,BMW,X5(F15),X5 (F15),2024,DIESEL
BMW,BMW,X5(F15),X5 (F15),2024,PHEV
BMW,BMW,X5(F15),X5 (F15),2025,GASOLINE
BMW,BMW,X5(F15),X5 (F15),2025,DIESEL
BMW,BMW,X5(F15),X5 (F15),2025,PHEV
BMW,BMW,X5(F15),X5 (F15),2026,GASOLINE
BMW,BMW,X5(F15),X5 (F15),2026,DIESEL
BMW,BMW,X5(F15),X5 (F15),2026,PHEV
BMW,BMW,X5(G05),X5 (G05),2010,GASOLINE
BMW,BMW,X5(G05),X5 (G05),2010,DIESEL
BMW,BMW,X5(G05),X5 (G05),2011,GASOLINE
BMW,BMW,X5(G05),X5 (G05),2011,DIESEL
BMW,BMW,X5(G05),X5 (G05),2012,GASOLINE
BMW,BMW,X5(G05),X5 (G05),2012,DIESEL
BMW,BMW,X5(G05),X5 (G05),2013,GASOLINE
BMW,BMW,X5(G05),X5 (G05),2013,DIESEL
BMW,BMW,X5(G05),X5 (G05),2014,GASOLINE
BMW,BMW,X5(G05),X5 (G05),2014,DIESEL
BMW,BMW,X5(G05),X5 (G05),2015,GASOLINE
BMW,BMW,X5(G05),X5 (G05),2015,DIESEL
BMW,BMW,X5(G05),X5 (G05),2015,PHEV
BMW,BMW,X5(G05),X5 (G05),2016,GASOLINE
BMW,BMW,X5(G05),X5 (G05),2016,DIESEL
BMW,BMW,X5(G05),X5 (G05),2016,PHEV
BMW,BMW,X5(G05),X5 (G05),2017,GASOLINE
BMW,BMW,X5(G05),X5 (G05),2017,DIESEL
BMW,BMW,X5(G05),X5 (G05),2017,PHEV
BMW,BMW,X5(G05),X5 (G05),2018,GASOLINE
BMW,BMW,X5(G05),X5 (G05),2018,DIESEL
BMW,BMW,X5(G05),X5 (G05),2018,PHEV
BMW,BMW,X5(G05),X5 (G05),2019,GASOLINE
BMW,BMW,X5(G05),X5 (G05),2019,DIESEL
BMW,BMW,X5(G05),X5 (G05),2019,PHEV
BMW,BMW,X5(G05),X5 (G05),2020,GASOLINE
BMW,BMW,X5(G05),X5 (G05),2020,DIESEL
BMW,BMW,X5(G05),X5 (G05),2020,PHEV
BMW,BMW,X5(G05),X5 (G05),2021,GASOLINE
BMW,BMW,X5(G05),X5 (G05),2021,DIESEL
BMW,BMW,X5(G05),X5 (G05),2021,PHEV
BMW,BMW,X5(G05),X5 (G05),2022,GASOLINE
BMW,BMW,X5(G05),X5 (G05),2022,DIESEL
BMW,BMW,X5(G05),X5 (G05),2022,PHEV
BMW,BMW,X5(G05),X5 (G05),2023,GASOLINE
BMW,BMW,X5(G05),X5 (G05),2023,DIESEL
BMW,BMW,X5(G05),X5 (G05),2023,PHEV
BMW,BMW,X5(G05),X5 (G05),2024,GASOLINE
BMW,BMW,X5(G05),X5 (G05),2024,DIESEL
BMW,BMW,X5(G05),X5 (G05),2024,PHEV
BMW,BMW,X5(G05),X5 (G05),2025,GASOLINE
BMW,BMW,X5(G05),X5 (G05),2025,DIESEL
BMW,BMW,X5(G05),X5 (G05),2025,PHEV
BMW,BMW,X5(G05),X5 (G05),2026,GASOLINE
BMW,BMW,X5(G05),X5 (G05),2026,DIESEL
BMW,BMW,X5(G05),X5 (G05),2026,PHEV
벤츠,Mercedes-Benz,C클래스(W205),C-Class (W205),2010,GASOLINE
벤츠,Mercedes-Benz,C클래스(W205),C-Class (W205),2010,DIESEL
벤츠,Mercedes-Benz,C클래스(W205),C-Class (W205),2011,GASOLINE
벤츠,Mercedes-Benz,C클래스(W205),C-Class (W205),2011,DIESEL
벤츠,Mercedes-Benz,C클래스(W205),C-Class (W205),2012,GASOLINE
벤츠,Mercedes-Benz,C클래스(W205),C-Class (W205),2012,DIESEL
벤츠,Mercedes-Benz,C클래스(W205),C-Class (W205),2013,GASOLINE
벤츠,Mercedes-Benz,C클래스(W205),C-Class (W205),2013,DIESEL
벤츠,Mercedes-Benz,C클래스(W205),C-Class (W205),2014,GASOLINE
벤츠,Mercedes-Benz,C클래스(W205),C-Class (W205),2014,DIESEL
벤츠,Mercedes-Benz,C클래스(W205),C-Class (W205),2015,GASOLINE
벤츠,Mercedes-Benz,C클래스(W205),C-Class (W205),2015,DIESEL
벤츠,Mercedes-Benz,C클래스(W205),C-Class (W205),2015,PHEV
벤츠,Mercedes-Benz,C클래스(W205),C-Class (W205),2016,GASOLINE
벤츠,Mercedes-Benz,C클래스(W205),C-Class (W205),2016,DIESEL
벤츠,Mercedes-Benz,C클래스(W205),C-Class (W205),2016,PHEV
벤츠,Mercedes-Benz,C클래스(W205),C-Class (W205),2017,GASOLINE
벤츠,Mercedes-Benz,C클래스(W205),C-Class (W205),2017,DIESEL
벤츠,Mercedes-Benz,C클래스(W205),C-Class (W205),2017,PHEV
벤츠,Mercedes-Benz,C클래스(W205),C-Class (W205),2018,GASOLINE
벤츠,Mercedes-Benz,C클래스(W205),C-Class (W205),2018,DIESEL
벤츠,Mercedes-Benz,C클래스(W205),C-Class (W205),2018,PHEV
벤츠,Mercedes-Benz,C클래스(W205),C-Class (W205),2019,GASOLINE
벤츠,Mercedes-Benz,C클래스(W205),C-Class (W205),2019,DIESEL
벤츠,Mercedes-Benz,C클래스(W205),C-Class (W205),2019,PHEV
벤츠,Mercedes-Benz,C클래스(W205),C-Class (W205),2020,GASOLINE
벤츠,Mercedes-Benz,C클래스(W205),C-Class (W205),2020,DIESEL
벤츠,Mercedes-Benz,C클래스(W205),C-Class (W205),2020,PHEV
벤츠,Mercedes-Benz,C클래스(W205),C-Class (W205),2021,GASOLINE
벤츠,Mercedes-Benz,C클래스(W205),C-Class (W205),2021,DIESEL
벤츠,Mercedes-Benz,C클래스(W205),C-Class (W205),2021,PHEV
벤츠,Mercedes-Benz,C클래스(W205),C-Class (W205),2022,GASOLINE
벤츠,Mercedes-Benz,C클래스(W205),C-Class (W205),2022,DIESEL
벤츠,Mercedes-Benz,C클래스(W205),C-Class (W205),2022,PHEV
벤츠,Mercedes-Benz,C클래스(W205),C-Class (W205),2023,GASOLINE
벤츠,Mercedes-Benz,C클래스(W205),C-Class (W205),2023,DIESEL
벤츠,Mercedes-Benz,C클래스(W205),C-Class (W205),2023,PHEV
벤츠,Mercedes-Benz,C클래스(W205),C-Class (W205),2024,GASOLINE
벤츠,Mercedes-Benz,C클래스(W205),C-Class (W205),2024,DIESEL
벤츠,Mercedes-Benz,C클래스(W205),C-Class (W205),2024,PHEV
벤츠,Mercedes-Benz,C클래스(W205),C-Class (W205),2025,GASOLINE
벤츠,Mercedes-Benz,C클래스(W205),C-Class (W205),2025,DIESEL
벤츠,Mercedes-Benz,C클래스(W205),C-Class (W205),2025,PHEV
벤츠,Mercedes-Benz,C클래스(W205),C-Class (W205),2026,GASOLINE
벤츠,Mercedes-Benz,C클래스(W205),C-Class (W205),2026,DIESEL
벤츠,Mercedes-Benz,C클래스(W205),C-Class (W205),2026,PHEV
벤츠,Mercedes-Benz,C클래스(W206),C-Class (W206),2010,GASOLINE
벤츠,Mercedes-Benz,C클래스(W206),C-Class (W206),2010,DIESEL
벤츠,Mercedes-Benz,C클래스(W206),C-Class (W206),2011,GASOLINE
벤츠,Mercedes-Benz,C클래스(W206),C-Class (W206),2011,DIESEL
벤츠,Mercedes-Benz,C클래스(W206),C-Class (W206),2012,GASOLINE
벤츠,Mercedes-Benz,C클래스(W206),C-Class (W206),2012,DIESEL
벤츠,Mercedes-Benz,C클래스(W206),C-Class (W206),2013,GASOLINE
벤츠,Mercedes-Benz,C클래스(W206),C-Class (W206),2013,DIESEL
벤츠,Mercedes-Benz,C클래스(W206),C-Class (W206),2014,GASOLINE
벤츠,Mercedes-Benz,C클래스(W206),C-Class (W206),2014,DIESEL
벤츠,Mercedes-Benz,C클래스(W206),C-Class (W206),2015,GASOLINE
벤츠,Mercedes-Benz,C클래스(W206),C-Class (W206),2015,DIESEL
벤츠,Mercedes-Benz,C클래스(W206),C-Class (W206),2015,PHEV
벤츠,Mercedes-Benz,C클래스(W206),C-Class (W206),2016,GASOLINE
벤츠,Mercedes-Benz,C클래스(W206),C-Class (W206),2016,DIESEL
벤츠,Mercedes-Benz,C클래스(W206),C-Class (W206),2016,PHEV
벤츠,Mercedes-Benz,C클래스(W206),C-Class (W206),2017,GASOLINE
벤츠,Mercedes-Benz,C클래스(W206),C-Class (W206),2017,DIESEL
벤츠,Mercedes-Benz,C클래스(W206),C-Class (W206),2017,PHEV
벤츠,Mercedes-Benz,C클래스(W206),C-Class (W206),2018,GASOLINE
벤츠,Mercedes-Benz,C클래스(W206),C-Class (W206),2018,DIESEL
벤츠,Mercedes-Benz,C클래스(W206),C-Class (W206),2018,PHEV
벤츠,Mercedes-Benz,C클래스(W206),C-Class (W206),2019,GASOLINE
벤츠,Mercedes-Benz,C클래스(W206),C-Class (W206),2019,DIESEL
벤츠,Mercedes-Benz,C클래스(W206),C-Class (W206),2019,PHEV
벤츠,Mercedes-Benz,C클래스(W206),C-Class (W206),2020,GASOLINE
벤츠,Mercedes-Benz,C클래스(W206),C-Class (W206),2020,DIESEL
벤츠,Mercedes-Benz,C클래스(W206),C-Class (W206),2020,PHEV
벤츠,Mercedes-Benz,C클래스(W206),C-Class (W206),2021,GASOLINE
벤츠,Mercedes-Benz,C클래스(W206),C-Class (W206),2021,DIESEL
벤츠,Mercedes-Benz,C클래스(W206),C-Class (W206),2021,PHEV
벤츠,Mercedes-Benz,C클래스(W206),C-Class (W206),2022,GASOLINE
벤츠,Mercedes-Benz,C클래스(W206),C-Class (W206),2022,DIESEL
벤츠,Mercedes-Benz,C클래스(W206),C-Class (W206),2022,PHEV
벤츠,Mercedes-Benz,C클래스(W206),C-Class (W206),2023,GASOLINE
벤츠,Mercedes-Benz,C클래스(W206),C-Class (W206),2023,DIESEL
벤츠,Mercedes-Benz,C클래스(W206),C-Class (W206),2023,PHEV
벤츠,Mercedes-Benz,C클래스(W206),C-Class (W206),2024,GASOLINE
벤츠,Mercedes-Benz,C클래스(W206),C-Class (W206),2024,DIESEL
벤츠,Mercedes-Benz,C클래스(W206),C-Class (W206),2024,PHEV
벤츠,Mercedes-Benz,C클래스(W206),C-Class (W206),2025,GASOLINE
벤츠,Mercedes-Benz,C클래스(W206),C-Class (W206),2025,DIESEL
벤츠,Mercedes-Benz,C클래스(W206),C-Class (W206),2025,PHEV
벤츠,Mercedes-Benz,C클래스(W206),C-Class (W206),2026,GASOLINE
벤츠,Mercedes-Benz,C클래스(W206),C-Class (W206),2026,DIESEL
벤츠,Mercedes-Benz,C클래스(W206),C-Class (W206),2026,PHEV
벤츠,Mercedes-Benz,E클래스(W213),E-Class (W213),2010,GASOLINE
벤츠,Mercedes-Benz,E클래스(W213),E-Class (W213),2010,DIESEL
벤츠,Mercedes-Benz,E클래스(W213),E-Class (W213),2011,GASOLINE
벤츠,Mercedes-Benz,E클래스(W213),E-Class (W213),2011,DIESEL
벤츠,Mercedes-Benz,E클래스(W213),E-Class (W213),2012,GASOLINE
벤츠,Mercedes-Benz,E클래스(W213),E-Class (W213),2012,DIESEL
벤츠,Mercedes-Benz,E클래스(W213),E-Class (W213),2013,GASOLINE
벤츠,Mercedes-Benz,E클래스(W213),E-Class (W213),2013,DIESEL
벤츠,Mercedes-Benz,E클래스(W213),E-Class (W213),2014,GASOLINE
벤츠,Mercedes-Benz,E클래스(W213),E-Class (W213),2014,DIESEL
벤츠,Mercedes-Benz,E클래스(W213),E-Class (W213),2015,GASOLINE
벤츠,Mercedes-Benz,E클래스(W213),E-Class (W213),2015,DIESEL
벤츠,Mercedes-Benz,E클래스(W213),E-Class (W213),2015,PHEV
벤츠,Mercedes-Benz,E클래스(W213),E-Class (W213),2016,GASOLINE
벤츠,Mercedes-Benz,E클래스(W213),E-Class (W213),2016,DIESEL
벤츠,Mercedes-Benz,E클래스(W213),E-Class (W213),2016,PHEV
벤츠,Mercedes-Benz,E클래스(W213),E-Class (W213),2017,GASOLINE
벤츠,Mercedes-Benz,E클래스(W213),E-Class (W213),2017,DIESEL
벤츠,Mercedes-Benz,E클래스(W213),E-Class (W213),2017,PHEV
벤츠,Mercedes-Benz,E클래스(W213),E-Class (W213),2018,GASOLINE
벤츠,Mercedes-Benz,E클래스(W213),E-Class (W213),2018,DIESEL
벤츠,Mercedes-Benz,E클래스(W213),E-Class (W213),2018,PHEV
벤츠,Mercedes-Benz,E클래스(W213),E-Class (W213),2019,GASOLINE
벤츠,Mercedes-Benz,E클래스(W213),E-Class (W213),2019,DIESEL
벤츠,Mercedes-Benz,E클래스(W213),E-Class (W213),2019,PHEV
벤츠,Mercedes-Benz,E클래스(W213),E-Class (W213),2020,GASOLINE
벤츠,Mercedes-Benz,E클래스(W213),E-Class (W213),2020,DIESEL
벤츠,Mercedes-Benz,E클래스(W213),E-Class (W213),2020,PHEV
벤츠,Mercedes-Benz,E클래스(W213),E-Class (W213),2021,GASOLINE
벤츠,Mercedes-Benz,E클래스(W213),E-Class (W213),2021,DIESEL
벤츠,Mercedes-Benz,E클래스(W213),E-Class (W213),2021,PHEV
벤츠,Mercedes-Benz,E클래스(W213),E-Class (W213),2022,GASOLINE
벤츠,Mercedes-Benz,E클래스(W213),E-Class (W213),2022,DIESEL
벤츠,Mercedes-Benz,E클래스(W213),E-Class (W213),2022,PHEV
벤츠,Mercedes-Benz,E클래스(W213),E-Class (W213),2023,GASOLINE
벤츠,Mercedes-Benz,E클래스(W213),E-Class (W213),2023,DIESEL
벤츠,Mercedes-Benz,E클래스(W213),E-Class (W213),2023,PHEV
벤츠,Mercedes-Benz,E클래스(W213),E-Class (W213),2024,GASOLINE
벤츠,Mercedes-Benz,E클래스(W213),E-Class (W213),2024,DIESEL
벤츠,Mercedes-Benz,E클래스(W213),E-Class (W213),2024,PHEV
벤츠,Mercedes-Benz,E클래스(W213),E-Class (W213),2025,GASOLINE
벤츠,Mercedes-Benz,E클래스(W213),E-Class (W213),2025,DIESEL
벤츠,Mercedes-Benz,E클래스(W213),E-Class (W213),2025,PHEV
벤츠,Mercedes-Benz,E클래스(W213),E-Class (W213),2026,GASOLINE
벤츠,Mercedes-Benz,E클래스(W213),E-Class (W213),2026,DIESEL
벤츠,Mercedes-Benz,E클래스(W213),E-Class (W213),2026,PHEV
벤츠,Mercedes-Benz,E클래스(W214),E-Class (W214),2010,GASOLINE
벤츠,Mercedes-Benz,E클래스(W214),E-Class (W214),2010,DIESEL
벤츠,Mercedes-Benz,E클래스(W214),E-Class (W214),2011,GASOLINE
벤츠,Mercedes-Benz,E클래스(W214),E-Class (W214),2011,DIESEL
벤츠,Mercedes-Benz,E클래스(W214),E-Class (W214),2012,GASOLINE
벤츠,Mercedes-Benz,E클래스(W214),E-Class (W214),2012,DIESEL
벤츠,Mercedes-Benz,E클래스(W214),E-Class (W214),2013,GASOLINE
벤츠,Mercedes-Benz,E클래스(W214),E-Class (W214),2013,DIESEL
벤츠,Mercedes-Benz,E클래스(W214),E-Class (W214),2014,GASOLINE
벤츠,Mercedes-Benz,E클래스(W214),E-Class (W214),2014,DIESEL
벤츠,Mercedes-Benz,E클래스(W214),E-Class (W214),2015,GASOLINE
벤츠,Mercedes-Benz,E클래스(W214),E-Class (W214),2015,DIESEL
벤츠,Mercedes-Benz,E클래스(W214),E-Class (W214),2015,PHEV
벤츠,Mercedes-Benz,E클래스(W214),E-Class (W214),2016,GASOLINE
벤츠,Mercedes-Benz,E클래스(W214),E-Class (W214),2016,DIESEL
벤츠,Mercedes-Benz,E클래스(W214),E-Class (W214),2016,PHEV
벤츠,Mercedes-Benz,E클래스(W214),E-Class (W214),2017,GASOLINE
벤츠,Mercedes-Benz,E클래스(W214),E-Class (W214),2017,DIESEL
벤츠,Mercedes-Benz,E클래스(W214),E-Class (W214),2017,PHEV
벤츠,Mercedes-Benz,E클래스(W214),E-Class (W214),2018,GASOLINE
벤츠,Mercedes-Benz,E클래스(W214),E-Class (W214),2018,DIESEL
벤츠,Mercedes-Benz,E클래스(W214),E-Class (W214),2018,PHEV
벤츠,Mercedes-Benz,E클래스(W214),E-Class (W214),2019,GASOLINE
벤츠,Mercedes-Benz,E클래스(W214),E-Class (W214),2019,DIESEL
벤츠,Mercedes-Benz,E클래스(W214),E-Class (W214),2019,PHEV
벤츠,Mercedes-Benz,E클래스(W214),E-Class (W214),2020,GASOLINE
벤츠,Mercedes-Benz,E클래스(W214),E-Class (W214),2020,DIESEL
벤츠,Mercedes-Benz,E클래스(W214),E-Class (W214),2020,PHEV
벤츠,Mercedes-Benz,E클래스(W214),E-Class (W214),2021,GASOLINE
벤츠,Mercedes-Benz,E클래스(W214),E-Class (W214),2021,DIESEL
벤츠,Mercedes-Benz,E클래스(W214),E-Class (W214),2021,PHEV
벤츠,Mercedes-Benz,E클래스(W214),E-Class (W214),2022,GASOLINE
벤츠,Mercedes-Benz,E클래스(W214),E-Class (W214),2022,DIESEL
벤츠,Mercedes-Benz,E클래스(W214),E-Class (W214),2022,PHEV
벤츠,Mercedes-Benz,E클래스(W214),E-Class (W214),2023,GASOLINE
벤츠,Mercedes-Benz,E클래스(W214),E-Class (W214),2023,DIESEL
벤츠,Mercedes-Benz,E클래스(W214),E-Class (W214),2023,PHEV
벤츠,Mercedes-Benz,E클래스(W214),E-Class (W214),2024,GASOLINE
벤츠,Mercedes-Benz,E클래스(W214),E-Class (W214),2024,DIESEL
벤츠,Mercedes-Benz,E클래스(W214),E-Class (W214),2024,PHEV
벤츠,Mercedes-Benz,E클래스(W214),E-Class (W214),2025,GASOLINE
벤츠,Mercedes-Benz,E클래스(W214),E-Class (W214),2025,DIESEL
벤츠,Mercedes-Benz,E클래스(W214),E-Class (W214),2025,PHEV
벤츠,Mercedes-Benz,E클래스(W214),E-Class (W214),2026,GASOLINE
벤츠,Mercedes-Benz,E클래스(W214),E-Class (W214),2026,DIESEL
벤츠,Mercedes-Benz,E클래스(W214),E-Class (W214),2026,PHEV
벤츠,Mercedes-Benz,S클래스(W222),S-Class (W222),2010,GASOLINE
벤츠,Mercedes-Benz,S클래스(W222),S-Class (W222),2010,DIESEL
벤츠,Mercedes-Benz,S클래스(W222),S-Class (W222),2011,GASOLINE
벤츠,Mercedes-Benz,S클래스(W222),S-Class (W222),2011,DIESEL
벤츠,Mercedes-Benz,S클래스(W222),S-Class (W222),2012,GASOLINE
벤츠,Mercedes-Benz,S클래스(W222),S-Class (W222),2012,DIESEL
벤츠,Mercedes-Benz,S클래스(W222),S-Class (W222),2013,GASOLINE
벤츠,Mercedes-Benz,S클래스(W222),S-Class (W222),2013,DIESEL
벤츠,Mercedes-Benz,S클래스(W222),S-Class (W222),2014,GASOLINE
벤츠,Mercedes-Benz,S클래스(W222),S-Class (W222),2014,DIESEL
벤츠,Mercedes-Benz,S클래스(W222),S-Class (W222),2015,GASOLINE
벤츠,Mercedes-Benz,S클래스(W222),S-Class (W222),2015,DIESEL
벤츠,Mercedes-Benz,S클래스(W222),S-Class (W222),2015,PHEV
벤츠,Mercedes-Benz,S클래스(W222),S-Class (W222),2016,GASOLINE
벤츠,Mercedes-Benz,S클래스(W222),S-Class (W222),2016,DIESEL
벤츠,Mercedes-Benz,S클래스(W222),S-Class (W222),2016,PHEV
벤츠,Mercedes-Benz,S클래스(W222),S-Class (W222),2017,GASOLINE
벤츠,Mercedes-Benz,S클래스(W222),S-Class (W222),2017,DIESEL
벤츠,Mercedes-Benz,S클래스(W222),S-Class (W222),2017,PHEV
벤츠,Mercedes-Benz,S클래스(W222),S-Class (W222),2018,GASOLINE
벤츠,Mercedes-Benz,S클래스(W222),S-Class (W222),2018,DIESEL
벤츠,Mercedes-Benz,S클래스(W222),S-Class (W222),2018,PHEV
벤츠,Mercedes-Benz,S클래스(W222),S-Class (W222),2019,GASOLINE
벤츠,Mercedes-Benz,S클래스(W222),S-Class (W222),2019,DIESEL
벤츠,Mercedes-Benz,S클래스(W222),S-Class (W222),2019,PHEV
벤츠,Mercedes-Benz,S클래스(W222),S-Class (W222),2020,GASOLINE
벤츠,Mercedes-Benz,S클래스(W222),S-Class (W222),2020,DIESEL
벤츠,Mercedes-Benz,S클래스(W222),S-Class (W222),2020,PHEV
벤츠,Mercedes-Benz,S클래스(W222),S-Class (W222),2021,GASOLINE
벤츠,Mercedes-Benz,S클래스(W222),S-Class (W222),2021,DIESEL
벤츠,Mercedes-Benz,S클래스(W222),S-Class (W222),2021,PHEV
벤츠,Mercedes-Benz,S클래스(W222),S-Class (W222),2022,GASOLINE
벤츠,Mercedes-Benz,S클래스(W222),S-Class (W222),2022,DIESEL
벤츠,Mercedes-Benz,S클래스(W222),S-Class (W222),2022,PHEV
벤츠,Mercedes-Benz,S클래스(W222),S-Class (W222),2023,GASOLINE
벤츠,Mercedes-Benz,S클래스(W222),S-Class (W222),2023,DIESEL
벤츠,Mercedes-Benz,S클래스(W222),S-Class (W222),2023,PHEV
벤츠,Mercedes-Benz,S클래스(W222),S-Class (W222),2024,GASOLINE
벤츠,Mercedes-Benz,S클래스(W222),S-Class (W222),2024,DIESEL
벤츠,Mercedes-Benz,S클래스(W222),S-Class (W222),2024,PHEV
벤츠,Mercedes-Benz,S클래스(W222),S-Class (W222),2025,GASOLINE
벤츠,Mercedes-Benz,S클래스(W222),S-Class (W222),2025,DIESEL
벤츠,Mercedes-Benz,S클래스(W222),S-Class (W222),2025,PHEV
벤츠,Mercedes-Benz,S클래스(W222),S-Class (W222),2026,GASOLINE
벤츠,Mercedes-Benz,S클래스(W222),S-Class (W222),2026,DIESEL
벤츠,Mercedes-Benz,S클래스(W222),S-Class (W222),2026,PHEV
벤츠,Mercedes-Benz,S클래스(W223),S-Class (W223),2010,GASOLINE
벤츠,Mercedes-Benz,S클래스(W223),S-Class (W223),2010,DIESEL
벤츠,Mercedes-Benz,S클래스(W223),S-Class (W223),2011,GASOLINE
벤츠,Mercedes-Benz,S클래스(W223),S-Class (W223),2011,DIESEL
벤츠,Mercedes-Benz,S클래스(W223),S-Class (W223),2012,GASOLINE
벤츠,Mercedes-Benz,S클래스(W223),S-Class (W223),2012,DIESEL
벤츠,Mercedes-Benz,S클래스(W223),S-Class (W223),2013,GASOLINE
벤츠,Mercedes-Benz,S클래스(W223),S-Class (W223),2013,DIESEL
벤츠,Mercedes-Benz,S클래스(W223),S-Class (W223),2014,GASOLINE
벤츠,Mercedes-Benz,S클래스(W223),S-Class (W223),2014,DIESEL
벤츠,Mercedes-Benz,S클래스(W223),S-Class (W223),2015,GASOLINE
벤츠,Mercedes-Benz,S클래스(W223),S-Class (W223),2015,DIESEL
벤츠,Mercedes-Benz,S클래스(W223),S-Class (W223),2015,PHEV
벤츠,Mercedes-Benz,S클래스(W223),S-Class (W223),2016,GASOLINE
벤츠,Mercedes-Benz,S클래스(W223),S-Class (W223),2016,DIESEL
벤츠,Mercedes-Benz,S클래스(W223),S-Class (W223),2016,PHEV
벤츠,Mercedes-Benz,S클래스(W223),S-Class (W223),2017,GASOLINE
벤츠,Mercedes-Benz,S클래스(W223),S-Class (W223),2017,DIESEL
벤츠,Mercedes-Benz,S클래스(W223),S-Class (W223),2017,PHEV
벤츠,Mercedes-Benz,S클래스(W223),S-Class (W223),2018,GASOLINE
벤츠,Mercedes-Benz,S클래스(W223),S-Class (W223),2018,DIESEL
벤츠,Mercedes-Benz,S클래스(W223),S-Class (W223),2018,PHEV
벤츠,Mercedes-Benz,S클래스(W223),S-Class (W223),2019,GASOLINE
벤츠,Mercedes-Benz,S클래스(W223),S-Class (W223),2019,DIESEL
벤츠,Mercedes-Benz,S클래스(W223),S-Class (W223),2019,PHEV
벤츠,Mercedes-Benz,S클래스(W223),S-Class (W223),2020,GASOLINE
벤츠,Mercedes-Benz,S클래스(W223),S-Class (W223),2020,DIESEL
벤츠,Mercedes-Benz,S클래스(W223),S-Class (W223),2020,PHEV
벤츠,Mercedes-Benz,S클래스(W223),S-Class (W223),2021,GASOLINE
벤츠,Mercedes-Benz,S클래스(W223),S-Class (W223),2021,DIESEL
벤츠,Mercedes-Benz,S클래스(W223),S-Class (W223),2021,PHEV
벤츠,Mercedes-Benz,S클래스(W223),S-Class (W223),2022,GASOLINE
벤츠,Mercedes-Benz,S클래스(W223),S-Class (W223),2022,DIESEL
벤츠,Mercedes-Benz,S클래스(W223),S-Class (W223),2022,PHEV
벤츠,Mercedes-Benz,S클래스(W223),S-Class (W223),2023,GASOLINE
벤츠,Mercedes-Benz,S클래스(W223),S-Class (W223),2023,DIESEL
벤츠,Mercedes-Benz,S클래스(W223),S-Class (W223),2023,PHEV
벤츠,Mercedes-Benz,S클래스(W223),S-Class (W223),2024,GASOLINE
벤츠,Mercedes-Benz,S클래스(W223),S-Class (W223),2024,DIESEL
벤츠,Mercedes-Benz,S클래스(W223),S-Class (W223),2024,PHEV
벤츠,Mercedes-Benz,S클래스(W223),S-Class (W223),2025,GASOLINE
벤츠,Mercedes-Benz,S클래스(W223),S-Class (W223),2025,DIESEL
벤츠,Mercedes-Benz,S클래스(W223),S-Class (W223),2025,PHEV
벤츠,Mercedes-Benz,S클래스(W223),S-Class (W223),2026,GASOLINE
벤츠,Mercedes-Benz,S클래스(W223),S-Class (W223),2026,DIESEL
벤츠,Mercedes-Benz,S클래스(W223),S-Class (W223),2026,PHEV
벤츠,Mercedes-Benz,EQE/EQS,EQE/EQS,2014,EV
벤츠,Mercedes-Benz,EQE/EQS,EQE/EQS,2015,EV
벤츠,Mercedes-Benz,EQE/EQS,EQE/EQS,2016,EV
벤츠,Mercedes-Benz,EQE/EQS,EQE/EQS,2017,EV
벤츠,Mercedes-Benz,EQE/EQS,EQE/EQS,2018,EV
벤츠,Mercedes-Benz,EQE/EQS,EQE/EQS,2019,EV
벤츠,Mercedes-Benz,EQE/EQS,EQE/EQS,2020,EV
벤츠,Mercedes-Benz,EQE/EQS,EQE/EQS,2021,EV
벤츠,Mercedes-Benz,EQE/EQS,EQE/EQS,2022,EV
벤츠,Mercedes-Benz,EQE/EQS,EQE/EQS,2023,EV
벤츠,Mercedes-Benz,EQE/EQS,EQE/EQS,2024,EV
벤츠,Mercedes-Benz,EQE/EQS,EQE/EQS,2025,EV
벤츠,Mercedes-Benz,EQE/EQS,EQE/EQS,2026,EV
테슬라,Tesla,모델3,Model 3,2010,EV
테슬라,Tesla,모델3,Model 3,2011,EV
테슬라,Tesla,모델3,Model 3,2012,EV
테슬라,Tesla,모델3,Model 3,2013,EV
테슬라,Tesla,모델3,Model 3,2014,EV
테슬라,Tesla,모델3,Model 3,2015,EV
테슬라,Tesla,모델3,Model 3,2016,EV
테슬라,Tesla,모델3,Model 3,2017,EV
테슬라,Tesla,모델3,Model 3,2018,EV
테슬라,Tesla,모델3,Model 3,2019,EV
테슬라,Tesla,모델3,Model 3,2020,EV
테슬라,Tesla,모델3,Model 3,2021,EV
테슬라,Tesla,모델3,Model 3,2022,EV
테슬라,Tesla,모델3,Model 3,2023,EV
테슬라,Tesla,모델3,Model 3,2024,EV
테슬라,Tesla,모델3,Model 3,2025,EV
테슬라,Tesla,모델3,Model 3,2026,EV
테슬라,Tesla,모델Y,Model Y,2010,EV
테슬라,Tesla,모델Y,Model Y,2011,EV
테슬라,Tesla,모델Y,Model Y,2012,EV
테슬라,Tesla,모델Y,Model Y,2013,EV
테슬라,Tesla,모델Y,Model Y,2014,EV
테슬라,Tesla,모델Y,Model Y,2015,EV
테슬라,Tesla,모델Y,Model Y,2016,EV
테슬라,Tesla,모델Y,Model Y,2017,EV
테슬라,Tesla,모델Y,Model Y,2018,EV
테슬라,Tesla,모델Y,Model Y,2019,EV
테슬라,Tesla,모델Y,Model Y,2020,EV
테슬라,Tesla,모델Y,Model Y,2021,EV
테슬라,Tesla,모델Y,Model Y,2022,EV
테슬라,Tesla,모델Y,Model Y,2023,EV
테슬라,Tesla,모델Y,Model Y,2024,EV
테슬라,Tesla,모델Y,Model Y,2025,EV
테슬라,Tesla,모델Y,Model Y,2026,EV
테슬라,Tesla,모델S,Model S,2010,EV
테슬라,Tesla,모델S,Model S,2011,EV
테슬라,Tesla,모델S,Model S,2012,EV
테슬라,Tesla,모델S,Model S,2013,EV
테슬라,Tesla,모델S,Model S,2014,EV
테슬라,Tesla,모델S,Model S,2015,EV
테슬라,Tesla,모델S,Model S,2016,EV
테슬라,Tesla,모델S,Model S,2017,EV
테슬라,Tesla,모델S,Model S,2018,EV
테슬라,Tesla,모델S,Model S,2019,EV
테슬라,Tesla,모델S,Model S,2020,EV
테슬라,Tesla,모델S,Model S,2021,EV
테슬라,Tesla,모델S,Model S,2022,EV
테슬라,Tesla,모델S,Model S,2023,EV
테슬라,Tesla,모델S,Model S,2024,EV
테슬라,Tesla,모델S,Model S,2025,EV
테슬라,Tesla,모델S,Model S,2026,EV
테슬라,Tesla,모델X,Model X,2010,EV
테슬라,Tesla,모델X,Model X,2011,EV
테슬라,Tesla,모델X,Model X,2012,EV
테슬라,Tesla,모델X,Model X,2013,EV
테슬라,Tesla,모델X,Model X,2014,EV
테슬라,Tesla,모델X,Model X,2015,EV
테슬라,Tesla,모델X,Model X,2016,EV
테슬라,Tesla,모델X,Model X,2017,EV
테슬라,Tesla,모델X,Model X,2018,EV
테슬라,Tesla,모델X,Model X,2019,EV
테슬라,Tesla,모델X,Model X,2020,EV
테슬라,Tesla,모델X,Model X,2021,EV
테슬라,Tesla,모델X,Model X,2022,EV
테슬라,Tesla,모델X,Model X,2023,EV
테슬라,Tesla,모델X,Model X,2024,EV
테슬라,Tesla,모델X,Model X,2025,EV
테슬라,Tesla,모델X,Model X,2026,EV
쉐보레,Chevrolet,트랙스,Trax,2010,GASOLINE
쉐보레,Chevrolet,트랙스,Trax,2011,GASOLINE
쉐보레,Chevrolet,트랙스,Trax,2012,GASOLINE
쉐보레,Chevrolet,트랙스,Trax,2013,GASOLINE
쉐보레,Chevrolet,트랙스,Trax,2014,GASOLINE
쉐보레,Chevrolet,트랙스,Trax,2015,GASOLINE
쉐보레,Chevrolet,트랙스,Trax,2016,GASOLINE
쉐보레,Chevrolet,트랙스,Trax,2017,GASOLINE
쉐보레,Chevrolet,트랙스,Trax,2018,GASOLINE
쉐보레,Chevrolet,트랙스,Trax,2019,GASOLINE
쉐보레,Chevrolet,트랙스,Trax,2020,GASOLINE
쉐보레,Chevrolet,트랙스,Trax,2021,GASOLINE
쉐보레,Chevrolet,트랙스,Trax,2022,GASOLINE
쉐보레,Chevrolet,트랙스,Trax,2023,GASOLINE
쉐보레,Chevrolet,트랙스,Trax,2024,GASOLINE
쉐보레,Chevrolet,트랙스,Trax,2025,GASOLINE
쉐보레,Chevrolet,트랙스,Trax,2026,GASOLINE
쉐보레,Chevrolet,트레일블레이저,Trailblazer,2010,GASOLINE
쉐보레,Chevrolet,트레일블레이저,Trailblazer,2011,GASOLINE
쉐보레,Chevrolet,트레일블레이저,Trailblazer,2012,GASOLINE
쉐보레,Chevrolet,트레일블레이저,Trailblazer,2013,GASOLINE
쉐보레,Chevrolet,트레일블레이저,Trailblazer,2014,GASOLINE
쉐보레,Chevrolet,트레일블레이저,Trailblazer,2015,GASOLINE
쉐보레,Chevrolet,트레일블레이저,Trailblazer,2016,GASOLINE
쉐보레,Chevrolet,트레일블레이저,Trailblazer,2017,GASOLINE
쉐보레,Chevrolet,트레일블레이저,Trailblazer,2018,GASOLINE
쉐보레,Chevrolet,트레일블레이저,Trailblazer,2019,GASOLINE
쉐보레,Chevrolet,트레일블레이저,Trailblazer,2020,GASOLINE
쉐보레,Chevrolet,트레일블레이저,Trailblazer,2021,GASOLINE
쉐보레,Chevrolet,트레일블레이저,Trailblazer,2022,GASOLINE
쉐보레,Chevrolet,트레일블레이저,Trailblazer,2023,GASOLINE
쉐보레,Chevrolet,트레일블레이저,Trailblazer,2024,GASOLINE
쉐보레,Chevrolet,트레일블레이저,Trailblazer,2025,GASOLINE
쉐보레,Chevrolet,트레일블레이저,Trailblazer,2026,GASOLINE
쉐보레,Chevrolet,콜로라도,Colorado,2010,GASOLINE
쉐보레,Chevrolet,콜로라도,Colorado,2011,GASOLINE
쉐보레,Chevrolet,콜로라도,Colorado,2012,GASOLINE
쉐보레,Chevrolet,콜로라도,Colorado,2013,GASOLINE
쉐보레,Chevrolet,콜로라도,Colorado,2014,GASOLINE
쉐보레,Chevrolet,콜로라도,Colorado,2015,GASOLINE
쉐보레,Chevrolet,콜로라도,Colorado,2016,GASOLINE
쉐보레,Chevrolet,콜로라도,Colorado,2017,GASOLINE
쉐보레,Chevrolet,콜로라도,Colorado,2018,GASOLINE
쉐보레,Chevrolet,콜로라도,Colorado,2019,GASOLINE
쉐보레,Chevrolet,콜로라도,Colorado,2020,GASOLINE
쉐보레,Chevrolet,콜로라도,Colorado,2021,GASOLINE
쉐보레,Chevrolet,콜로라도,Colorado,2022,GASOLINE
쉐보레,Chevrolet,콜로라도,Colorado,2023,GASOLINE
쉐보레,Chevrolet,콜로라도,Colorado,2024,GASOLINE
쉐보레,Chevrolet,콜로라도,Colorado,2025,GASOLINE
쉐보레,Chevrolet,콜로라도,Colorado,2026,GASOLINE
아큐라,Acura,MDX,MDX,2010,GASOLINE
아큐라,Acura,MDX,MDX,2011,GASOLINE
아큐라,Acura,MDX,MDX,2012,GASOLINE
아큐라,Acura,MDX,MDX,2013,GASOLINE
아큐라,Acura,MDX,MDX,2014,GASOLINE
아큐라,Acura,MDX,MDX,2015,GASOLINE
아큐라,Acura,MDX,MDX,2016,GASOLINE
아큐라,Acura,MDX,MDX,2017,GASOLINE
아큐라,Acura,MDX,MDX,2018,GASOLINE
아큐라,Acura,MDX,MDX,2019,GASOLINE
아큐라,Acura,MDX,MDX,2020,GASOLINE
아큐라,Acura,MDX,MDX,2021,GASOLINE
아큐라,Acura,MDX,MDX,2022,GASOLINE
아큐라,Acura,MDX,MDX,2023,GASOLINE
아큐라,Acura,MDX,MDX,2024,GASOLINE
아큐라,Acura,MDX,MDX,2025,GASOLINE
아큐라,Acura,MDX,MDX,2026,GASOLINE
아큐라,Acura,RDX,RDX,2010,GASOLINE
아큐라,Acura,RDX,RDX,2011,GASOLINE
아큐라,Acura,RDX,RDX,2012,GASOLINE
아큐라,Acura,RDX,RDX,2013,GASOLINE
아큐라,Acura,RDX,RDX,2014,GASOLINE
아큐라,Acura,RDX,RDX,2015,GASOLINE
아큐라,Acura,RDX,RDX,2016,GASOLINE
아큐라,Acura,RDX,RDX,2017,GASOLINE
아큐라,Acura,RDX,RDX,2018,GASOLINE
아큐라,Acura,RDX,RDX,2019,GASOLINE
아큐라,Acura,RDX,RDX,2020,GASOLINE
아큐라,Acura,RDX,RDX,2021,GASOLINE
아큐라,Acura,RDX,RDX,2022,GASOLINE
아큐라,Acura,RDX,RDX,2023,GASOLINE
아큐라,Acura,RDX,RDX,2024,GASOLINE
아큐라,Acura,RDX,RDX,2025,GASOLINE
아큐라,Acura,RDX,RDX,2026,GASOLINE
아큐라,Acura,TL,TL,2010,GASOLINE
아큐라,Acura,TL,TL,2011,GASOLINE
아큐라,Acura,TL,TL,2012,GASOLINE
아큐라,Acura,TL,TL,2013,GASOLINE
아큐라,Acura,TL,TL,2014,GASOLINE
아큐라,Acura,TSX,TSX,2010,GASOLINE
아큐라,Acura,TSX,TSX,2011,GASOLINE
아큐라,Acura,TSX,TSX,2012,GASOLINE
아큐라,Acura,TSX,TSX,2013,GASOLINE
아큐라,Acura,TSX,TSX,2014,GASOLINE
아큐라,Acura,TSX스포츠웨건,TSX Sport Wagon,2011,GASOLINE
아큐라,Acura,TSX스포츠웨건,TSX Sport Wagon,2012,GASOLINE
아큐라,Acura,TSX스포츠웨건,TSX Sport Wagon,2013,GASOLINE
아큐라,Acura,TSX스포츠웨건,TSX Sport Wagon,2014,GASOLINE
아큐라,Acura,RL,RL,2010,GASOLINE
아큐라,Acura,RL,RL,2011,GASOLINE
아큐라,Acura,RL,RL,2012,GASOLINE
아큐라,Acura,ZDX,ZDX,2010,GASOLINE
아큐라,Acura,ZDX,ZDX,2011,GASOLINE
아큐라,Acura,ZDX,ZDX,2012,GASOLINE
아큐라,Acura,ZDX,ZDX,2013,GASOLINE
아큐라,Acura,ILX,ILX,2013,GASOLINE
아큐라,Acura,ILX,ILX,2014,GASOLINE
아큐라,Acura,ILX,ILX,2015,GASOLINE
아큐라,Acura,ILX,ILX,2016,GASOLINE
아큐라,Acura,ILX,ILX,2017,GASOLINE
아큐라,Acura,ILX,ILX,2018,GASOLINE
아큐라,Acura,ILX,ILX,2019,GASOLINE
아큐라,Acura,ILX,ILX,2020,GASOLINE
아큐라,Acura,ILX,ILX,2021,GASOLINE
아큐라,Acura,ILX,ILX,2022,GASOLINE
아큐라,Acura,RLX,RLX,2014,GASOLINE
아큐라,Acura,RLX,RLX,2015,GASOLINE
아큐라,Acura,RLX,RLX,2016,GASOLINE
아큐라,Acura,RLX,RLX,2017,GASOLINE
아큐라,Acura,RLX,RLX,2018,GASOLINE
아큐라,Acura,RLX,RLX,2019,GASOLINE
아큐라,Acura,RLX,RLX,2020,GASOLINE
아큐라,Acura,TLX,TLX,2014,GASOLINE
아큐라,Acura,TLX,TLX,2015,GASOLINE
아큐라,Acura,TLX,TLX,2016,GASOLINE
아큐라,Acura,TLX,TLX,2017,GASOLINE
아큐라,Acura,TLX,TLX,2018,GASOLINE
아큐라,Acura,TLX,TLX,2019,GASOLINE
아큐라,Acura,TLX,TLX,2020,GASOLINE
아큐라,Acura,TLX,TLX,2021,GASOLINE
아큐라,Acura,TLX,TLX,2022,GASOLINE
아큐라,Acura,TLX,TLX,2023,GASOLINE
아큐라,Acura,TLX,TLX,2024,GASOLINE
아큐라,Acura,TLX,TLX,2025,GASOLINE
아큐라,Acura,TLX,TLX,2026,GASOLINE
아큐라,Acura,NSX,NSX,2016,HEV
아큐라,Acura,NSX,NSX,2017,HEV
아큐라,Acura,NSX,NSX,2018,HEV
아큐라,Acura,NSX,NSX,2019,HEV
아큐라,Acura,NSX,NSX,2020,HEV
아큐라,Acura,NSX,NSX,2021,HEV
아큐라,Acura,NSX,NSX,2022,HEV
아큐라,Acura,인테그라,Integra,2023,GASOLINE
아큐라,Acura,인테그라,Integra,2024,GASOLINE
아큐라,Acura,인테그라,Integra,2025,GASOLINE
아큐라,Acura,인테그라,Integra,2026,GASOLINE
아큐라,Acura,ADX,ADX,2025,GASOLINE
아큐라,Acura,ADX,ADX,2026,GASOLINE
아큐라,Acura,ZDX,ZDX,2024,EV
아큐라,Acura,ZDX,ZDX,2025,EV
아큐라,Acura,ZDX,ZDX,2026,EV
아큐라,Acura,RSX,RSX,2026,EV
KG모빌리티,KG Mobility,코란도,Korando,2010,DIESEL
KG모빌리티,KG Mobility,코란도,Korando,2010,GASOLINE
KG모빌리티,KG Mobility,코란도,Korando,2011,DIESEL
KG모빌리티,KG Mobility,코란도,Korando,2011,GASOLINE
KG모빌리티,KG Mobility,코란도,Korando,2012,DIESEL
KG모빌리티,KG Mobility,코란도,Korando,2012,GASOLINE
KG모빌리티,KG Mobility,코란도,Korando,2013,DIESEL
KG모빌리티,KG Mobility,코란도,Korando,2013,GASOLINE
KG모빌리티,KG Mobility,코란도,Korando,2014,DIESEL
KG모빌리티,KG Mobility,코란도,Korando,2014,GASOLINE
KG모빌리티,KG Mobility,코란도,Korando,2015,DIESEL
KG모빌리티,KG Mobility,코란도,Korando,2015,GASOLINE
KG모빌리티,KG Mobility,코란도,Korando,2016,DIESEL
KG모빌리티,KG Mobility,코란도,Korando,2016,GASOLINE
KG모빌리티,KG Mobility,코란도,Korando,2017,DIESEL
KG모빌리티,KG Mobility,코란도,Korando,2017,GASOLINE
KG모빌리티,KG Mobility,코란도,Korando,2018,DIESEL
KG모빌리티,KG Mobility,코란도,Korando,2018,GASOLINE
KG모빌리티,KG Mobility,코란도,Korando,2019,DIESEL
KG모빌리티,KG Mobility,코란도,Korando,2019,GASOLINE
KG모빌리티,KG Mobility,코란도,Korando,2020,DIESEL
KG모빌리티,KG Mobility,코란도,Korando,2020,GASOLINE
KG모빌리티,KG Mobility,코란도,Korando,2021,DIESEL
KG모빌리티,KG Mobility,코란도,Korando,2021,GASOLINE
KG모빌리티,KG Mobility,코란도,Korando,2022,DIESEL
KG모빌리티,KG Mobility,코란도,Korando,2022,GASOLINE
KG모빌리티,KG Mobility,코란도,Korando,2023,DIESEL
KG모빌리티,KG Mobility,코란도,Korando,2023,GASOLINE
KG모빌리티,KG Mobility,코란도,Korando,2024,DIESEL
KG모빌리티,KG Mobility,코란도,Korando,2024,GASOLINE
KG모빌리티,KG Mobility,코란도,Korando,2025,DIESEL
KG모빌리티,KG Mobility,코란도,Korando,2025,GASOLINE
KG모빌리티,KG Mobility,코란도e-모션,Korando e-Motion,2022,EV
KG모빌리티,KG Mobility,코란도e-모션,Korando e-Motion,2023,EV
KG모빌리티,KG Mobility,코란도e-모션,Korando e-Motion,2024,EV
KG모빌리티,KG Mobility,코란도e-모션,Korando e-Motion,2025,EV
KG모빌리티,KG Mobility,티볼리,Tivoli,2015,GASOLINE
KG모빌리티,KG Mobility,티볼리,Tivoli,2015,DIESEL
KG모빌리티,KG Mobility,티볼리,Tivoli,2016,GASOLINE
KG모빌리티,KG Mobility,티볼리,Tivoli,2016,DIESEL
KG모빌리티,KG Mobility,티볼리,Tivoli,2017,GASOLINE
KG모빌리티,KG Mobility,티볼리,Tivoli,2017,DIESEL
KG모빌리티,KG Mobility,티볼리,Tivoli,2018,GASOLINE
KG모빌리티,KG Mobility,티볼리,Tivoli,2018,DIESEL
KG모빌리티,KG Mobility,티볼리,Tivoli,2019,GASOLINE
KG모빌리티,KG Mobility,티볼리,Tivoli,2019,DIESEL
KG모빌리티,KG Mobility,티볼리,Tivoli,2020,GASOLINE
KG모빌리티,KG Mobility,티볼리,Tivoli,2020,DIESEL
KG모빌리티,KG Mobility,티볼리,Tivoli,2021,GASOLINE
KG모빌리티,KG Mobility,티볼리,Tivoli,2021,DIESEL
KG모빌리티,KG Mobility,티볼리,Tivoli,2022,GASOLINE
KG모빌리티,KG Mobility,티볼리,Tivoli,2022,DIESEL
KG모빌리티,KG Mobility,티볼리,Tivoli,2023,GASOLINE
KG모빌리티,KG Mobility,티볼리,Tivoli,2023,DIESEL
KG모빌리티,KG Mobility,티볼리,Tivoli,2024,GASOLINE
KG모빌리티,KG Mobility,티볼리,Tivoli,2024,DIESEL
KG모빌리티,KG Mobility,티볼리,Tivoli,2025,GASOLINE
KG모빌리티,KG Mobility,티볼리,Tivoli,2025,DIESEL
KG모빌리티,KG Mobility,렉스턴,Rexton,2010,DIESEL
KG모빌리티,KG Mobility,렉스턴,Rexton,2011,DIESEL
KG모빌리티,KG Mobility,렉스턴,Rexton,2012,DIESEL
KG모빌리티,KG Mobility,렉스턴,Rexton,2013,DIESEL
KG모빌리티,KG Mobility,렉스턴,Rexton,2014,DIESEL
KG모빌리티,KG Mobility,렉스턴,Rexton,2015,DIESEL
KG모빌리티,KG Mobility,렉스턴,Rexton,2016,DIESEL
KG모빌리티,KG Mobility,렉스턴,Rexton,2017,DIESEL
KG모빌리티,KG Mobility,렉스턴,Rexton,2018,DIESEL
KG모빌리티,KG Mobility,렉스턴,Rexton,2019,DIESEL
KG모빌리티,KG Mobility,렉스턴,Rexton,2020,DIESEL
KG모빌리티,KG Mobility,렉스턴,Rexton,2021,DIESEL
KG모빌리티,KG Mobility,렉스턴,Rexton,2022,DIESEL
KG모빌리티,KG Mobility,렉스턴,Rexton,2023,DIESEL
KG모빌리티,KG Mobility,렉스턴,Rexton,2024,DIESEL
KG모빌리티,KG Mobility,렉스턴,Rexton,2025,DIESEL
KG모빌리티,KG Mobility,렉스턴스포츠,Rexton Sports (Musso),2018,DIESEL
KG모빌리티,KG Mobility,렉스턴스포츠,Rexton Sports (Musso),2019,DIESEL
KG모빌리티,KG Mobility,렉스턴스포츠,Rexton Sports (Musso),2020,DIESEL
KG모빌리티,KG Mobility,렉스턴스포츠,Rexton Sports (Musso),2021,DIESEL
KG모빌리티,KG Mobility,렉스턴스포츠,Rexton Sports (Musso),2022,DIESEL
KG모빌리티,KG Mobility,렉스턴스포츠,Rexton Sports (Musso),2023,DIESEL
KG모빌리티,KG Mobility,렉스턴스포츠,Rexton Sports (Musso),2024,DIESEL
KG모빌리티,KG Mobility,렉스턴스포츠,Rexton Sports (Musso),2025,DIESEL
KG모빌리티,KG Mobility,토레스,Torres,2022,GASOLINE
KG모빌리티,KG Mobility,토레스,Torres,2023,GASOLINE
KG모빌리티,KG Mobility,토레스,Torres,2024,GASOLINE
KG모빌리티,KG Mobility,토레스,Torres,2025,GASOLINE
KG모빌리티,KG Mobility,토레스EVX,Torres EVX,2023,EV
KG모빌리티,KG Mobility,토레스EVX,Torres EVX,2024,EV
KG모빌리티,KG Mobility,토레스EVX,Torres EVX,2025,EV
아우디,Audi,A3,A3,2010,DIESEL
아우디,Audi,A3,A3,2010,GASOLINE
아우디,Audi,A3,A3,2011,DIESEL
아우디,Audi,A3,A3,2011,GASOLINE
아우디,Audi,A3,A3,2012,DIESEL
아우디,Audi,A3,A3,2012,GASOLINE
아우디,Audi,A3,A3,2013,DIESEL
아우디,Audi,A3,A3,2013,GASOLINE
아우디,Audi,A3,A3,2014,DIESEL
아우디,Audi,A3,A3,2014,GASOLINE
아우디,Audi,A3,A3,2015,DIESEL
아우디,Audi,A3,A3,2015,GASOLINE
아우디,Audi,A3,A3,2016,DIESEL
아우디,Audi,A3,A3,2016,GASOLINE
아우디,Audi,A3,A3,2017,DIESEL
아우디,Audi,A3,A3,2017,GASOLINE
아우디,Audi,A3,A3,2018,DIESEL
아우디,Audi,A3,A3,2018,GASOLINE
아우디,Audi,A3,A3,2019,DIESEL
아우디,Audi,A3,A3,2019,GASOLINE
아우디,Audi,A3,A3,2020,DIESEL
아우디,Audi,A3,A3,2020,GASOLINE
아우디,Audi,A3,A3,2021,DIESEL
아우디,Audi,A3,A3,2021,GASOLINE
아우디,Audi,A3,A3,2022,DIESEL
아우디,Audi,A3,A3,2022,GASOLINE
아우디,Audi,A3,A3,2023,DIESEL
아우디,Audi,A3,A3,2023,GASOLINE
아우디,Audi,A3,A3,2024,DIESEL
아우디,Audi,A3,A3,2024,GASOLINE
아우디,Audi,A3,A3,2025,DIESEL
아우디,Audi,A3,A3,2025,GASOLINE
아우디,Audi,A5,A5,2010,GASOLINE
아우디,Audi,A5,A5,2011,GASOLINE
아우디,Audi,A5,A5,2012,GASOLINE
아우디,Audi,A5,A5,2013,GASOLINE
아우디,Audi,A5,A5,2014,GASOLINE
아우디,Audi,A5,A5,2015,GASOLINE
아우디,Audi,A5,A5,2016,GASOLINE
아우디,Audi,A5,A5,2017,GASOLINE
아우디,Audi,A5,A5,2018,GASOLINE
아우디,Audi,A5,A5,2019,GASOLINE
아우디,Audi,A5,A5,2020,GASOLINE
아우디,Audi,A5,A5,2021,GASOLINE
아우디,Audi,A5,A5,2022,GASOLINE
아우디,Audi,A5,A5,2023,GASOLINE
아우디,Audi,A5,A5,2024,GASOLINE
아우디,Audi,A5,A5,2025,GASOLINE
아우디,Audi,A6,A6,2010,DIESEL
아우디,Audi,A6,A6,2010,GASOLINE
아우디,Audi,A6,A6,2011,DIESEL
아우디,Audi,A6,A6,2011,GASOLINE
아우디,Audi,A6,A6,2012,DIESEL
아우디,Audi,A6,A6,2012,GASOLINE
아우디,Audi,A6,A6,2013,DIESEL
아우디,Audi,A6,A6,2013,GASOLINE
아우디,Audi,A6,A6,2014,DIESEL
아우디,Audi,A6,A6,2014,GASOLINE
아우디,Audi,A6,A6,2015,DIESEL
아우디,Audi,A6,A6,2015,GASOLINE
아우디,Audi,A6,A6,2016,DIESEL
아우디,Audi,A6,A6,2016,GASOLINE
아우디,Audi,A6,A6,2017,DIESEL
아우디,Audi,A6,A6,2017,GASOLINE
아우디,Audi,A6,A6,2018,DIESEL
아우디,Audi,A6,A6,2018,GASOLINE
아우디,Audi,A6,A6,2019,DIESEL
아우디,Audi,A6,A6,2019,GASOLINE
아우디,Audi,A6,A6,2020,DIESEL
아우디,Audi,A6,A6,2020,GASOLINE
아우디,Audi,A6,A6,2021,DIESEL
아우디,Audi,A6,A6,2021,GASOLINE
아우디,Audi,A6,A6,2022,DIESEL
아우디,Audi,A6,A6,2022,GASOLINE
아우디,Audi,A6,A6,2023,DIESEL
아우디,Audi,A6,A6,2023,GASOLINE
아우디,Audi,A6,A6,2024,DIESEL
아우디,Audi,A6,A6,2024,GASOLINE
아우디,Audi,A6,A6,2025,DIESEL
아우디,Audi,A6,A6,2025,GASOLINE
아우디,Audi,A8,A8,2010,GASOLINE
아우디,Audi,A8,A8,2011,GASOLINE
아우디,Audi,A8,A8,2012,GASOLINE
아우디,Audi,A8,A8,2013,GASOLINE
아우디,Audi,A8,A8,2014,GASOLINE
아우디,Audi,A8,A8,2015,GASOLINE
아우디,Audi,A8,A8,2016,GASOLINE
아우디,Audi,A8,A8,2017,GASOLINE
아우디,Audi,A8,A8,2018,GASOLINE
아우디,Audi,A8,A8,2019,GASOLINE
아우디,Audi,A8,A8,2020,GASOLINE
아우디,Audi,A8,A8,2021,GASOLINE
아우디,Audi,A8,A8,2022,GASOLINE
아우디,Audi,A8,A8,2023,GASOLINE
아우디,Audi,A8,A8,2024,GASOLINE
아우디,Audi,A8,A8,2025,GASOLINE
아우디,Audi,A8L,A8L,2010,GASOLINE
아우디,Audi,A8L,A8L,2011,GASOLINE
아우디,Audi,A8L,A8L,2012,GASOLINE
아우디,Audi,A8L,A8L,2013,GASOLINE
아우디,Audi,A8L,A8L,2014,GASOLINE
아우디,Audi,A8L,A8L,2015,GASOLINE
아우디,Audi,A8L,A8L,2016,GASOLINE
아우디,Audi,A8L,A8L,2017,GASOLINE
아우디,Audi,A8L,A8L,2018,GASOLINE
아우디,Audi,A8L,A8L,2019,GASOLINE
아우디,Audi,A8L,A8L,2020,GASOLINE
아우디,Audi,A8L,A8L,2021,GASOLINE
아우디,Audi,A8L,A8L,2022,GASOLINE
아우디,Audi,A8L,A8L,2023,GASOLINE
아우디,Audi,A8L,A8L,2024,GASOLINE
아우디,Audi,A8L,A8L,2025,GASOLINE
아우디,Audi,Q5,Q5,2010,DIESEL
아우디,Audi,Q5,Q5,2010,GASOLINE
아우디,Audi,Q5,Q5,2010,HEV
아우디,Audi,Q5,Q5,2011,DIESEL
아우디,Audi,Q5,Q5,2011,GASOLINE
아우디,Audi,Q5,Q5,2011,HEV
아우디,Audi,Q5,Q5,2012,DIESEL
아우디,Audi,Q5,Q5,2012,GASOLINE
아우디,Audi,Q5,Q5,2012,HEV
아우디,Audi,Q5,Q5,2013,DIESEL
아우디,Audi,Q5,Q5,2013,GASOLINE
아우디,Audi,Q5,Q5,2013,HEV
아우디,Audi,Q5,Q5,2014,DIESEL
아우디,Audi,Q5,Q5,2014,GASOLINE
아우디,Audi,Q5,Q5,2014,HEV
아우디,Audi,Q5,Q5,2015,DIESEL
아우디,Audi,Q5,Q5,2015,GASOLINE
아우디,Audi,Q5,Q5,2015,HEV
아우디,Audi,Q5,Q5,2016,DIESEL
아우디,Audi,Q5,Q5,2016,GASOLINE
아우디,Audi,Q5,Q5,2016,HEV
아우디,Audi,Q5,Q5,2017,DIESEL
아우디,Audi,Q5,Q5,2017,GASOLINE
아우디,Audi,Q5,Q5,2017,HEV
아우디,Audi,Q5,Q5,2018,DIESEL
아우디,Audi,Q5,Q5,2018,GASOLINE
아우디,Audi,Q5,Q5,2018,HEV
아우디,Audi,Q5,Q5,2019,DIESEL
아우디,Audi,Q5,Q5,2019,GASOLINE
아우디,Audi,Q5,Q5,2019,HEV
아우디,Audi,Q5,Q5,2020,DIESEL
아우디,Audi,Q5,Q5,2020,GASOLINE
아우디,Audi,Q5,Q5,2020,HEV
아우디,Audi,Q5,Q5,2021,DIESEL
아우디,Audi,Q5,Q5,2021,GASOLINE
아우디,Audi,Q5,Q5,2021,HEV
아우디,Audi,Q5,Q5,2022,DIESEL
아우디,Audi,Q5,Q5,2022,GASOLINE
아우디,Audi,Q5,Q5,2022,HEV
아우디,Audi,Q5,Q5,2023,DIESEL
아우디,Audi,Q5,Q5,2023,GASOLINE
아우디,Audi,Q5,Q5,2023,HEV
아우디,Audi,Q5,Q5,2024,DIESEL
아우디,Audi,Q5,Q5,2024,GASOLINE
아우디,Audi,Q5,Q5,2024,HEV
아우디,Audi,Q5,Q5,2025,DIESEL
아우디,Audi,Q5,Q5,2025,GASOLINE
아우디,Audi,Q5,Q5,2025,HEV
아우디,Audi,Q7,Q7,2010,DIESEL
아우디,Audi,Q7,Q7,2010,GASOLINE
아우디,Audi,Q7,Q7,2011,DIESEL
아우디,Audi,Q7,Q7,2011,GASOLINE
아우디,Audi,Q7,Q7,2012,DIESEL
아우디,Audi,Q7,Q7,2012,GASOLINE
아우디,Audi,Q7,Q7,2013,DIESEL
아우디,Audi,Q7,Q7,2013,GASOLINE
아우디,Audi,Q7,Q7,2014,DIESEL
아우디,Audi,Q7,Q7,2014,GASOLINE
아우디,Audi,Q7,Q7,2015,DIESEL
아우디,Audi,Q7,Q7,2015,GASOLINE
아우디,Audi,Q7,Q7,2016,DIESEL
아우디,Audi,Q7,Q7,2016,GASOLINE
아우디,Audi,Q7,Q7,2017,DIESEL
아우디,Audi,Q7,Q7,2017,GASOLINE
아우디,Audi,Q7,Q7,2018,DIESEL
아우디,Audi,Q7,Q7,2018,GASOLINE
아우디,Audi,Q7,Q7,2019,DIESEL
아우디,Audi,Q7,Q7,2019,GASOLINE
아우디,Audi,Q7,Q7,2020,DIESEL
아우디,Audi,Q7,Q7,2020,GASOLINE
아우디,Audi,Q7,Q7,2021,DIESEL
아우디,Audi,Q7,Q7,2021,GASOLINE
아우디,Audi,Q7,Q7,2022,DIESEL
아우디,Audi,Q7,Q7,2022,GASOLINE
아우디,Audi,Q7,Q7,2023,DIESEL
아우디,Audi,Q7,Q7,2023,GASOLINE
아우디,Audi,Q7,Q7,2024,DIESEL
아우디,Audi,Q7,Q7,2024,GASOLINE
아우디,Audi,Q7,Q7,2025,DIESEL
아우디,Audi,Q7,Q7,2025,GASOLINE
아우디,Audi,S6,S6,2012,GASOLINE
아우디,Audi,S6,S6,2013,GASOLINE
아우디,Audi,S6,S6,2014,GASOLINE
아우디,Audi,S6,S6,2015,GASOLINE
아우디,Audi,S6,S6,2016,GASOLINE
아우디,Audi,S6,S6,2017,GASOLINE
아우디,Audi,S6,S6,2018,GASOLINE
아우디,Audi,S6,S6,2019,GASOLINE
아우디,Audi,S6,S6,2020,GASOLINE
아우디,Audi,S6,S6,2021,GASOLINE
아우디,Audi,S6,S6,2022,GASOLINE
아우디,Audi,S6,S6,2023,GASOLINE
아우디,Audi,S6,S6,2024,GASOLINE
아우디,Audi,S6,S6,2025,GASOLINE
아우디,Audi,TT쿼트로쿠페,TT Quattro Coupe,2010,GASOLINE
아우디,Audi,TT쿼트로쿠페,TT Quattro Coupe,2011,GASOLINE
아우디,Audi,TT쿼트로쿠페,TT Quattro Coupe,2012,GASOLINE
아우디,Audi,TT쿼트로쿠페,TT Quattro Coupe,2013,GASOLINE
아우디,Audi,TT쿼트로쿠페,TT Quattro Coupe,2014,GASOLINE
아우디,Audi,TT쿼트로쿠페,TT Quattro Coupe,2015,GASOLINE
아우디,Audi,TT쿼트로쿠페,TT Quattro Coupe,2016,GASOLINE
아우디,Audi,TT쿼트로쿠페,TT Quattro Coupe,2017,GASOLINE
아우디,Audi,TT쿼트로쿠페,TT Quattro Coupe,2018,GASOLINE
아우디,Audi,TT쿼트로쿠페,TT Quattro Coupe,2019,GASOLINE
아우디,Audi,TT쿼트로쿠페,TT Quattro Coupe,2020,GASOLINE
아우디,Audi,TT쿼트로쿠페,TT Quattro Coupe,2021,GASOLINE
아우디,Audi,TT쿼트로쿠페,TT Quattro Coupe,2022,GASOLINE
아우디,Audi,TT쿼트로쿠페,TT Quattro Coupe,2023,GASOLINE
아우디,Audi,TT쿼트로로드스터,TT Quattro Roadster,2010,GASOLINE
아우디,Audi,TT쿼트로로드스터,TT Quattro Roadster,2011,GASOLINE
아우디,Audi,TT쿼트로로드스터,TT Quattro Roadster,2012,GASOLINE
아우디,Audi,TT쿼트로로드스터,TT Quattro Roadster,2013,GASOLINE
아우디,Audi,TT쿼트로로드스터,TT Quattro Roadster,2014,GASOLINE
아우디,Audi,TT쿼트로로드스터,TT Quattro Roadster,2015,GASOLINE
아우디,Audi,TT쿼트로로드스터,TT Quattro Roadster,2016,GASOLINE
아우디,Audi,TT쿼트로로드스터,TT Quattro Roadster,2017,GASOLINE
아우디,Audi,TT쿼트로로드스터,TT Quattro Roadster,2018,GASOLINE
아우디,Audi,TT쿼트로로드스터,TT Quattro Roadster,2019,GASOLINE
아우디,Audi,TT쿼트로로드스터,TT Quattro Roadster,2020,GASOLINE
아우디,Audi,TT쿼트로로드스터,TT Quattro Roadster,2021,GASOLINE
아우디,Audi,TT쿼트로로드스터,TT Quattro Roadster,2022,GASOLINE
아우디,Audi,TT쿼트로로드스터,TT Quattro Roadster,2023,GASOLINE
아우디,Audi,TTS쿼트로쿠페,TTS Quattro Coupe,2010,GASOLINE
아우디,Audi,TTS쿼트로쿠페,TTS Quattro Coupe,2011,GASOLINE
아우디,Audi,TTS쿼트로쿠페,TTS Quattro Coupe,2012,GASOLINE
아우디,Audi,TTS쿼트로쿠페,TTS Quattro Coupe,2013,GASOLINE
아우디,Audi,TTS쿼트로쿠페,TTS Quattro Coupe,2014,GASOLINE
아우디,Audi,TTS쿼트로쿠페,TTS Quattro Coupe,2015,GASOLINE
아우디,Audi,TTS쿼트로쿠페,TTS Quattro Coupe,2016,GASOLINE
아우디,Audi,TTS쿼트로쿠페,TTS Quattro Coupe,2017,GASOLINE
아우디,Audi,TTS쿼트로쿠페,TTS Quattro Coupe,2018,GASOLINE
아우디,Audi,TTS쿼트로쿠페,TTS Quattro Coupe,2019,GASOLINE
아우디,Audi,TTS쿼트로쿠페,TTS Quattro Coupe,2020,GASOLINE
아우디,Audi,TTS쿼트로쿠페,TTS Quattro Coupe,2021,GASOLINE
아우디,Audi,TTS쿼트로쿠페,TTS Quattro Coupe,2022,GASOLINE
아우디,Audi,TTS쿼트로쿠페,TTS Quattro Coupe,2023,GASOLINE
아우디,Audi,TTS쿼트로로드스터,TTS Quattro Roadster,2010,GASOLINE
아우디,Audi,TTS쿼트로로드스터,TTS Quattro Roadster,2011,GASOLINE
아우디,Audi,TTS쿼트로로드스터,TTS Quattro Roadster,2012,GASOLINE
아우디,Audi,TTS쿼트로로드스터,TTS Quattro Roadster,2013,GASOLINE
아우디,Audi,TTS쿼트로로드스터,TTS Quattro Roadster,2014,GASOLINE
아우디,Audi,TTS쿼트로로드스터,TTS Quattro Roadster,2015,GASOLINE
아우디,Audi,TTS쿼트로로드스터,TTS Quattro Roadster,2016,GASOLINE
아우디,Audi,TTS쿼트로로드스터,TTS Quattro Roadster,2017,GASOLINE
아우디,Audi,TTS쿼트로로드스터,TTS Quattro Roadster,2018,GASOLINE
아우디,Audi,TTS쿼트로로드스터,TTS Quattro Roadster,2019,GASOLINE
아우디,Audi,TTS쿼트로로드스터,TTS Quattro Roadster,2020,GASOLINE
아우디,Audi,TTS쿼트로로드스터,TTS Quattro Roadster,2021,GASOLINE
아우디,Audi,TTS쿼트로로드스터,TTS Quattro Roadster,2022,GASOLINE
아우디,Audi,TTS쿼트로로드스터,TTS Quattro Roadster,2023,GASOLINE
BMW,BMW,알피나B7x드라이브,Alpina B7 xDrive,2011,GASOLINE
BMW,BMW,알피나B7x드라이브,Alpina B7 xDrive,2012,GASOLINE
BMW,BMW,알피나B7x드라이브,Alpina B7 xDrive,2013,GASOLINE
BMW,BMW,알피나B7x드라이브,Alpina B7 xDrive,2014,GASOLINE
BMW,BMW,알피나B7x드라이브,Alpina B7 xDrive,2015,GASOLINE
BMW,BMW,M3,M3,2010,GASOLINE
BMW,BMW,M3,M3,2011,GASOLINE
BMW,BMW,M3,M3,2012,GASOLINE
BMW,BMW,M3,M3,2013,GASOLINE
BMW,BMW,M3,M3,2014,GASOLINE
BMW,BMW,M3,M3,2015,GASOLINE
BMW,BMW,M3,M3,2016,GASOLINE
BMW,BMW,M3,M3,2017,GASOLINE
BMW,BMW,M3,M3,2018,GASOLINE
BMW,BMW,M3,M3,2019,GASOLINE
BMW,BMW,M3,M3,2020,GASOLINE
BMW,BMW,M3,M3,2021,GASOLINE
BMW,BMW,M3,M3,2022,GASOLINE
BMW,BMW,M3,M3,2023,GASOLINE
BMW,BMW,M3,M3,2024,GASOLINE
BMW,BMW,M3,M3,2025,GASOLINE
BMW,BMW,M6,M6,2010,GASOLINE
BMW,BMW,M6,M6,2011,GASOLINE
BMW,BMW,M6,M6,2012,GASOLINE
BMW,BMW,M6,M6,2013,GASOLINE
BMW,BMW,M6,M6,2014,GASOLINE
BMW,BMW,M6,M6,2015,GASOLINE
BMW,BMW,M6,M6,2016,GASOLINE
BMW,BMW,M6,M6,2017,GASOLINE
BMW,BMW,M6,M6,2018,GASOLINE
BMW,BMW,X1s드라이브28i,X1 sDrive 28i,2013,GASOLINE
BMW,BMW,X1s드라이브28i,X1 sDrive 28i,2014,GASOLINE
BMW,BMW,X1s드라이브28i,X1 sDrive 28i,2015,GASOLINE
BMW,BMW,X1x드라이브28i,X1 xDrive 28i,2013,GASOLINE
BMW,BMW,X1x드라이브28i,X1 xDrive 28i,2014,GASOLINE
BMW,BMW,X1x드라이브28i,X1 xDrive 28i,2015,GASOLINE
BMW,BMW,X1x드라이브35i,X1 xDrive 35i,2013,GASOLINE
BMW,BMW,X1x드라이브35i,X1 xDrive 35i,2014,GASOLINE
BMW,BMW,X1x드라이브35i,X1 xDrive 35i,2015,GASOLINE
BMW,BMW,X3x드라이브28i,X3 xDrive 28i,2011,GASOLINE
BMW,BMW,X3x드라이브28i,X3 xDrive 28i,2012,GASOLINE
BMW,BMW,X3x드라이브28i,X3 xDrive 28i,2013,GASOLINE
BMW,BMW,X3x드라이브28i,X3 xDrive 28i,2014,GASOLINE
BMW,BMW,X3x드라이브28i,X3 xDrive 28i,2015,GASOLINE
BMW,BMW,X3x드라이브28i,X3 xDrive 28i,2016,GASOLINE
BMW,BMW,X3x드라이브28i,X3 xDrive 28i,2017,GASOLINE
BMW,BMW,X3x드라이브35i,X3 xDrive 35i,2011,GASOLINE
BMW,BMW,X3x드라이브35i,X3 xDrive 35i,2012,GASOLINE
BMW,BMW,X3x드라이브35i,X3 xDrive 35i,2013,GASOLINE
BMW,BMW,X3x드라이브35i,X3 xDrive 35i,2014,GASOLINE
BMW,BMW,X3x드라이브35i,X3 xDrive 35i,2015,GASOLINE
BMW,BMW,X3x드라이브35i,X3 xDrive 35i,2016,GASOLINE
BMW,BMW,X3x드라이브35i,X3 xDrive 35i,2017,GASOLINE
BMW,BMW,X5M,X5 M,2010,GASOLINE
BMW,BMW,X5M,X5 M,2011,GASOLINE
BMW,BMW,X5M,X5 M,2012,GASOLINE
BMW,BMW,X5M,X5 M,2013,GASOLINE
BMW,BMW,X5M,X5 M,2014,GASOLINE
BMW,BMW,X5M,X5 M,2015,GASOLINE
BMW,BMW,X5M,X5 M,2016,GASOLINE
BMW,BMW,X5M,X5 M,2017,GASOLINE
BMW,BMW,X5M,X5 M,2018,GASOLINE
BMW,BMW,X5M,X5 M,2019,GASOLINE
BMW,BMW,X5M,X5 M,2020,GASOLINE
BMW,BMW,X5M,X5 M,2021,GASOLINE
BMW,BMW,X5M,X5 M,2022,GASOLINE
BMW,BMW,X5M,X5 M,2023,GASOLINE
BMW,BMW,X5M,X5 M,2024,GASOLINE
BMW,BMW,X5M,X5 M,2025,GASOLINE
BMW,BMW,X5x드라이브35d,X5 xDrive 35d,2010,DIESEL
BMW,BMW,X5x드라이브35d,X5 xDrive 35d,2011,DIESEL
BMW,BMW,X5x드라이브35d,X5 xDrive 35d,2012,DIESEL
BMW,BMW,X5x드라이브35d,X5 xDrive 35d,2013,DIESEL
BMW,BMW,X5x드라이브35i,X5 xDrive 35i,2010,GASOLINE
BMW,BMW,X5x드라이브35i,X5 xDrive 35i,2011,GASOLINE
BMW,BMW,X5x드라이브35i,X5 xDrive 35i,2012,GASOLINE
BMW,BMW,X5x드라이브35i,X5 xDrive 35i,2013,GASOLINE
BMW,BMW,X5x드라이브50i,X5 xDrive 50i,2010,GASOLINE
BMW,BMW,X5x드라이브50i,X5 xDrive 50i,2011,GASOLINE
BMW,BMW,X5x드라이브50i,X5 xDrive 50i,2012,GASOLINE
BMW,BMW,X5x드라이브50i,X5 xDrive 50i,2013,GASOLINE
뷰릭,Buick,앙코르,Encore,2013,GASOLINE
뷰릭,Buick,앙코르,Encore,2014,GASOLINE
뷰릭,Buick,앙코르,Encore,2015,GASOLINE
뷰릭,Buick,앙코르,Encore,2016,GASOLINE
뷰릭,Buick,앙코르,Encore,2017,GASOLINE
뷰릭,Buick,앙코르,Encore,2018,GASOLINE
뷰릭,Buick,앙코르,Encore,2019,GASOLINE
뷰릭,Buick,앙코르,Encore,2020,GASOLINE
뷰릭,Buick,앙코르,Encore,2021,GASOLINE
뷰릭,Buick,앙코르,Encore,2022,GASOLINE
뷰릭,Buick,앙코르,Encore,2023,GASOLINE
뷰릭,Buick,앙코르,Encore,2024,GASOLINE
뷰릭,Buick,앙코르,Encore,2025,GASOLINE
뷰릭,Buick,라크로스,LaCrosse,2010,GASOLINE
뷰릭,Buick,라크로스,LaCrosse,2011,GASOLINE
뷰릭,Buick,라크로스,LaCrosse,2012,GASOLINE
뷰릭,Buick,라크로스,LaCrosse,2013,GASOLINE
뷰릭,Buick,라크로스,LaCrosse,2014,GASOLINE
뷰릭,Buick,라크로스,LaCrosse,2015,GASOLINE
뷰릭,Buick,라크로스,LaCrosse,2016,GASOLINE
뷰릭,Buick,라크로스,LaCrosse,2017,GASOLINE
뷰릭,Buick,라크로스,LaCrosse,2018,GASOLINE
뷰릭,Buick,라크로스,LaCrosse,2019,GASOLINE
뷰릭,Buick,리갈,Regal,2010,GASOLINE
뷰릭,Buick,리갈,Regal,2011,GASOLINE
뷰릭,Buick,리갈,Regal,2012,GASOLINE
뷰릭,Buick,리갈,Regal,2013,GASOLINE
뷰릭,Buick,리갈,Regal,2014,GASOLINE
뷰릭,Buick,리갈,Regal,2015,GASOLINE
뷰릭,Buick,리갈,Regal,2016,GASOLINE
뷰릭,Buick,리갈,Regal,2017,GASOLINE
뷰릭,Buick,리갈,Regal,2018,GASOLINE
뷰릭,Buick,리갈,Regal,2019,GASOLINE
뷰릭,Buick,리갈,Regal,2020,GASOLINE
뷰릭,Buick,베라노,Verano,2012,GASOLINE
뷰릭,Buick,베라노,Verano,2013,GASOLINE
뷰릭,Buick,베라노,Verano,2014,GASOLINE
뷰릭,Buick,베라노,Verano,2015,GASOLINE
뷰릭,Buick,베라노,Verano,2016,GASOLINE
뷰릭,Buick,베라노,Verano,2017,GASOLINE
캐딜락,Cadillac,CTS세단,CTS Sedan,2010,GASOLINE
캐딜락,Cadillac,CTS세단,CTS Sedan,2011,GASOLINE
캐딜락,Cadillac,CTS세단,CTS Sedan,2012,GASOLINE
캐딜락,Cadillac,CTS세단,CTS Sedan,2013,GASOLINE
캐딜락,Cadillac,CTS세단,CTS Sedan,2014,GASOLINE
캐딜락,Cadillac,CTS세단,CTS Sedan,2015,GASOLINE
캐딜락,Cadillac,CTS세단,CTS Sedan,2016,GASOLINE
캐딜락,Cadillac,CTS세단,CTS Sedan,2017,GASOLINE
캐딜락,Cadillac,CTS세단,CTS Sedan,2018,GASOLINE
캐딜락,Cadillac,CTS세단,CTS Sedan,2019,GASOLINE
캐딜락,Cadillac,CTS웨건,CTS Wagon,2010,GASOLINE
캐딜락,Cadillac,CTS웨건,CTS Wagon,2011,GASOLINE
캐딜락,Cadillac,CTS웨건,CTS Wagon,2012,GASOLINE
캐딜락,Cadillac,CTS웨건,CTS Wagon,2013,GASOLINE
캐딜락,Cadillac,CTS웨건,CTS Wagon,2014,GASOLINE
캐딜락,Cadillac,에스컬레이드,Escalade,2010,GASOLINE
캐딜락,Cadillac,에스컬레이드,Escalade,2010,HEV
캐딜락,Cadillac,에스컬레이드,Escalade,2011,GASOLINE
캐딜락,Cadillac,에스컬레이드,Escalade,2011,HEV
캐딜락,Cadillac,에스컬레이드,Escalade,2012,GASOLINE
캐딜락,Cadillac,에스컬레이드,Escalade,2012,HEV
캐딜락,Cadillac,에스컬레이드,Escalade,2013,GASOLINE
캐딜락,Cadillac,에스컬레이드,Escalade,2013,HEV
캐딜락,Cadillac,에스컬레이드,Escalade,2014,GASOLINE
캐딜락,Cadillac,에스컬레이드,Escalade,2014,HEV
캐딜락,Cadillac,에스컬레이드,Escalade,2015,GASOLINE
캐딜락,Cadillac,에스컬레이드,Escalade,2015,HEV
캐딜락,Cadillac,에스컬레이드,Escalade,2016,GASOLINE
캐딜락,Cadillac,에스컬레이드,Escalade,2016,HEV
캐딜락,Cadillac,에스컬레이드,Escalade,2017,GASOLINE
캐딜락,Cadillac,에스컬레이드,Escalade,2017,HEV
캐딜락,Cadillac,에스컬레이드,Escalade,2018,GASOLINE
캐딜락,Cadillac,에스컬레이드,Escalade,2018,HEV
캐딜락,Cadillac,에스컬레이드,Escalade,2019,GASOLINE
캐딜락,Cadillac,에스컬레이드,Escalade,2019,HEV
캐딜락,Cadillac,에스컬레이드,Escalade,2020,GASOLINE
캐딜락,Cadillac,에스컬레이드,Escalade,2020,HEV
캐딜락,Cadillac,에스컬레이드,Escalade,2021,GASOLINE
캐딜락,Cadillac,에스컬레이드,Escalade,2021,HEV
캐딜락,Cadillac,에스컬레이드,Escalade,2022,GASOLINE
캐딜락,Cadillac,에스컬레이드,Escalade,2022,HEV
캐딜락,Cadillac,에스컬레이드,Escalade,2023,GASOLINE
캐딜락,Cadillac,에스컬레이드,Escalade,2023,HEV
캐딜락,Cadillac,에스컬레이드,Escalade,2024,GASOLINE
캐딜락,Cadillac,에스컬레이드,Escalade,2024,HEV
캐딜락,Cadillac,에스컬레이드,Escalade,2025,GASOLINE
캐딜락,Cadillac,에스컬레이드,Escalade,2025,HEV
캐딜락,Cadillac,에스컬레이드ESV,Escalade/ESV,2010,GASOLINE
캐딜락,Cadillac,에스컬레이드ESV,Escalade/ESV,2010,HEV
캐딜락,Cadillac,에스컬레이드ESV,Escalade/ESV,2011,GASOLINE
캐딜락,Cadillac,에스컬레이드ESV,Escalade/ESV,2011,HEV
캐딜락,Cadillac,에스컬레이드ESV,Escalade/ESV,2012,GASOLINE
캐딜락,Cadillac,에스컬레이드ESV,Escalade/ESV,2012,HEV
캐딜락,Cadillac,에스컬레이드ESV,Escalade/ESV,2013,GASOLINE
캐딜락,Cadillac,에스컬레이드ESV,Escalade/ESV,2013,HEV
캐딜락,Cadillac,에스컬레이드ESV,Escalade/ESV,2014,GASOLINE
캐딜락,Cadillac,에스컬레이드ESV,Escalade/ESV,2014,HEV
캐딜락,Cadillac,에스컬레이드ESV,Escalade/ESV,2015,GASOLINE
캐딜락,Cadillac,에스컬레이드ESV,Escalade/ESV,2015,HEV
캐딜락,Cadillac,에스컬레이드ESV,Escalade/ESV,2016,GASOLINE
캐딜락,Cadillac,에스컬레이드ESV,Escalade/ESV,2016,HEV
캐딜락,Cadillac,에스컬레이드ESV,Escalade/ESV,2017,GASOLINE
캐딜락,Cadillac,에스컬레이드ESV,Escalade/ESV,2017,HEV
캐딜락,Cadillac,에스컬레이드ESV,Escalade/ESV,2018,GASOLINE
캐딜락,Cadillac,에스컬레이드ESV,Escalade/ESV,2018,HEV
캐딜락,Cadillac,에스컬레이드ESV,Escalade/ESV,2019,GASOLINE
캐딜락,Cadillac,에스컬레이드ESV,Escalade/ESV,2019,HEV
캐딜락,Cadillac,에스컬레이드ESV,Escalade/ESV,2020,GASOLINE
캐딜락,Cadillac,에스컬레이드ESV,Escalade/ESV,2020,HEV
캐딜락,Cadillac,에스컬레이드ESV,Escalade/ESV,2021,GASOLINE
캐딜락,Cadillac,에스컬레이드ESV,Escalade/ESV,2021,HEV
캐딜락,Cadillac,에스컬레이드ESV,Escalade/ESV,2022,GASOLINE
캐딜락,Cadillac,에스컬레이드ESV,Escalade/ESV,2022,HEV
캐딜락,Cadillac,에스컬레이드ESV,Escalade/ESV,2023,GASOLINE
캐딜락,Cadillac,에스컬레이드ESV,Escalade/ESV,2023,HEV
캐딜락,Cadillac,에스컬레이드ESV,Escalade/ESV,2024,GASOLINE
캐딜락,Cadillac,에스컬레이드ESV,Escalade/ESV,2024,HEV
캐딜락,Cadillac,에스컬레이드ESV,Escalade/ESV,2025,GASOLINE
캐딜락,Cadillac,에스컬레이드ESV,Escalade/ESV,2025,HEV
캐딜락,Cadillac,SRX,SRX,2010,GASOLINE
캐딜락,Cadillac,SRX,SRX,2011,GASOLINE
캐딜락,Cadillac,SRX,SRX,2012,GASOLINE
캐딜락,Cadillac,SRX,SRX,2013,GASOLINE
캐딜락,Cadillac,SRX,SRX,2014,GASOLINE
캐딜락,Cadillac,SRX,SRX,2015,GASOLINE
캐딜락,Cadillac,SRX,SRX,2016,GASOLINE
캐딜락,Cadillac,STS,STS,2010,GASOLINE
캐딜락,Cadillac,STS,STS,2011,GASOLINE
쉐보레,Chevrolet,아발란치,Avalanche,2010,GASOLINE
쉐보레,Chevrolet,아발란치,Avalanche,2011,GASOLINE
쉐보레,Chevrolet,아발란치,Avalanche,2012,GASOLINE
쉐보레,Chevrolet,아발란치,Avalanche,2013,GASOLINE
쉐보레,Chevrolet,카마로,Camaro,2010,GASOLINE
쉐보레,Chevrolet,카마로,Camaro,2011,GASOLINE
쉐보레,Chevrolet,카마로,Camaro,2012,GASOLINE
쉐보레,Chevrolet,카마로,Camaro,2013,GASOLINE
쉐보레,Chevrolet,카마로,Camaro,2014,GASOLINE
쉐보레,Chevrolet,카마로,Camaro,2015,GASOLINE
쉐보레,Chevrolet,카마로,Camaro,2016,GASOLINE
쉐보레,Chevrolet,카마로,Camaro,2017,GASOLINE
쉐보레,Chevrolet,카마로,Camaro,2018,GASOLINE
쉐보레,Chevrolet,카마로,Camaro,2019,GASOLINE
쉐보레,Chevrolet,카마로,Camaro,2020,GASOLINE
쉐보레,Chevrolet,카마로,Camaro,2021,GASOLINE
쉐보레,Chevrolet,카마로,Camaro,2022,GASOLINE
쉐보레,Chevrolet,카마로,Camaro,2023,GASOLINE
쉐보레,Chevrolet,카마로,Camaro,2024,GASOLINE
쉐보레,Chevrolet,카마로,Camaro,2025,GASOLINE
쉐보레,Chevrolet,콜벳,Corvette,2010,GASOLINE
쉐보레,Chevrolet,콜벳,Corvette,2011,GASOLINE
쉐보레,Chevrolet,콜벳,Corvette,2012,GASOLINE
쉐보레,Chevrolet,콜벳,Corvette,2013,GASOLINE
쉐보레,Chevrolet,콜벳,Corvette,2014,GASOLINE
쉐보레,Chevrolet,콜벳,Corvette,2015,GASOLINE
쉐보레,Chevrolet,콜벳,Corvette,2016,GASOLINE
쉐보레,Chevrolet,콜벳,Corvette,2017,GASOLINE
쉐보레,Chevrolet,콜벳,Corvette,2018,GASOLINE
쉐보레,Chevrolet,콜벳,Corvette,2019,GASOLINE
쉐보레,Chevrolet,콜벳,Corvette,2020,GASOLINE
쉐보레,Chevrolet,콜벳,Corvette,2021,GASOLINE
쉐보레,Chevrolet,콜벳,Corvette,2022,GASOLINE
쉐보레,Chevrolet,콜벳,Corvette,2023,GASOLINE
쉐보레,Chevrolet,콜벳,Corvette,2024,GASOLINE
쉐보레,Chevrolet,콜벳,Corvette,2025,GASOLINE
쉐보레,Chevrolet,크루즈,Cruze,2010,DIESEL
쉐보레,Chevrolet,크루즈,Cruze,2010,GASOLINE
쉐보레,Chevrolet,크루즈,Cruze,2011,DIESEL
쉐보레,Chevrolet,크루즈,Cruze,2011,GASOLINE
쉐보레,Chevrolet,크루즈,Cruze,2012,DIESEL
쉐보레,Chevrolet,크루즈,Cruze,2012,GASOLINE
쉐보레,Chevrolet,크루즈,Cruze,2013,DIESEL
쉐보레,Chevrolet,크루즈,Cruze,2013,GASOLINE
쉐보레,Chevrolet,크루즈,Cruze,2014,DIESEL
쉐보레,Chevrolet,크루즈,Cruze,2014,GASOLINE
쉐보레,Chevrolet,크루즈,Cruze,2015,DIESEL
쉐보레,Chevrolet,크루즈,Cruze,2015,GASOLINE
쉐보레,Chevrolet,크루즈,Cruze,2016,DIESEL
쉐보레,Chevrolet,크루즈,Cruze,2016,GASOLINE
쉐보레,Chevrolet,크루즈,Cruze,2017,DIESEL
쉐보레,Chevrolet,크루즈,Cruze,2017,GASOLINE
쉐보레,Chevrolet,크루즈,Cruze,2018,DIESEL
쉐보레,Chevrolet,크루즈,Cruze,2018,GASOLINE
쉐보레,Chevrolet,크루즈,Cruze,2019,DIESEL
쉐보레,Chevrolet,크루즈,Cruze,2019,GASOLINE
쉐보레,Chevrolet,이퀴녹스,Equinox,2010,GASOLINE
쉐보레,Chevrolet,이퀴녹스,Equinox,2011,GASOLINE
쉐보레,Chevrolet,이퀴녹스,Equinox,2012,GASOLINE
쉐보레,Chevrolet,이퀴녹스,Equinox,2013,GASOLINE
쉐보레,Chevrolet,이퀴녹스,Equinox,2014,GASOLINE
쉐보레,Chevrolet,이퀴녹스,Equinox,2015,GASOLINE
쉐보레,Chevrolet,이퀴녹스,Equinox,2016,GASOLINE
쉐보레,Chevrolet,이퀴녹스,Equinox,2017,GASOLINE
쉐보레,Chevrolet,이퀴녹스,Equinox,2018,GASOLINE
쉐보레,Chevrolet,이퀴녹스,Equinox,2019,GASOLINE
쉐보레,Chevrolet,이퀴녹스,Equinox,2020,GASOLINE
쉐보레,Chevrolet,이퀴녹스,Equinox,2021,GASOLINE
쉐보레,Chevrolet,이퀴녹스,Equinox,2022,GASOLINE
쉐보레,Chevrolet,이퀴녹스,Equinox,2023,GASOLINE
쉐보레,Chevrolet,이퀴녹스,Equinox,2024,GASOLINE
쉐보레,Chevrolet,이퀴녹스,Equinox,2025,GASOLINE
쉐보레,Chevrolet,익스프레스1500,Express 1500,2010,GASOLINE
쉐보레,Chevrolet,익스프레스1500,Express 1500,2011,GASOLINE
쉐보레,Chevrolet,익스프레스1500,Express 1500,2012,GASOLINE
쉐보레,Chevrolet,익스프레스1500,Express 1500,2013,GASOLINE
쉐보레,Chevrolet,익스프레스1500,Express 1500,2014,GASOLINE
쉐보레,Chevrolet,익스프레스1500,Express 1500,2015,GASOLINE
쉐보레,Chevrolet,익스프레스1500,Express 1500,2016,GASOLINE
쉐보레,Chevrolet,익스프레스1500,Express 1500,2017,GASOLINE
쉐보레,Chevrolet,익스프레스1500,Express 1500,2018,GASOLINE
쉐보레,Chevrolet,익스프레스1500,Express 1500,2019,GASOLINE
쉐보레,Chevrolet,익스프레스1500,Express 1500,2020,GASOLINE
쉐보레,Chevrolet,익스프레스1500,Express 1500,2021,GASOLINE
쉐보레,Chevrolet,익스프레스1500,Express 1500,2022,GASOLINE
쉐보레,Chevrolet,익스프레스1500,Express 1500,2023,GASOLINE
쉐보레,Chevrolet,익스프레스1500,Express 1500,2024,GASOLINE
쉐보레,Chevrolet,익스프레스1500,Express 1500,2025,GASOLINE
쉐보레,Chevrolet,익스프레스2500,Express 2500,2010,DIESEL
쉐보레,Chevrolet,익스프레스2500,Express 2500,2010,GASOLINE
쉐보레,Chevrolet,익스프레스2500,Express 2500,2010,LPG
쉐보레,Chevrolet,익스프레스2500,Express 2500,2011,DIESEL
쉐보레,Chevrolet,익스프레스2500,Express 2500,2011,GASOLINE
쉐보레,Chevrolet,익스프레스2500,Express 2500,2011,LPG
쉐보레,Chevrolet,익스프레스2500,Express 2500,2012,DIESEL
쉐보레,Chevrolet,익스프레스2500,Express 2500,2012,GASOLINE
쉐보레,Chevrolet,익스프레스2500,Express 2500,2012,LPG
쉐보레,Chevrolet,익스프레스2500,Express 2500,2013,DIESEL
쉐보레,Chevrolet,익스프레스2500,Express 2500,2013,GASOLINE
쉐보레,Chevrolet,익스프레스2500,Express 2500,2013,LPG
쉐보레,Chevrolet,익스프레스2500,Express 2500,2014,DIESEL
쉐보레,Chevrolet,익스프레스2500,Express 2500,2014,GASOLINE
쉐보레,Chevrolet,익스프레스2500,Express 2500,2014,LPG
쉐보레,Chevrolet,익스프레스2500,Express 2500,2015,DIESEL
쉐보레,Chevrolet,익스프레스2500,Express 2500,2015,GASOLINE
쉐보레,Chevrolet,익스프레스2500,Express 2500,2015,LPG
쉐보레,Chevrolet,익스프레스2500,Express 2500,2016,DIESEL
쉐보레,Chevrolet,익스프레스2500,Express 2500,2016,GASOLINE
쉐보레,Chevrolet,익스프레스2500,Express 2500,2016,LPG
쉐보레,Chevrolet,익스프레스2500,Express 2500,2017,DIESEL
쉐보레,Chevrolet,익스프레스2500,Express 2500,2017,GASOLINE
쉐보레,Chevrolet,익스프레스2500,Express 2500,2017,LPG
쉐보레,Chevrolet,익스프레스2500,Express 2500,2018,DIESEL
쉐보레,Chevrolet,익스프레스2500,Express 2500,2018,GASOLINE
쉐보레,Chevrolet,익스프레스2500,Express 2500,2018,LPG
쉐보레,Chevrolet,익스프레스2500,Express 2500,2019,DIESEL
쉐보레,Chevrolet,익스프레스2500,Express 2500,2019,GASOLINE
쉐보레,Chevrolet,익스프레스2500,Express 2500,2019,LPG
쉐보레,Chevrolet,익스프레스2500,Express 2500,2020,DIESEL
쉐보레,Chevrolet,익스프레스2500,Express 2500,2020,GASOLINE
쉐보레,Chevrolet,익스프레스2500,Express 2500,2020,LPG
쉐보레,Chevrolet,익스프레스2500,Express 2500,2021,DIESEL
쉐보레,Chevrolet,익스프레스2500,Express 2500,2021,GASOLINE
쉐보레,Chevrolet,익스프레스2500,Express 2500,2021,LPG
쉐보레,Chevrolet,익스프레스2500,Express 2500,2022,DIESEL
쉐보레,Chevrolet,익스프레스2500,Express 2500,2022,GASOLINE
쉐보레,Chevrolet,익스프레스2500,Express 2500,2022,LPG
쉐보레,Chevrolet,익스프레스2500,Express 2500,2023,DIESEL
쉐보레,Chevrolet,익스프레스2500,Express 2500,2023,GASOLINE
쉐보레,Chevrolet,익스프레스2500,Express 2500,2023,LPG
쉐보레,Chevrolet,익스프레스2500,Express 2500,2024,DIESEL
쉐보레,Chevrolet,익스프레스2500,Express 2500,2024,GASOLINE
쉐보레,Chevrolet,익스프레스2500,Express 2500,2024,LPG
쉐보레,Chevrolet,익스프레스2500,Express 2500,2025,DIESEL
쉐보레,Chevrolet,익스프레스2500,Express 2500,2025,GASOLINE
쉐보레,Chevrolet,익스프레스2500,Express 2500,2025,LPG
쉐보레,Chevrolet,익스프레스3500,Express 3500,2010,DIESEL
쉐보레,Chevrolet,익스프레스3500,Express 3500,2010,GASOLINE
쉐보레,Chevrolet,익스프레스3500,Express 3500,2010,LPG
쉐보레,Chevrolet,익스프레스3500,Express 3500,2011,DIESEL
쉐보레,Chevrolet,익스프레스3500,Express 3500,2011,GASOLINE
쉐보레,Chevrolet,익스프레스3500,Express 3500,2011,LPG
쉐보레,Chevrolet,익스프레스3500,Express 3500,2012,DIESEL
쉐보레,Chevrolet,익스프레스3500,Express 3500,2012,GASOLINE
쉐보레,Chevrolet,익스프레스3500,Express 3500,2012,LPG
쉐보레,Chevrolet,익스프레스3500,Express 3500,2013,DIESEL
쉐보레,Chevrolet,익스프레스3500,Express 3500,2013,GASOLINE
쉐보레,Chevrolet,익스프레스3500,Express 3500,2013,LPG
쉐보레,Chevrolet,익스프레스3500,Express 3500,2014,DIESEL
쉐보레,Chevrolet,익스프레스3500,Express 3500,2014,GASOLINE
쉐보레,Chevrolet,익스프레스3500,Express 3500,2014,LPG
쉐보레,Chevrolet,익스프레스3500,Express 3500,2015,DIESEL
쉐보레,Chevrolet,익스프레스3500,Express 3500,2015,GASOLINE
쉐보레,Chevrolet,익스프레스3500,Express 3500,2015,LPG
쉐보레,Chevrolet,익스프레스3500,Express 3500,2016,DIESEL
쉐보레,Chevrolet,익스프레스3500,Express 3500,2016,GASOLINE
쉐보레,Chevrolet,익스프레스3500,Express 3500,2016,LPG
쉐보레,Chevrolet,익스프레스3500,Express 3500,2017,DIESEL
쉐보레,Chevrolet,익스프레스3500,Express 3500,2017,GASOLINE
쉐보레,Chevrolet,익스프레스3500,Express 3500,2017,LPG
쉐보레,Chevrolet,익스프레스3500,Express 3500,2018,DIESEL
쉐보레,Chevrolet,익스프레스3500,Express 3500,2018,GASOLINE
쉐보레,Chevrolet,익스프레스3500,Express 3500,2018,LPG
쉐보레,Chevrolet,익스프레스3500,Express 3500,2019,DIESEL
쉐보레,Chevrolet,익스프레스3500,Express 3500,2019,GASOLINE
쉐보레,Chevrolet,익스프레스3500,Express 3500,2019,LPG
쉐보레,Chevrolet,익스프레스3500,Express 3500,2020,DIESEL
쉐보레,Chevrolet,익스프레스3500,Express 3500,2020,GASOLINE
쉐보레,Chevrolet,익스프레스3500,Express 3500,2020,LPG
쉐보레,Chevrolet,익스프레스3500,Express 3500,2021,DIESEL
쉐보레,Chevrolet,익스프레스3500,Express 3500,2021,GASOLINE
쉐보레,Chevrolet,익스프레스3500,Express 3500,2021,LPG
쉐보레,Chevrolet,익스프레스3500,Express 3500,2022,DIESEL
쉐보레,Chevrolet,익스프레스3500,Express 3500,2022,GASOLINE
쉐보레,Chevrolet,익스프레스3500,Express 3500,2022,LPG
쉐보레,Chevrolet,익스프레스3500,Express 3500,2023,DIESEL
쉐보레,Chevrolet,익스프레스3500,Express 3500,2023,GASOLINE
쉐보레,Chevrolet,익스프레스3500,Express 3500,2023,LPG
쉐보레,Chevrolet,익스프레스3500,Express 3500,2024,DIESEL
쉐보레,Chevrolet,익스프레스3500,Express 3500,2024,GASOLINE
쉐보레,Chevrolet,익스프레스3500,Express 3500,2024,LPG
쉐보레,Chevrolet,익스프레스3500,Express 3500,2025,DIESEL
쉐보레,Chevrolet,익스프레스3500,Express 3500,2025,GASOLINE
쉐보레,Chevrolet,익스프레스3500,Express 3500,2025,LPG
쉐보레,Chevrolet,말리부,Malibu,2010,GASOLINE
쉐보레,Chevrolet,말리부,Malibu,2010,HEV
쉐보레,Chevrolet,말리부,Malibu,2011,GASOLINE
쉐보레,Chevrolet,말리부,Malibu,2011,HEV
쉐보레,Chevrolet,말리부,Malibu,2012,GASOLINE
쉐보레,Chevrolet,말리부,Malibu,2012,HEV
쉐보레,Chevrolet,말리부,Malibu,2013,GASOLINE
쉐보레,Chevrolet,말리부,Malibu,2013,HEV
쉐보레,Chevrolet,말리부,Malibu,2014,GASOLINE
쉐보레,Chevrolet,말리부,Malibu,2014,HEV
쉐보레,Chevrolet,말리부,Malibu,2015,GASOLINE
쉐보레,Chevrolet,말리부,Malibu,2015,HEV
쉐보레,Chevrolet,말리부,Malibu,2016,GASOLINE
쉐보레,Chevrolet,말리부,Malibu,2016,HEV
쉐보레,Chevrolet,말리부,Malibu,2017,GASOLINE
쉐보레,Chevrolet,말리부,Malibu,2017,HEV
쉐보레,Chevrolet,말리부,Malibu,2018,GASOLINE
쉐보레,Chevrolet,말리부,Malibu,2018,HEV
쉐보레,Chevrolet,말리부,Malibu,2019,GASOLINE
쉐보레,Chevrolet,말리부,Malibu,2019,HEV
쉐보레,Chevrolet,말리부,Malibu,2020,GASOLINE
쉐보레,Chevrolet,말리부,Malibu,2020,HEV
쉐보레,Chevrolet,말리부,Malibu,2021,GASOLINE
쉐보레,Chevrolet,말리부,Malibu,2021,HEV
쉐보레,Chevrolet,말리부,Malibu,2022,GASOLINE
쉐보레,Chevrolet,말리부,Malibu,2022,HEV
쉐보레,Chevrolet,말리부,Malibu,2023,GASOLINE
쉐보레,Chevrolet,말리부,Malibu,2023,HEV
쉐보레,Chevrolet,말리부,Malibu,2024,GASOLINE
쉐보레,Chevrolet,말리부,Malibu,2024,HEV
쉐보레,Chevrolet,말리부,Malibu,2025,GASOLINE
쉐보레,Chevrolet,말리부,Malibu,2025,HEV
쉐보레,Chevrolet,실버라도1500,Silverado 1500,2010,DIESEL
쉐보레,Chevrolet,실버라도1500,Silverado 1500,2010,GASOLINE
쉐보레,Chevrolet,실버라도1500,Silverado 1500,2010,HEV
쉐보레,Chevrolet,실버라도1500,Silverado 1500,2011,DIESEL
쉐보레,Chevrolet,실버라도1500,Silverado 1500,2011,GASOLINE
쉐보레,Chevrolet,실버라도1500,Silverado 1500,2011,HEV
쉐보레,Chevrolet,실버라도1500,Silverado 1500,2012,DIESEL
쉐보레,Chevrolet,실버라도1500,Silverado 1500,2012,GASOLINE
쉐보레,Chevrolet,실버라도1500,Silverado 1500,2012,HEV
쉐보레,Chevrolet,실버라도1500,Silverado 1500,2013,DIESEL
쉐보레,Chevrolet,실버라도1500,Silverado 1500,2013,GASOLINE
쉐보레,Chevrolet,실버라도1500,Silverado 1500,2013,HEV
쉐보레,Chevrolet,실버라도1500,Silverado 1500,2014,DIESEL
쉐보레,Chevrolet,실버라도1500,Silverado 1500,2014,GASOLINE
쉐보레,Chevrolet,실버라도1500,Silverado 1500,2014,HEV
쉐보레,Chevrolet,실버라도1500,Silverado 1500,2015,DIESEL
쉐보레,Chevrolet,실버라도1500,Silverado 1500,2015,GASOLINE
쉐보레,Chevrolet,실버라도1500,Silverado 1500,2015,HEV
쉐보레,Chevrolet,실버라도1500,Silverado 1500,2016,DIESEL
쉐보레,Chevrolet,실버라도1500,Silverado 1500,2016,GASOLINE
쉐보레,Chevrolet,실버라도1500,Silverado 1500,2016,HEV
쉐보레,Chevrolet,실버라도1500,Silverado 1500,2017,DIESEL
쉐보레,Chevrolet,실버라도1500,Silverado 1500,2017,GASOLINE
쉐보레,Chevrolet,실버라도1500,Silverado 1500,2017,HEV
쉐보레,Chevrolet,실버라도1500,Silverado 1500,2018,DIESEL
쉐보레,Chevrolet,실버라도1500,Silverado 1500,2018,GASOLINE
쉐보레,Chevrolet,실버라도1500,Silverado 1500,2018,HEV
쉐보레,Chevrolet,실버라도1500,Silverado 1500,2019,DIESEL
쉐보레,Chevrolet,실버라도1500,Silverado 1500,2019,GASOLINE
쉐보레,Chevrolet,실버라도1500,Silverado 1500,2019,HEV
쉐보레,Chevrolet,실버라도1500,Silverado 1500,2020,DIESEL
쉐보레,Chevrolet,실버라도1500,Silverado 1500,2020,GASOLINE
쉐보레,Chevrolet,실버라도1500,Silverado 1500,2020,HEV
쉐보레,Chevrolet,실버라도1500,Silverado 1500,2021,DIESEL
쉐보레,Chevrolet,실버라도1500,Silverado 1500,2021,GASOLINE
쉐보레,Chevrolet,실버라도1500,Silverado 1500,2021,HEV
쉐보레,Chevrolet,실버라도1500,Silverado 1500,2022,DIESEL
쉐보레,Chevrolet,실버라도1500,Silverado 1500,2022,GASOLINE
쉐보레,Chevrolet,실버라도1500,Silverado 1500,2022,HEV
쉐보레,Chevrolet,실버라도1500,Silverado 1500,2023,DIESEL
쉐보레,Chevrolet,실버라도1500,Silverado 1500,2023,GASOLINE
쉐보레,Chevrolet,실버라도1500,Silverado 1500,2023,HEV
쉐보레,Chevrolet,실버라도1500,Silverado 1500,2024,DIESEL
쉐보레,Chevrolet,실버라도1500,Silverado 1500,2024,GASOLINE
쉐보레,Chevrolet,실버라도1500,Silverado 1500,2024,HEV
쉐보레,Chevrolet,실버라도1500,Silverado 1500,2025,DIESEL
쉐보레,Chevrolet,실버라도1500,Silverado 1500,2025,GASOLINE
쉐보레,Chevrolet,실버라도1500,Silverado 1500,2025,HEV
쉐보레,Chevrolet,실버라도2500,Silverado 2500,2010,DIESEL
쉐보레,Chevrolet,실버라도2500,Silverado 2500,2010,GASOLINE
쉐보레,Chevrolet,실버라도2500,Silverado 2500,2011,DIESEL
쉐보레,Chevrolet,실버라도2500,Silverado 2500,2011,GASOLINE
쉐보레,Chevrolet,실버라도2500,Silverado 2500,2012,DIESEL
쉐보레,Chevrolet,실버라도2500,Silverado 2500,2012,GASOLINE
쉐보레,Chevrolet,실버라도2500,Silverado 2500,2013,DIESEL
쉐보레,Chevrolet,실버라도2500,Silverado 2500,2013,GASOLINE
쉐보레,Chevrolet,실버라도2500,Silverado 2500,2014,DIESEL
쉐보레,Chevrolet,실버라도2500,Silverado 2500,2014,GASOLINE
쉐보레,Chevrolet,실버라도2500,Silverado 2500,2015,DIESEL
쉐보레,Chevrolet,실버라도2500,Silverado 2500,2015,GASOLINE
쉐보레,Chevrolet,실버라도2500,Silverado 2500,2016,DIESEL
쉐보레,Chevrolet,실버라도2500,Silverado 2500,2016,GASOLINE
쉐보레,Chevrolet,실버라도2500,Silverado 2500,2017,DIESEL
쉐보레,Chevrolet,실버라도2500,Silverado 2500,2017,GASOLINE
쉐보레,Chevrolet,실버라도2500,Silverado 2500,2018,DIESEL
쉐보레,Chevrolet,실버라도2500,Silverado 2500,2018,GASOLINE
쉐보레,Chevrolet,실버라도2500,Silverado 2500,2019,DIESEL
쉐보레,Chevrolet,실버라도2500,Silverado 2500,2019,GASOLINE
쉐보레,Chevrolet,실버라도2500,Silverado 2500,2020,DIESEL
쉐보레,Chevrolet,실버라도2500,Silverado 2500,2020,GASOLINE
쉐보레,Chevrolet,실버라도2500,Silverado 2500,2021,DIESEL
쉐보레,Chevrolet,실버라도2500,Silverado 2500,2021,GASOLINE
쉐보레,Chevrolet,실버라도2500,Silverado 2500,2022,DIESEL
쉐보레,Chevrolet,실버라도2500,Silverado 2500,2022,GASOLINE
쉐보레,Chevrolet,실버라도2500,Silverado 2500,2023,DIESEL
쉐보레,Chevrolet,실버라도2500,Silverado 2500,2023,GASOLINE
쉐보레,Chevrolet,실버라도2500,Silverado 2500,2024,DIESEL
쉐보레,Chevrolet,실버라도2500,Silverado 2500,2024,GASOLINE
쉐보레,Chevrolet,실버라도2500,Silverado 2500,2025,DIESEL
쉐보레,Chevrolet,실버라도2500,Silverado 2500,2025,GASOLINE
쉐보레,Chevrolet,타호,Tahoe,2010,GASOLINE
쉐보레,Chevrolet,타호,Tahoe,2010,HEV
쉐보레,Chevrolet,타호,Tahoe,2011,GASOLINE
쉐보레,Chevrolet,타호,Tahoe,2011,HEV
쉐보레,Chevrolet,타호,Tahoe,2012,GASOLINE
쉐보레,Chevrolet,타호,Tahoe,2012,HEV
쉐보레,Chevrolet,타호,Tahoe,2013,GASOLINE
쉐보레,Chevrolet,타호,Tahoe,2013,HEV
쉐보레,Chevrolet,타호,Tahoe,2014,GASOLINE
쉐보레,Chevrolet,타호,Tahoe,2014,HEV
쉐보레,Chevrolet,타호,Tahoe,2015,GASOLINE
쉐보레,Chevrolet,타호,Tahoe,2015,HEV
쉐보레,Chevrolet,타호,Tahoe,2016,GASOLINE
쉐보레,Chevrolet,타호,Tahoe,2016,HEV
쉐보레,Chevrolet,타호,Tahoe,2017,GASOLINE
쉐보레,Chevrolet,타호,Tahoe,2017,HEV
쉐보레,Chevrolet,타호,Tahoe,2018,GASOLINE
쉐보레,Chevrolet,타호,Tahoe,2018,HEV
쉐보레,Chevrolet,타호,Tahoe,2019,GASOLINE
쉐보레,Chevrolet,타호,Tahoe,2019,HEV
쉐보레,Chevrolet,타호,Tahoe,2020,GASOLINE
쉐보레,Chevrolet,타호,Tahoe,2020,HEV
쉐보레,Chevrolet,타호,Tahoe,2021,GASOLINE
쉐보레,Chevrolet,타호,Tahoe,2021,HEV
쉐보레,Chevrolet,타호,Tahoe,2022,GASOLINE
쉐보레,Chevrolet,타호,Tahoe,2022,HEV
쉐보레,Chevrolet,타호,Tahoe,2023,GASOLINE
쉐보레,Chevrolet,타호,Tahoe,2023,HEV
쉐보레,Chevrolet,타호,Tahoe,2024,GASOLINE
쉐보레,Chevrolet,타호,Tahoe,2024,HEV
쉐보레,Chevrolet,타호,Tahoe,2025,GASOLINE
쉐보레,Chevrolet,타호,Tahoe,2025,HEV
쉐보레,Chevrolet,트래버스,Traverse,2010,GASOLINE
쉐보레,Chevrolet,트래버스,Traverse,2011,GASOLINE
쉐보레,Chevrolet,트래버스,Traverse,2012,GASOLINE
쉐보레,Chevrolet,트래버스,Traverse,2013,GASOLINE
쉐보레,Chevrolet,트래버스,Traverse,2014,GASOLINE
쉐보레,Chevrolet,트래버스,Traverse,2015,GASOLINE
쉐보레,Chevrolet,트래버스,Traverse,2016,GASOLINE
쉐보레,Chevrolet,트래버스,Traverse,2017,GASOLINE
쉐보레,Chevrolet,트래버스,Traverse,2018,GASOLINE
쉐보레,Chevrolet,트래버스,Traverse,2019,GASOLINE
쉐보레,Chevrolet,트래버스,Traverse,2020,GASOLINE
쉐보레,Chevrolet,트래버스,Traverse,2021,GASOLINE
쉐보레,Chevrolet,트래버스,Traverse,2022,GASOLINE
쉐보레,Chevrolet,트래버스,Traverse,2023,GASOLINE
쉐보레,Chevrolet,트래버스,Traverse,2024,GASOLINE
쉐보레,Chevrolet,트래버스,Traverse,2025,GASOLINE
쉐보레,Chevrolet,볼트,Volt,2011,EV
쉐보레,Chevrolet,볼트,Volt,2011,HEV
쉐보레,Chevrolet,볼트,Volt,2012,EV
쉐보레,Chevrolet,볼트,Volt,2012,HEV
쉐보레,Chevrolet,볼트,Volt,2013,EV
쉐보레,Chevrolet,볼트,Volt,2013,HEV
쉐보레,Chevrolet,볼트,Volt,2014,EV
쉐보레,Chevrolet,볼트,Volt,2014,HEV
쉐보레,Chevrolet,볼트,Volt,2015,EV
쉐보레,Chevrolet,볼트,Volt,2015,HEV
쉐보레,Chevrolet,볼트,Volt,2016,EV
쉐보레,Chevrolet,볼트,Volt,2016,HEV
쉐보레,Chevrolet,볼트,Volt,2017,EV
쉐보레,Chevrolet,볼트,Volt,2017,HEV
쉐보레,Chevrolet,볼트,Volt,2018,EV
쉐보레,Chevrolet,볼트,Volt,2018,HEV
쉐보레,Chevrolet,볼트,Volt,2019,EV
쉐보레,Chevrolet,볼트,Volt,2019,HEV
도지,Dodge,챌린저,Challenger,2010,GASOLINE
도지,Dodge,챌린저,Challenger,2011,GASOLINE
도지,Dodge,챌린저,Challenger,2012,GASOLINE
도지,Dodge,챌린저,Challenger,2013,GASOLINE
도지,Dodge,챌린저,Challenger,2014,GASOLINE
도지,Dodge,챌린저,Challenger,2015,GASOLINE
도지,Dodge,챌린저,Challenger,2016,GASOLINE
도지,Dodge,챌린저,Challenger,2017,GASOLINE
도지,Dodge,챌린저,Challenger,2018,GASOLINE
도지,Dodge,챌린저,Challenger,2019,GASOLINE
도지,Dodge,챌린저,Challenger,2020,GASOLINE
도지,Dodge,챌린저,Challenger,2021,GASOLINE
도지,Dodge,챌린저,Challenger,2022,GASOLINE
도지,Dodge,챌린저,Challenger,2023,GASOLINE
도지,Dodge,챌린저SRT-8,Challenger SRT-8,2010,GASOLINE
도지,Dodge,챌린저SRT-8,Challenger SRT-8,2011,GASOLINE
도지,Dodge,챌린저SRT-8,Challenger SRT-8,2012,GASOLINE
도지,Dodge,챌린저SRT-8,Challenger SRT-8,2013,GASOLINE
도지,Dodge,챌린저SRT-8,Challenger SRT-8,2014,GASOLINE
도지,Dodge,챌린저SRT-8,Challenger SRT-8,2015,GASOLINE
도지,Dodge,챌린저SRT-8,Challenger SRT-8,2016,GASOLINE
도지,Dodge,챌린저SRT-8,Challenger SRT-8,2017,GASOLINE
도지,Dodge,챌린저SRT-8,Challenger SRT-8,2018,GASOLINE
도지,Dodge,챌린저SRT-8,Challenger SRT-8,2019,GASOLINE
도지,Dodge,챌린저SRT-8,Challenger SRT-8,2020,GASOLINE
도지,Dodge,챌린저SRT-8,Challenger SRT-8,2021,GASOLINE
도지,Dodge,챌린저SRT-8,Challenger SRT-8,2022,GASOLINE
도지,Dodge,챌린저SRT-8,Challenger SRT-8,2023,GASOLINE
도지,Dodge,차저,Charger,2010,GASOLINE
도지,Dodge,차저,Charger,2011,GASOLINE
도지,Dodge,차저,Charger,2012,GASOLINE
도지,Dodge,차저,Charger,2013,GASOLINE
도지,Dodge,차저,Charger,2014,GASOLINE
도지,Dodge,차저,Charger,2015,GASOLINE
도지,Dodge,차저,Charger,2016,GASOLINE
도지,Dodge,차저,Charger,2017,GASOLINE
도지,Dodge,차저,Charger,2018,GASOLINE
도지,Dodge,차저,Charger,2019,GASOLINE
도지,Dodge,차저,Charger,2020,GASOLINE
도지,Dodge,차저,Charger,2021,GASOLINE
도지,Dodge,차저,Charger,2022,GASOLINE
도지,Dodge,차저,Charger,2023,GASOLINE
도지,Dodge,차저,Charger,2024,GASOLINE
도지,Dodge,차저,Charger,2025,GASOLINE
도지,Dodge,차저SRT-8,Charger SRT-8,2010,GASOLINE
도지,Dodge,차저SRT-8,Charger SRT-8,2011,GASOLINE
도지,Dodge,차저SRT-8,Charger SRT-8,2012,GASOLINE
도지,Dodge,차저SRT-8,Charger SRT-8,2013,GASOLINE
도지,Dodge,차저SRT-8,Charger SRT-8,2014,GASOLINE
도지,Dodge,다코타,Dakota,2010,GASOLINE
도지,Dodge,다코타,Dakota,2011,GASOLINE
도지,Dodge,듀랑고,Durango,2011,GASOLINE
도지,Dodge,듀랑고,Durango,2012,GASOLINE
도지,Dodge,듀랑고,Durango,2013,GASOLINE
도지,Dodge,듀랑고,Durango,2014,GASOLINE
도지,Dodge,듀랑고,Durango,2015,GASOLINE
도지,Dodge,듀랑고,Durango,2016,GASOLINE
도지,Dodge,듀랑고,Durango,2017,GASOLINE
도지,Dodge,듀랑고,Durango,2018,GASOLINE
도지,Dodge,듀랑고,Durango,2019,GASOLINE
도지,Dodge,듀랑고,Durango,2020,GASOLINE
도지,Dodge,듀랑고,Durango,2021,GASOLINE
도지,Dodge,듀랑고,Durango,2022,GASOLINE
도지,Dodge,듀랑고,Durango,2023,GASOLINE
도지,Dodge,듀랑고,Durango,2024,GASOLINE
도지,Dodge,듀랑고,Durango,2025,GASOLINE
도지,Dodge,그랜드캐러번,Grand Caravan,2010,GASOLINE
도지,Dodge,그랜드캐러번,Grand Caravan,2011,GASOLINE
도지,Dodge,그랜드캐러번,Grand Caravan,2012,GASOLINE
도지,Dodge,그랜드캐러번,Grand Caravan,2013,GASOLINE
도지,Dodge,그랜드캐러번,Grand Caravan,2014,GASOLINE
도지,Dodge,그랜드캐러번,Grand Caravan,2015,GASOLINE
도지,Dodge,그랜드캐러번,Grand Caravan,2016,GASOLINE
도지,Dodge,그랜드캐러번,Grand Caravan,2017,GASOLINE
도지,Dodge,그랜드캐러번,Grand Caravan,2018,GASOLINE
도지,Dodge,그랜드캐러번,Grand Caravan,2019,GASOLINE
도지,Dodge,그랜드캐러번,Grand Caravan,2020,GASOLINE
도지,Dodge,저니,Journey,2010,GASOLINE
도지,Dodge,저니,Journey,2011,GASOLINE
도지,Dodge,저니,Journey,2012,GASOLINE
도지,Dodge,저니,Journey,2013,GASOLINE
도지,Dodge,저니,Journey,2014,GASOLINE
도지,Dodge,저니,Journey,2015,GASOLINE
도지,Dodge,저니,Journey,2016,GASOLINE
도지,Dodge,저니,Journey,2017,GASOLINE
도지,Dodge,저니,Journey,2018,GASOLINE
도지,Dodge,저니,Journey,2019,GASOLINE
도지,Dodge,저니,Journey,2020,GASOLINE
램,Ram,램1500,RAM 1500 Truck,2010,DIESEL
램,Ram,램1500,RAM 1500 Truck,2010,GASOLINE
램,Ram,램1500,RAM 1500 Truck,2011,DIESEL
램,Ram,램1500,RAM 1500 Truck,2011,GASOLINE
램,Ram,램1500,RAM 1500 Truck,2012,DIESEL
램,Ram,램1500,RAM 1500 Truck,2012,GASOLINE
램,Ram,램1500,RAM 1500 Truck,2013,DIESEL
램,Ram,램1500,RAM 1500 Truck,2013,GASOLINE
램,Ram,램1500,RAM 1500 Truck,2014,DIESEL
램,Ram,램1500,RAM 1500 Truck,2014,GASOLINE
램,Ram,램1500,RAM 1500 Truck,2015,DIESEL
램,Ram,램1500,RAM 1500 Truck,2015,GASOLINE
램,Ram,램1500,RAM 1500 Truck,2016,DIESEL
램,Ram,램1500,RAM 1500 Truck,2016,GASOLINE
램,Ram,램1500,RAM 1500 Truck,2017,DIESEL
램,Ram,램1500,RAM 1500 Truck,2017,GASOLINE
램,Ram,램1500,RAM 1500 Truck,2018,DIESEL
램,Ram,램1500,RAM 1500 Truck,2018,GASOLINE
램,Ram,램1500,RAM 1500 Truck,2019,DIESEL
램,Ram,램1500,RAM 1500 Truck,2019,GASOLINE
램,Ram,램1500,RAM 1500 Truck,2020,DIESEL
램,Ram,램1500,RAM 1500 Truck,2020,GASOLINE
램,Ram,램1500,RAM 1500 Truck,2021,DIESEL
램,Ram,램1500,RAM 1500 Truck,2021,GASOLINE
램,Ram,램1500,RAM 1500 Truck,2022,DIESEL
램,Ram,램1500,RAM 1500 Truck,2022,GASOLINE
램,Ram,램1500,RAM 1500 Truck,2023,DIESEL
램,Ram,램1500,RAM 1500 Truck,2023,GASOLINE
램,Ram,램1500,RAM 1500 Truck,2024,DIESEL
램,Ram,램1500,RAM 1500 Truck,2024,GASOLINE
램,Ram,램1500,RAM 1500 Truck,2025,DIESEL
램,Ram,램1500,RAM 1500 Truck,2025,GASOLINE
포드,Ford,E150,E 150,2010,GASOLINE
포드,Ford,E150,E 150,2011,GASOLINE
포드,Ford,E150,E 150,2012,GASOLINE
포드,Ford,E150,E 150,2013,GASOLINE
포드,Ford,E150,E 150,2014,GASOLINE
포드,Ford,E150,E 150,2015,GASOLINE
포드,Ford,E150,E 150,2016,GASOLINE
포드,Ford,E150,E 150,2017,GASOLINE
포드,Ford,E150,E 150,2018,GASOLINE
포드,Ford,E150,E 150,2019,GASOLINE
포드,Ford,E150,E 150,2020,GASOLINE
포드,Ford,E150,E 150,2021,GASOLINE
포드,Ford,E150,E 150,2022,GASOLINE
포드,Ford,E150,E 150,2023,GASOLINE
포드,Ford,E150,E 150,2024,GASOLINE
포드,Ford,E150,E 150,2025,GASOLINE
포드,Ford,E350,E 350,2010,DIESEL
포드,Ford,E350,E 350,2010,GASOLINE
포드,Ford,E350,E 350,2011,DIESEL
포드,Ford,E350,E 350,2011,GASOLINE
포드,Ford,E350,E 350,2012,DIESEL
포드,Ford,E350,E 350,2012,GASOLINE
포드,Ford,E350,E 350,2013,DIESEL
포드,Ford,E350,E 350,2013,GASOLINE
포드,Ford,E350,E 350,2014,DIESEL
포드,Ford,E350,E 350,2014,GASOLINE
포드,Ford,E350,E 350,2015,DIESEL
포드,Ford,E350,E 350,2015,GASOLINE
포드,Ford,E350,E 350,2016,DIESEL
포드,Ford,E350,E 350,2016,GASOLINE
포드,Ford,E350,E 350,2017,DIESEL
포드,Ford,E350,E 350,2017,GASOLINE
포드,Ford,E350,E 350,2018,DIESEL
포드,Ford,E350,E 350,2018,GASOLINE
포드,Ford,E350,E 350,2019,DIESEL
포드,Ford,E350,E 350,2019,GASOLINE
포드,Ford,E350,E 350,2020,DIESEL
포드,Ford,E350,E 350,2020,GASOLINE
포드,Ford,E350,E 350,2021,DIESEL
포드,Ford,E350,E 350,2021,GASOLINE
포드,Ford,E350,E 350,2022,DIESEL
포드,Ford,E350,E 350,2022,GASOLINE
포드,Ford,E350,E 350,2023,DIESEL
포드,Ford,E350,E 350,2023,GASOLINE
포드,Ford,E350,E 350,2024,DIESEL
포드,Ford,E350,E 350,2024,GASOLINE
포드,Ford,E350,E 350,2025,DIESEL
포드,Ford,E350,E 350,2025,GASOLINE
포드,Ford,E450,E 450,2010,DIESEL
포드,Ford,E450,E 450,2010,GASOLINE
포드,Ford,E450,E 450,2011,DIESEL
포드,Ford,E450,E 450,2011,GASOLINE
포드,Ford,E450,E 450,2012,DIESEL
포드,Ford,E450,E 450,2012,GASOLINE
포드,Ford,E450,E 450,2013,DIESEL
포드,Ford,E450,E 450,2013,GASOLINE
포드,Ford,E450,E 450,2014,DIESEL
포드,Ford,E450,E 450,2014,GASOLINE
포드,Ford,E450,E 450,2015,DIESEL
포드,Ford,E450,E 450,2015,GASOLINE
포드,Ford,E450,E 450,2016,DIESEL
포드,Ford,E450,E 450,2016,GASOLINE
포드,Ford,E450,E 450,2017,DIESEL
포드,Ford,E450,E 450,2017,GASOLINE
포드,Ford,E450,E 450,2018,DIESEL
포드,Ford,E450,E 450,2018,GASOLINE
포드,Ford,E450,E 450,2019,DIESEL
포드,Ford,E450,E 450,2019,GASOLINE
포드,Ford,E450,E 450,2020,DIESEL
포드,Ford,E450,E 450,2020,GASOLINE
포드,Ford,E450,E 450,2021,DIESEL
포드,Ford,E450,E 450,2021,GASOLINE
포드,Ford,E450,E 450,2022,DIESEL
포드,Ford,E450,E 450,2022,GASOLINE
포드,Ford,E450,E 450,2023,DIESEL
포드,Ford,E450,E 450,2023,GASOLINE
포드,Ford,E450,E 450,2024,DIESEL
포드,Ford,E450,E 450,2024,GASOLINE
포드,Ford,E450,E 450,2025,DIESEL
포드,Ford,E450,E 450,2025,GASOLINE
포드,Ford,에지,Edge,2010,GASOLINE
포드,Ford,에지,Edge,2011,GASOLINE
포드,Ford,에지,Edge,2012,GASOLINE
포드,Ford,에지,Edge,2013,GASOLINE
포드,Ford,에지,Edge,2014,GASOLINE
포드,Ford,에지,Edge,2015,GASOLINE
포드,Ford,에지,Edge,2016,GASOLINE
포드,Ford,에지,Edge,2017,GASOLINE
포드,Ford,에지,Edge,2018,GASOLINE
포드,Ford,에지,Edge,2019,GASOLINE
포드,Ford,에지,Edge,2020,GASOLINE
포드,Ford,에지,Edge,2021,GASOLINE
포드,Ford,에지,Edge,2022,GASOLINE
포드,Ford,에지,Edge,2023,GASOLINE
포드,Ford,에지,Edge,2024,GASOLINE
포드,Ford,에지,Edge,2025,GASOLINE
포드,Ford,이스케이프,Escape,2010,GASOLINE
포드,Ford,이스케이프,Escape,2010,HEV
포드,Ford,이스케이프,Escape,2011,GASOLINE
포드,Ford,이스케이프,Escape,2011,HEV
포드,Ford,이스케이프,Escape,2012,GASOLINE
포드,Ford,이스케이프,Escape,2012,HEV
포드,Ford,이스케이프,Escape,2013,GASOLINE
포드,Ford,이스케이프,Escape,2013,HEV
포드,Ford,이스케이프,Escape,2014,GASOLINE
포드,Ford,이스케이프,Escape,2014,HEV
포드,Ford,이스케이프,Escape,2015,GASOLINE
포드,Ford,이스케이프,Escape,2015,HEV
포드,Ford,이스케이프,Escape,2016,GASOLINE
포드,Ford,이스케이프,Escape,2016,HEV
포드,Ford,이스케이프,Escape,2017,GASOLINE
포드,Ford,이스케이프,Escape,2017,HEV
포드,Ford,이스케이프,Escape,2018,GASOLINE
포드,Ford,이스케이프,Escape,2018,HEV
포드,Ford,이스케이프,Escape,2019,GASOLINE
포드,Ford,이스케이프,Escape,2019,HEV
포드,Ford,이스케이프,Escape,2020,GASOLINE
포드,Ford,이스케이프,Escape,2020,HEV
포드,Ford,이스케이프,Escape,2021,GASOLINE
포드,Ford,이스케이프,Escape,2021,HEV
포드,Ford,이스케이프,Escape,2022,GASOLINE
포드,Ford,이스케이프,Escape,2022,HEV
포드,Ford,이스케이프,Escape,2023,GASOLINE
포드,Ford,이스케이프,Escape,2023,HEV
포드,Ford,이스케이프,Escape,2024,GASOLINE
포드,Ford,이스케이프,Escape,2024,HEV
포드,Ford,이스케이프,Escape,2025,GASOLINE
포드,Ford,이스케이프,Escape,2025,HEV
포드,Ford,익스페디션,Expedition,2010,GASOLINE
포드,Ford,익스페디션,Expedition,2011,GASOLINE
포드,Ford,익스페디션,Expedition,2012,GASOLINE
포드,Ford,익스페디션,Expedition,2013,GASOLINE
포드,Ford,익스페디션,Expedition,2014,GASOLINE
포드,Ford,익스페디션,Expedition,2015,GASOLINE
포드,Ford,익스페디션,Expedition,2016,GASOLINE
포드,Ford,익스페디션,Expedition,2017,GASOLINE
포드,Ford,익스페디션,Expedition,2018,GASOLINE
포드,Ford,익스페디션,Expedition,2019,GASOLINE
포드,Ford,익스페디션,Expedition,2020,GASOLINE
포드,Ford,익스페디션,Expedition,2021,GASOLINE
포드,Ford,익스페디션,Expedition,2022,GASOLINE
포드,Ford,익스페디션,Expedition,2023,GASOLINE
포드,Ford,익스페디션,Expedition,2024,GASOLINE
포드,Ford,익스페디션,Expedition,2025,GASOLINE
포드,Ford,익스플로러,Explorer,2011,GASOLINE
포드,Ford,익스플로러,Explorer,2011,HEV
포드,Ford,익스플로러,Explorer,2012,GASOLINE
포드,Ford,익스플로러,Explorer,2012,HEV
포드,Ford,익스플로러,Explorer,2013,GASOLINE
포드,Ford,익스플로러,Explorer,2013,HEV
포드,Ford,익스플로러,Explorer,2014,GASOLINE
포드,Ford,익스플로러,Explorer,2014,HEV
포드,Ford,익스플로러,Explorer,2015,GASOLINE
포드,Ford,익스플로러,Explorer,2015,HEV
포드,Ford,익스플로러,Explorer,2016,GASOLINE
포드,Ford,익스플로러,Explorer,2016,HEV
포드,Ford,익스플로러,Explorer,2017,GASOLINE
포드,Ford,익스플로러,Explorer,2017,HEV
포드,Ford,익스플로러,Explorer,2018,GASOLINE
포드,Ford,익스플로러,Explorer,2018,HEV
포드,Ford,익스플로러,Explorer,2019,GASOLINE
포드,Ford,익스플로러,Explorer,2019,HEV
포드,Ford,익스플로러,Explorer,2020,GASOLINE
포드,Ford,익스플로러,Explorer,2020,HEV
포드,Ford,익스플로러,Explorer,2021,GASOLINE
포드,Ford,익스플로러,Explorer,2021,HEV
포드,Ford,익스플로러,Explorer,2022,GASOLINE
포드,Ford,익스플로러,Explorer,2022,HEV
포드,Ford,익스플로러,Explorer,2023,GASOLINE
포드,Ford,익스플로러,Explorer,2023,HEV
포드,Ford,익스플로러,Explorer,2024,GASOLINE
포드,Ford,익스플로러,Explorer,2024,HEV
포드,Ford,익스플로러,Explorer,2025,GASOLINE
포드,Ford,익스플로러,Explorer,2025,HEV
포드,Ford,F150,F 150,2010,DIESEL
포드,Ford,F150,F 150,2010,GASOLINE
포드,Ford,F150,F 150,2010,HEV
포드,Ford,F150,F 150,2011,DIESEL
포드,Ford,F150,F 150,2011,GASOLINE
포드,Ford,F150,F 150,2011,HEV
포드,Ford,F150,F 150,2012,DIESEL
포드,Ford,F150,F 150,2012,GASOLINE
포드,Ford,F150,F 150,2012,HEV
포드,Ford,F150,F 150,2013,DIESEL
포드,Ford,F150,F 150,2013,GASOLINE
포드,Ford,F150,F 150,2013,HEV
포드,Ford,F150,F 150,2014,DIESEL
포드,Ford,F150,F 150,2014,GASOLINE
포드,Ford,F150,F 150,2014,HEV
포드,Ford,F150,F 150,2015,DIESEL
포드,Ford,F150,F 150,2015,GASOLINE
포드,Ford,F150,F 150,2015,HEV
포드,Ford,F150,F 150,2016,DIESEL
포드,Ford,F150,F 150,2016,GASOLINE
포드,Ford,F150,F 150,2016,HEV
포드,Ford,F150,F 150,2017,DIESEL
포드,Ford,F150,F 150,2017,GASOLINE
포드,Ford,F150,F 150,2017,HEV
포드,Ford,F150,F 150,2018,DIESEL
포드,Ford,F150,F 150,2018,GASOLINE
포드,Ford,F150,F 150,2018,HEV
포드,Ford,F150,F 150,2019,DIESEL
포드,Ford,F150,F 150,2019,GASOLINE
포드,Ford,F150,F 150,2019,HEV
포드,Ford,F150,F 150,2020,DIESEL
포드,Ford,F150,F 150,2020,GASOLINE
포드,Ford,F150,F 150,2020,HEV
포드,Ford,F150,F 150,2021,DIESEL
포드,Ford,F150,F 150,2021,GASOLINE
포드,Ford,F150,F 150,2021,HEV
포드,Ford,F150,F 150,2022,DIESEL
포드,Ford,F150,F 150,2022,GASOLINE
포드,Ford,F150,F 150,2022,HEV
포드,Ford,F150,F 150,2023,DIESEL
포드,Ford,F150,F 150,2023,GASOLINE
포드,Ford,F150,F 150,2023,HEV
포드,Ford,F150,F 150,2024,DIESEL
포드,Ford,F150,F 150,2024,GASOLINE
포드,Ford,F150,F 150,2024,HEV
포드,Ford,F150,F 150,2025,DIESEL
포드,Ford,F150,F 150,2025,GASOLINE
포드,Ford,F150,F 150,2025,HEV
포드,Ford,F450,F 450,2010,DIESEL
포드,Ford,F450,F 450,2010,GASOLINE
포드,Ford,F450,F 450,2011,DIESEL
포드,Ford,F450,F 450,2011,GASOLINE
포드,Ford,F450,F 450,2012,DIESEL
포드,Ford,F450,F 450,2012,GASOLINE
포드,Ford,F450,F 450,2013,DIESEL
포드,Ford,F450,F 450,2013,GASOLINE
포드,Ford,F450,F 450,2014,DIESEL
포드,Ford,F450,F 450,2014,GASOLINE
포드,Ford,F450,F 450,2015,DIESEL
포드,Ford,F450,F 450,2015,GASOLINE
포드,Ford,F450,F 450,2016,DIESEL
포드,Ford,F450,F 450,2016,GASOLINE
포드,Ford,F450,F 450,2017,DIESEL
포드,Ford,F450,F 450,2017,GASOLINE
포드,Ford,F450,F 450,2018,DIESEL
포드,Ford,F450,F 450,2018,GASOLINE
포드,Ford,F450,F 450,2019,DIESEL
포드,Ford,F450,F 450,2019,GASOLINE
포드,Ford,F450,F 450,2020,DIESEL
포드,Ford,F450,F 450,2020,GASOLINE
포드,Ford,F450,F 450,2021,DIESEL
포드,Ford,F450,F 450,2021,GASOLINE
포드,Ford,F450,F 450,2022,DIESEL
포드,Ford,F450,F 450,2022,GASOLINE
포드,Ford,F450,F 450,2023,DIESEL
포드,Ford,F450,F 450,2023,GASOLINE
포드,Ford,F450,F 450,2024,DIESEL
포드,Ford,F450,F 450,2024,GASOLINE
포드,Ford,F450,F 450,2025,DIESEL
포드,Ford,F450,F 450,2025,GASOLINE
포드,Ford,F550,F 550,2010,DIESEL
포드,Ford,F550,F 550,2010,GASOLINE
포드,Ford,F550,F 550,2011,DIESEL
포드,Ford,F550,F 550,2011,GASOLINE
포드,Ford,F550,F 550,2012,DIESEL
포드,Ford,F550,F 550,2012,GASOLINE
포드,Ford,F550,F 550,2013,DIESEL
포드,Ford,F550,F 550,2013,GASOLINE
포드,Ford,F550,F 550,2014,DIESEL
포드,Ford,F550,F 550,2014,GASOLINE
포드,Ford,F550,F 550,2015,DIESEL
포드,Ford,F550,F 550,2015,GASOLINE
포드,Ford,F550,F 550,2016,DIESEL
포드,Ford,F550,F 550,2016,GASOLINE
포드,Ford,F550,F 550,2017,DIESEL
포드,Ford,F550,F 550,2017,GASOLINE
포드,Ford,F550,F 550,2018,DIESEL
포드,Ford,F550,F 550,2018,GASOLINE
포드,Ford,F550,F 550,2019,DIESEL
포드,Ford,F550,F 550,2019,GASOLINE
포드,Ford,F550,F 550,2020,DIESEL
포드,Ford,F550,F 550,2020,GASOLINE
포드,Ford,F550,F 550,2021,DIESEL
포드,Ford,F550,F 550,2021,GASOLINE
포드,Ford,F550,F 550,2022,DIESEL
포드,Ford,F550,F 550,2022,GASOLINE
포드,Ford,F550,F 550,2023,DIESEL
포드,Ford,F550,F 550,2023,GASOLINE
포드,Ford,F550,F 550,2024,DIESEL
포드,Ford,F550,F 550,2024,GASOLINE
포드,Ford,F550,F 550,2025,DIESEL
포드,Ford,F550,F 550,2025,GASOLINE
포드,Ford,플렉스,Flex,2010,GASOLINE
포드,Ford,플렉스,Flex,2011,GASOLINE
포드,Ford,플렉스,Flex,2012,GASOLINE
포드,Ford,플렉스,Flex,2013,GASOLINE
포드,Ford,플렉스,Flex,2014,GASOLINE
포드,Ford,플렉스,Flex,2015,GASOLINE
포드,Ford,플렉스,Flex,2016,GASOLINE
포드,Ford,플렉스,Flex,2017,GASOLINE
포드,Ford,플렉스,Flex,2018,GASOLINE
포드,Ford,플렉스,Flex,2019,GASOLINE
포드,Ford,머스탱,Mustang,2010,GASOLINE
포드,Ford,머스탱,Mustang,2011,GASOLINE
포드,Ford,머스탱,Mustang,2012,GASOLINE
포드,Ford,머스탱,Mustang,2013,GASOLINE
포드,Ford,머스탱,Mustang,2014,GASOLINE
포드,Ford,머스탱,Mustang,2015,GASOLINE
포드,Ford,머스탱,Mustang,2016,GASOLINE
포드,Ford,머스탱,Mustang,2017,GASOLINE
포드,Ford,머스탱,Mustang,2018,GASOLINE
포드,Ford,머스탱,Mustang,2019,GASOLINE
포드,Ford,머스탱,Mustang,2020,GASOLINE
포드,Ford,머스탱,Mustang,2021,GASOLINE
포드,Ford,머스탱,Mustang,2022,GASOLINE
포드,Ford,머스탱,Mustang,2023,GASOLINE
포드,Ford,머스탱,Mustang,2024,GASOLINE
포드,Ford,머스탱,Mustang,2025,GASOLINE
포드,Ford,폴리스인터셉터,Police Interceptor,2013,GASOLINE
포드,Ford,폴리스인터셉터,Police Interceptor,2014,GASOLINE
포드,Ford,폴리스인터셉터,Police Interceptor,2015,GASOLINE
포드,Ford,폴리스인터셉터,Police Interceptor,2016,GASOLINE
포드,Ford,폴리스인터셉터,Police Interceptor,2017,GASOLINE
포드,Ford,폴리스인터셉터,Police Interceptor,2018,GASOLINE
포드,Ford,폴리스인터셉터,Police Interceptor,2019,GASOLINE
포드,Ford,폴리스인터셉터유틸리티,Police Interceptor Utility,2013,GASOLINE
포드,Ford,폴리스인터셉터유틸리티,Police Interceptor Utility,2014,GASOLINE
포드,Ford,폴리스인터셉터유틸리티,Police Interceptor Utility,2015,GASOLINE
포드,Ford,폴리스인터셉터유틸리티,Police Interceptor Utility,2016,GASOLINE
포드,Ford,폴리스인터셉터유틸리티,Police Interceptor Utility,2017,GASOLINE
포드,Ford,폴리스인터셉터유틸리티,Police Interceptor Utility,2018,GASOLINE
포드,Ford,폴리스인터셉터유틸리티,Police Interceptor Utility,2019,GASOLINE
포드,Ford,레인저,Ranger,2010,GASOLINE
포드,Ford,레인저,Ranger,2011,GASOLINE
포드,Ford,레인저,Ranger,2012,GASOLINE
포드,Ford,레인저,Ranger,2013,GASOLINE
포드,Ford,레인저,Ranger,2014,GASOLINE
포드,Ford,레인저,Ranger,2015,GASOLINE
포드,Ford,레인저,Ranger,2016,GASOLINE
포드,Ford,레인저,Ranger,2017,GASOLINE
포드,Ford,레인저,Ranger,2018,GASOLINE
포드,Ford,레인저,Ranger,2019,GASOLINE
포드,Ford,레인저,Ranger,2020,GASOLINE
포드,Ford,레인저,Ranger,2021,GASOLINE
포드,Ford,레인저,Ranger,2022,GASOLINE
포드,Ford,레인저,Ranger,2023,GASOLINE
포드,Ford,레인저,Ranger,2024,GASOLINE
포드,Ford,레인저,Ranger,2025,GASOLINE
포드,Ford,토러스,Taurus,2010,GASOLINE
포드,Ford,토러스,Taurus,2011,GASOLINE
포드,Ford,토러스,Taurus,2012,GASOLINE
포드,Ford,토러스,Taurus,2013,GASOLINE
포드,Ford,토러스,Taurus,2014,GASOLINE
포드,Ford,토러스,Taurus,2015,GASOLINE
포드,Ford,토러스,Taurus,2016,GASOLINE
포드,Ford,토러스,Taurus,2017,GASOLINE
포드,Ford,토러스,Taurus,2018,GASOLINE
포드,Ford,토러스,Taurus,2019,GASOLINE
포드,Ford,트랜짓커넥트,Transit Connect,2010,GASOLINE
포드,Ford,트랜짓커넥트,Transit Connect,2011,GASOLINE
포드,Ford,트랜짓커넥트,Transit Connect,2012,GASOLINE
포드,Ford,트랜짓커넥트,Transit Connect,2013,GASOLINE
포드,Ford,트랜짓커넥트,Transit Connect,2014,GASOLINE
포드,Ford,트랜짓커넥트,Transit Connect,2015,GASOLINE
포드,Ford,트랜짓커넥트,Transit Connect,2016,GASOLINE
포드,Ford,트랜짓커넥트,Transit Connect,2017,GASOLINE
포드,Ford,트랜짓커넥트,Transit Connect,2018,GASOLINE
포드,Ford,트랜짓커넥트,Transit Connect,2019,GASOLINE
포드,Ford,트랜짓커넥트,Transit Connect,2020,GASOLINE
포드,Ford,트랜짓커넥트,Transit Connect,2021,GASOLINE
포드,Ford,트랜짓커넥트,Transit Connect,2022,GASOLINE
포드,Ford,트랜짓커넥트,Transit Connect,2023,GASOLINE
포드,Ford,트랜짓커넥트,Transit Connect,2024,GASOLINE
포드,Ford,트랜짓커넥트,Transit Connect,2025,GASOLINE
GMC,GMC,아카디아,Acadia,2010,GASOLINE
GMC,GMC,아카디아,Acadia,2011,GASOLINE
GMC,GMC,아카디아,Acadia,2012,GASOLINE
GMC,GMC,아카디아,Acadia,2013,GASOLINE
GMC,GMC,아카디아,Acadia,2014,GASOLINE
GMC,GMC,아카디아,Acadia,2015,GASOLINE
GMC,GMC,아카디아,Acadia,2016,GASOLINE
GMC,GMC,아카디아,Acadia,2017,GASOLINE
GMC,GMC,아카디아,Acadia,2018,GASOLINE
GMC,GMC,아카디아,Acadia,2019,GASOLINE
GMC,GMC,아카디아,Acadia,2020,GASOLINE
GMC,GMC,아카디아,Acadia,2021,GASOLINE
GMC,GMC,아카디아,Acadia,2022,GASOLINE
GMC,GMC,아카디아,Acadia,2023,GASOLINE
GMC,GMC,아카디아,Acadia,2024,GASOLINE
GMC,GMC,아카디아,Acadia,2025,GASOLINE
GMC,GMC,사바나1500,Savana 1500,2010,GASOLINE
GMC,GMC,사바나1500,Savana 1500,2011,GASOLINE
GMC,GMC,사바나1500,Savana 1500,2012,GASOLINE
GMC,GMC,사바나1500,Savana 1500,2013,GASOLINE
GMC,GMC,사바나1500,Savana 1500,2014,GASOLINE
GMC,GMC,사바나1500,Savana 1500,2015,GASOLINE
GMC,GMC,사바나1500,Savana 1500,2016,GASOLINE
GMC,GMC,사바나1500,Savana 1500,2017,GASOLINE
GMC,GMC,사바나1500,Savana 1500,2018,GASOLINE
GMC,GMC,사바나1500,Savana 1500,2019,GASOLINE
GMC,GMC,사바나1500,Savana 1500,2020,GASOLINE
GMC,GMC,사바나1500,Savana 1500,2021,GASOLINE
GMC,GMC,사바나1500,Savana 1500,2022,GASOLINE
GMC,GMC,사바나1500,Savana 1500,2023,GASOLINE
GMC,GMC,사바나1500,Savana 1500,2024,GASOLINE
GMC,GMC,사바나1500,Savana 1500,2025,GASOLINE
GMC,GMC,사바나2500,Savana 2500,2010,DIESEL
GMC,GMC,사바나2500,Savana 2500,2010,GASOLINE
GMC,GMC,사바나2500,Savana 2500,2011,DIESEL
GMC,GMC,사바나2500,Savana 2500,2011,GASOLINE
GMC,GMC,사바나2500,Savana 2500,2012,DIESEL
GMC,GMC,사바나2500,Savana 2500,2012,GASOLINE
GMC,GMC,사바나2500,Savana 2500,2013,DIESEL
GMC,GMC,사바나2500,Savana 2500,2013,GASOLINE
GMC,GMC,사바나2500,Savana 2500,2014,DIESEL
GMC,GMC,사바나2500,Savana 2500,2014,GASOLINE
GMC,GMC,사바나2500,Savana 2500,2015,DIESEL
GMC,GMC,사바나2500,Savana 2500,2015,GASOLINE
GMC,GMC,사바나2500,Savana 2500,2016,DIESEL
GMC,GMC,사바나2500,Savana 2500,2016,GASOLINE
GMC,GMC,사바나2500,Savana 2500,2017,DIESEL
GMC,GMC,사바나2500,Savana 2500,2017,GASOLINE
GMC,GMC,사바나2500,Savana 2500,2018,DIESEL
GMC,GMC,사바나2500,Savana 2500,2018,GASOLINE
GMC,GMC,사바나2500,Savana 2500,2019,DIESEL
GMC,GMC,사바나2500,Savana 2500,2019,GASOLINE
GMC,GMC,사바나2500,Savana 2500,2020,DIESEL
GMC,GMC,사바나2500,Savana 2500,2020,GASOLINE
GMC,GMC,사바나2500,Savana 2500,2021,DIESEL
GMC,GMC,사바나2500,Savana 2500,2021,GASOLINE
GMC,GMC,사바나2500,Savana 2500,2022,DIESEL
GMC,GMC,사바나2500,Savana 2500,2022,GASOLINE
GMC,GMC,사바나2500,Savana 2500,2023,DIESEL
GMC,GMC,사바나2500,Savana 2500,2023,GASOLINE
GMC,GMC,사바나2500,Savana 2500,2024,DIESEL
GMC,GMC,사바나2500,Savana 2500,2024,GASOLINE
GMC,GMC,사바나2500,Savana 2500,2025,DIESEL
GMC,GMC,사바나2500,Savana 2500,2025,GASOLINE
GMC,GMC,사바나3500,Savana 3500,2010,DIESEL
GMC,GMC,사바나3500,Savana 3500,2010,GASOLINE
GMC,GMC,사바나3500,Savana 3500,2011,DIESEL
GMC,GMC,사바나3500,Savana 3500,2011,GASOLINE
GMC,GMC,사바나3500,Savana 3500,2012,DIESEL
GMC,GMC,사바나3500,Savana 3500,2012,GASOLINE
GMC,GMC,사바나3500,Savana 3500,2013,DIESEL
GMC,GMC,사바나3500,Savana 3500,2013,GASOLINE
GMC,GMC,사바나3500,Savana 3500,2014,DIESEL
GMC,GMC,사바나3500,Savana 3500,2014,GASOLINE
GMC,GMC,사바나3500,Savana 3500,2015,DIESEL
GMC,GMC,사바나3500,Savana 3500,2015,GASOLINE
GMC,GMC,사바나3500,Savana 3500,2016,DIESEL
GMC,GMC,사바나3500,Savana 3500,2016,GASOLINE
GMC,GMC,사바나3500,Savana 3500,2017,DIESEL
GMC,GMC,사바나3500,Savana 3500,2017,GASOLINE
GMC,GMC,사바나3500,Savana 3500,2018,DIESEL
GMC,GMC,사바나3500,Savana 3500,2018,GASOLINE
GMC,GMC,사바나3500,Savana 3500,2019,DIESEL
GMC,GMC,사바나3500,Savana 3500,2019,GASOLINE
GMC,GMC,사바나3500,Savana 3500,2020,DIESEL
GMC,GMC,사바나3500,Savana 3500,2020,GASOLINE
GMC,GMC,사바나3500,Savana 3500,2021,DIESEL
GMC,GMC,사바나3500,Savana 3500,2021,GASOLINE
GMC,GMC,사바나3500,Savana 3500,2022,DIESEL
GMC,GMC,사바나3500,Savana 3500,2022,GASOLINE
GMC,GMC,사바나3500,Savana 3500,2023,DIESEL
GMC,GMC,사바나3500,Savana 3500,2023,GASOLINE
GMC,GMC,사바나3500,Savana 3500,2024,DIESEL
GMC,GMC,사바나3500,Savana 3500,2024,GASOLINE
GMC,GMC,사바나3500,Savana 3500,2025,DIESEL
GMC,GMC,사바나3500,Savana 3500,2025,GASOLINE
GMC,GMC,사바나4500,Savana 4500,2010,DIESEL
GMC,GMC,사바나4500,Savana 4500,2010,GASOLINE
GMC,GMC,사바나4500,Savana 4500,2011,DIESEL
GMC,GMC,사바나4500,Savana 4500,2011,GASOLINE
GMC,GMC,사바나4500,Savana 4500,2012,DIESEL
GMC,GMC,사바나4500,Savana 4500,2012,GASOLINE
GMC,GMC,사바나4500,Savana 4500,2013,DIESEL
GMC,GMC,사바나4500,Savana 4500,2013,GASOLINE
GMC,GMC,사바나4500,Savana 4500,2014,DIESEL
GMC,GMC,사바나4500,Savana 4500,2014,GASOLINE
GMC,GMC,사바나4500,Savana 4500,2015,DIESEL
GMC,GMC,사바나4500,Savana 4500,2015,GASOLINE
GMC,GMC,사바나4500,Savana 4500,2016,DIESEL
GMC,GMC,사바나4500,Savana 4500,2016,GASOLINE
GMC,GMC,사바나4500,Savana 4500,2017,DIESEL
GMC,GMC,사바나4500,Savana 4500,2017,GASOLINE
GMC,GMC,사바나4500,Savana 4500,2018,DIESEL
GMC,GMC,사바나4500,Savana 4500,2018,GASOLINE
GMC,GMC,사바나4500,Savana 4500,2019,DIESEL
GMC,GMC,사바나4500,Savana 4500,2019,GASOLINE
GMC,GMC,사바나4500,Savana 4500,2020,DIESEL
GMC,GMC,사바나4500,Savana 4500,2020,GASOLINE
GMC,GMC,사바나4500,Savana 4500,2021,DIESEL
GMC,GMC,사바나4500,Savana 4500,2021,GASOLINE
GMC,GMC,사바나4500,Savana 4500,2022,DIESEL
GMC,GMC,사바나4500,Savana 4500,2022,GASOLINE
GMC,GMC,사바나4500,Savana 4500,2023,DIESEL
GMC,GMC,사바나4500,Savana 4500,2023,GASOLINE
GMC,GMC,사바나4500,Savana 4500,2024,DIESEL
GMC,GMC,사바나4500,Savana 4500,2024,GASOLINE
GMC,GMC,사바나4500,Savana 4500,2025,DIESEL
GMC,GMC,사바나4500,Savana 4500,2025,GASOLINE
GMC,GMC,시에라1500,Sierra 1500,2010,DIESEL
GMC,GMC,시에라1500,Sierra 1500,2010,GASOLINE
GMC,GMC,시에라1500,Sierra 1500,2010,HEV
GMC,GMC,시에라1500,Sierra 1500,2011,DIESEL
GMC,GMC,시에라1500,Sierra 1500,2011,GASOLINE
GMC,GMC,시에라1500,Sierra 1500,2011,HEV
GMC,GMC,시에라1500,Sierra 1500,2012,DIESEL
GMC,GMC,시에라1500,Sierra 1500,2012,GASOLINE
GMC,GMC,시에라1500,Sierra 1500,2012,HEV
GMC,GMC,시에라1500,Sierra 1500,2013,DIESEL
GMC,GMC,시에라1500,Sierra 1500,2013,GASOLINE
GMC,GMC,시에라1500,Sierra 1500,2013,HEV
GMC,GMC,시에라1500,Sierra 1500,2014,DIESEL
GMC,GMC,시에라1500,Sierra 1500,2014,GASOLINE
GMC,GMC,시에라1500,Sierra 1500,2014,HEV
GMC,GMC,시에라1500,Sierra 1500,2015,DIESEL
GMC,GMC,시에라1500,Sierra 1500,2015,GASOLINE
GMC,GMC,시에라1500,Sierra 1500,2015,HEV
GMC,GMC,시에라1500,Sierra 1500,2016,DIESEL
GMC,GMC,시에라1500,Sierra 1500,2016,GASOLINE
GMC,GMC,시에라1500,Sierra 1500,2016,HEV
GMC,GMC,시에라1500,Sierra 1500,2017,DIESEL
GMC,GMC,시에라1500,Sierra 1500,2017,GASOLINE
GMC,GMC,시에라1500,Sierra 1500,2017,HEV
GMC,GMC,시에라1500,Sierra 1500,2018,DIESEL
GMC,GMC,시에라1500,Sierra 1500,2018,GASOLINE
GMC,GMC,시에라1500,Sierra 1500,2018,HEV
GMC,GMC,시에라1500,Sierra 1500,2019,DIESEL
GMC,GMC,시에라1500,Sierra 1500,2019,GASOLINE
GMC,GMC,시에라1500,Sierra 1500,2019,HEV
GMC,GMC,시에라1500,Sierra 1500,2020,DIESEL
GMC,GMC,시에라1500,Sierra 1500,2020,GASOLINE
GMC,GMC,시에라1500,Sierra 1500,2020,HEV
GMC,GMC,시에라1500,Sierra 1500,2021,DIESEL
GMC,GMC,시에라1500,Sierra 1500,2021,GASOLINE
GMC,GMC,시에라1500,Sierra 1500,2021,HEV
GMC,GMC,시에라1500,Sierra 1500,2022,DIESEL
GMC,GMC,시에라1500,Sierra 1500,2022,GASOLINE
GMC,GMC,시에라1500,Sierra 1500,2022,HEV
GMC,GMC,시에라1500,Sierra 1500,2023,DIESEL
GMC,GMC,시에라1500,Sierra 1500,2023,GASOLINE
GMC,GMC,시에라1500,Sierra 1500,2023,HEV
GMC,GMC,시에라1500,Sierra 1500,2024,DIESEL
GMC,GMC,시에라1500,Sierra 1500,2024,GASOLINE
GMC,GMC,시에라1500,Sierra 1500,2024,HEV
GMC,GMC,시에라1500,Sierra 1500,2025,DIESEL
GMC,GMC,시에라1500,Sierra 1500,2025,GASOLINE
GMC,GMC,시에라1500,Sierra 1500,2025,HEV
GMC,GMC,시에라2500,Sierra 2500,2010,DIESEL
GMC,GMC,시에라2500,Sierra 2500,2010,GASOLINE
GMC,GMC,시에라2500,Sierra 2500,2011,DIESEL
GMC,GMC,시에라2500,Sierra 2500,2011,GASOLINE
GMC,GMC,시에라2500,Sierra 2500,2012,DIESEL
GMC,GMC,시에라2500,Sierra 2500,2012,GASOLINE
GMC,GMC,시에라2500,Sierra 2500,2013,DIESEL
GMC,GMC,시에라2500,Sierra 2500,2013,GASOLINE
GMC,GMC,시에라2500,Sierra 2500,2014,DIESEL
GMC,GMC,시에라2500,Sierra 2500,2014,GASOLINE
GMC,GMC,시에라2500,Sierra 2500,2015,DIESEL
GMC,GMC,시에라2500,Sierra 2500,2015,GASOLINE
GMC,GMC,시에라2500,Sierra 2500,2016,DIESEL
GMC,GMC,시에라2500,Sierra 2500,2016,GASOLINE
GMC,GMC,시에라2500,Sierra 2500,2017,DIESEL
GMC,GMC,시에라2500,Sierra 2500,2017,GASOLINE
GMC,GMC,시에라2500,Sierra 2500,2018,DIESEL
GMC,GMC,시에라2500,Sierra 2500,2018,GASOLINE
GMC,GMC,시에라2500,Sierra 2500,2019,DIESEL
GMC,GMC,시에라2500,Sierra 2500,2019,GASOLINE
GMC,GMC,시에라2500,Sierra 2500,2020,DIESEL
GMC,GMC,시에라2500,Sierra 2500,2020,GASOLINE
GMC,GMC,시에라2500,Sierra 2500,2021,DIESEL
GMC,GMC,시에라2500,Sierra 2500,2021,GASOLINE
GMC,GMC,시에라2500,Sierra 2500,2022,DIESEL
GMC,GMC,시에라2500,Sierra 2500,2022,GASOLINE
GMC,GMC,시에라2500,Sierra 2500,2023,DIESEL
GMC,GMC,시에라2500,Sierra 2500,2023,GASOLINE
GMC,GMC,시에라2500,Sierra 2500,2024,DIESEL
GMC,GMC,시에라2500,Sierra 2500,2024,GASOLINE
GMC,GMC,시에라2500,Sierra 2500,2025,DIESEL
GMC,GMC,시에라2500,Sierra 2500,2025,GASOLINE
GMC,GMC,시에라2500데날리,Sierra 2500 Denali,2010,DIESEL
GMC,GMC,시에라2500데날리,Sierra 2500 Denali,2010,GASOLINE
GMC,GMC,시에라2500데날리,Sierra 2500 Denali,2011,DIESEL
GMC,GMC,시에라2500데날리,Sierra 2500 Denali,2011,GASOLINE
GMC,GMC,시에라2500데날리,Sierra 2500 Denali,2012,DIESEL
GMC,GMC,시에라2500데날리,Sierra 2500 Denali,2012,GASOLINE
GMC,GMC,시에라2500데날리,Sierra 2500 Denali,2013,DIESEL
GMC,GMC,시에라2500데날리,Sierra 2500 Denali,2013,GASOLINE
GMC,GMC,시에라2500데날리,Sierra 2500 Denali,2014,DIESEL
GMC,GMC,시에라2500데날리,Sierra 2500 Denali,2014,GASOLINE
GMC,GMC,시에라2500데날리,Sierra 2500 Denali,2015,DIESEL
GMC,GMC,시에라2500데날리,Sierra 2500 Denali,2015,GASOLINE
GMC,GMC,시에라2500데날리,Sierra 2500 Denali,2016,DIESEL
GMC,GMC,시에라2500데날리,Sierra 2500 Denali,2016,GASOLINE
GMC,GMC,시에라2500데날리,Sierra 2500 Denali,2017,DIESEL
GMC,GMC,시에라2500데날리,Sierra 2500 Denali,2017,GASOLINE
GMC,GMC,시에라2500데날리,Sierra 2500 Denali,2018,DIESEL
GMC,GMC,시에라2500데날리,Sierra 2500 Denali,2018,GASOLINE
GMC,GMC,시에라2500데날리,Sierra 2500 Denali,2019,DIESEL
GMC,GMC,시에라2500데날리,Sierra 2500 Denali,2019,GASOLINE
GMC,GMC,시에라2500데날리,Sierra 2500 Denali,2020,DIESEL
GMC,GMC,시에라2500데날리,Sierra 2500 Denali,2020,GASOLINE
GMC,GMC,시에라2500데날리,Sierra 2500 Denali,2021,DIESEL
GMC,GMC,시에라2500데날리,Sierra 2500 Denali,2021,GASOLINE
GMC,GMC,시에라2500데날리,Sierra 2500 Denali,2022,DIESEL
GMC,GMC,시에라2500데날리,Sierra 2500 Denali,2022,GASOLINE
GMC,GMC,시에라2500데날리,Sierra 2500 Denali,2023,DIESEL
GMC,GMC,시에라2500데날리,Sierra 2500 Denali,2023,GASOLINE
GMC,GMC,시에라2500데날리,Sierra 2500 Denali,2024,DIESEL
GMC,GMC,시에라2500데날리,Sierra 2500 Denali,2024,GASOLINE
GMC,GMC,시에라2500데날리,Sierra 2500 Denali,2025,DIESEL
GMC,GMC,시에라2500데날리,Sierra 2500 Denali,2025,GASOLINE
GMC,GMC,시에라3500,Sierra 3500,2010,DIESEL
GMC,GMC,시에라3500,Sierra 3500,2010,GASOLINE
GMC,GMC,시에라3500,Sierra 3500,2011,DIESEL
GMC,GMC,시에라3500,Sierra 3500,2011,GASOLINE
GMC,GMC,시에라3500,Sierra 3500,2012,DIESEL
GMC,GMC,시에라3500,Sierra 3500,2012,GASOLINE
GMC,GMC,시에라3500,Sierra 3500,2013,DIESEL
GMC,GMC,시에라3500,Sierra 3500,2013,GASOLINE
GMC,GMC,시에라3500,Sierra 3500,2014,DIESEL
GMC,GMC,시에라3500,Sierra 3500,2014,GASOLINE
GMC,GMC,시에라3500,Sierra 3500,2015,DIESEL
GMC,GMC,시에라3500,Sierra 3500,2015,GASOLINE
GMC,GMC,시에라3500,Sierra 3500,2016,DIESEL
GMC,GMC,시에라3500,Sierra 3500,2016,GASOLINE
GMC,GMC,시에라3500,Sierra 3500,2017,DIESEL
GMC,GMC,시에라3500,Sierra 3500,2017,GASOLINE
GMC,GMC,시에라3500,Sierra 3500,2018,DIESEL
GMC,GMC,시에라3500,Sierra 3500,2018,GASOLINE
GMC,GMC,시에라3500,Sierra 3500,2019,DIESEL
GMC,GMC,시에라3500,Sierra 3500,2019,GASOLINE
GMC,GMC,시에라3500,Sierra 3500,2020,DIESEL
GMC,GMC,시에라3500,Sierra 3500,2020,GASOLINE
GMC,GMC,시에라3500,Sierra 3500,2021,DIESEL
GMC,GMC,시에라3500,Sierra 3500,2021,GASOLINE
GMC,GMC,시에라3500,Sierra 3500,2022,DIESEL
GMC,GMC,시에라3500,Sierra 3500,2022,GASOLINE
GMC,GMC,시에라3500,Sierra 3500,2023,DIESEL
GMC,GMC,시에라3500,Sierra 3500,2023,GASOLINE
GMC,GMC,시에라3500,Sierra 3500,2024,DIESEL
GMC,GMC,시에라3500,Sierra 3500,2024,GASOLINE
GMC,GMC,시에라3500,Sierra 3500,2025,DIESEL
GMC,GMC,시에라3500,Sierra 3500,2025,GASOLINE
GMC,GMC,시에라3500데날리,Sierra 3500 Denali,2010,DIESEL
GMC,GMC,시에라3500데날리,Sierra 3500 Denali,2010,GASOLINE
GMC,GMC,시에라3500데날리,Sierra 3500 Denali,2011,DIESEL
GMC,GMC,시에라3500데날리,Sierra 3500 Denali,2011,GASOLINE
GMC,GMC,시에라3500데날리,Sierra 3500 Denali,2012,DIESEL
GMC,GMC,시에라3500데날리,Sierra 3500 Denali,2012,GASOLINE
GMC,GMC,시에라3500데날리,Sierra 3500 Denali,2013,DIESEL
GMC,GMC,시에라3500데날리,Sierra 3500 Denali,2013,GASOLINE
GMC,GMC,시에라3500데날리,Sierra 3500 Denali,2014,DIESEL
GMC,GMC,시에라3500데날리,Sierra 3500 Denali,2014,GASOLINE
GMC,GMC,시에라3500데날리,Sierra 3500 Denali,2015,DIESEL
GMC,GMC,시에라3500데날리,Sierra 3500 Denali,2015,GASOLINE
GMC,GMC,시에라3500데날리,Sierra 3500 Denali,2016,DIESEL
GMC,GMC,시에라3500데날리,Sierra 3500 Denali,2016,GASOLINE
GMC,GMC,시에라3500데날리,Sierra 3500 Denali,2017,DIESEL
GMC,GMC,시에라3500데날리,Sierra 3500 Denali,2017,GASOLINE
GMC,GMC,시에라3500데날리,Sierra 3500 Denali,2018,DIESEL
GMC,GMC,시에라3500데날리,Sierra 3500 Denali,2018,GASOLINE
GMC,GMC,시에라3500데날리,Sierra 3500 Denali,2019,DIESEL
GMC,GMC,시에라3500데날리,Sierra 3500 Denali,2019,GASOLINE
GMC,GMC,시에라3500데날리,Sierra 3500 Denali,2020,DIESEL
GMC,GMC,시에라3500데날리,Sierra 3500 Denali,2020,GASOLINE
GMC,GMC,시에라3500데날리,Sierra 3500 Denali,2021,DIESEL
GMC,GMC,시에라3500데날리,Sierra 3500 Denali,2021,GASOLINE
GMC,GMC,시에라3500데날리,Sierra 3500 Denali,2022,DIESEL
GMC,GMC,시에라3500데날리,Sierra 3500 Denali,2022,GASOLINE
GMC,GMC,시에라3500데날리,Sierra 3500 Denali,2023,DIESEL
GMC,GMC,시에라3500데날리,Sierra 3500 Denali,2023,GASOLINE
GMC,GMC,시에라3500데날리,Sierra 3500 Denali,2024,DIESEL
GMC,GMC,시에라3500데날리,Sierra 3500 Denali,2024,GASOLINE
GMC,GMC,시에라3500데날리,Sierra 3500 Denali,2025,DIESEL
GMC,GMC,시에라3500데날리,Sierra 3500 Denali,2025,GASOLINE
GMC,GMC,시에라데날리,Sierra Denali,2014,GASOLINE
GMC,GMC,시에라데날리,Sierra Denali,2015,GASOLINE
GMC,GMC,시에라데날리,Sierra Denali,2016,GASOLINE
GMC,GMC,시에라데날리,Sierra Denali,2017,GASOLINE
GMC,GMC,시에라데날리,Sierra Denali,2018,GASOLINE
GMC,GMC,시에라데날리,Sierra Denali,2019,GASOLINE
GMC,GMC,시에라데날리,Sierra Denali,2020,GASOLINE
GMC,GMC,시에라데날리,Sierra Denali,2021,GASOLINE
GMC,GMC,시에라데날리,Sierra Denali,2022,GASOLINE
GMC,GMC,시에라데날리,Sierra Denali,2023,GASOLINE
GMC,GMC,시에라데날리,Sierra Denali,2024,GASOLINE
GMC,GMC,시에라데날리,Sierra Denali,2025,GASOLINE
GMC,GMC,테레인,Terrain,2010,GASOLINE
GMC,GMC,테레인,Terrain,2011,GASOLINE
GMC,GMC,테레인,Terrain,2012,GASOLINE
GMC,GMC,테레인,Terrain,2013,GASOLINE
GMC,GMC,테레인,Terrain,2014,GASOLINE
GMC,GMC,테레인,Terrain,2015,GASOLINE
GMC,GMC,테레인,Terrain,2016,GASOLINE
GMC,GMC,테레인,Terrain,2017,GASOLINE
GMC,GMC,테레인,Terrain,2018,GASOLINE
GMC,GMC,테레인,Terrain,2019,GASOLINE
GMC,GMC,테레인,Terrain,2020,GASOLINE
GMC,GMC,테레인,Terrain,2021,GASOLINE
GMC,GMC,테레인,Terrain,2022,GASOLINE
GMC,GMC,테레인,Terrain,2023,GASOLINE
GMC,GMC,테레인,Terrain,2024,GASOLINE
GMC,GMC,테레인,Terrain,2025,GASOLINE
GMC,GMC,유콘,Yukon,2010,GASOLINE
GMC,GMC,유콘,Yukon,2010,HEV
GMC,GMC,유콘,Yukon,2011,GASOLINE
GMC,GMC,유콘,Yukon,2011,HEV
GMC,GMC,유콘,Yukon,2012,GASOLINE
GMC,GMC,유콘,Yukon,2012,HEV
GMC,GMC,유콘,Yukon,2013,GASOLINE
GMC,GMC,유콘,Yukon,2013,HEV
GMC,GMC,유콘,Yukon,2014,GASOLINE
GMC,GMC,유콘,Yukon,2014,HEV
GMC,GMC,유콘,Yukon,2015,GASOLINE
GMC,GMC,유콘,Yukon,2015,HEV
GMC,GMC,유콘,Yukon,2016,GASOLINE
GMC,GMC,유콘,Yukon,2016,HEV
GMC,GMC,유콘,Yukon,2017,GASOLINE
GMC,GMC,유콘,Yukon,2017,HEV
GMC,GMC,유콘,Yukon,2018,GASOLINE
GMC,GMC,유콘,Yukon,2018,HEV
GMC,GMC,유콘,Yukon,2019,GASOLINE
GMC,GMC,유콘,Yukon,2019,HEV
GMC,GMC,유콘,Yukon,2020,GASOLINE
GMC,GMC,유콘,Yukon,2020,HEV
GMC,GMC,유콘,Yukon,2021,GASOLINE
GMC,GMC,유콘,Yukon,2021,HEV
GMC,GMC,유콘,Yukon,2022,GASOLINE
GMC,GMC,유콘,Yukon,2022,HEV
GMC,GMC,유콘,Yukon,2023,GASOLINE
GMC,GMC,유콘,Yukon,2023,HEV
GMC,GMC,유콘,Yukon,2024,GASOLINE
GMC,GMC,유콘,Yukon,2024,HEV
GMC,GMC,유콘,Yukon,2025,GASOLINE
GMC,GMC,유콘,Yukon,2025,HEV
혼다,Honda,엘리먼트,Element,2010,GASOLINE
혼다,Honda,엘리먼트,Element,2011,GASOLINE
혼다,Honda,핏,Fit,2010,GASOLINE
혼다,Honda,핏,Fit,2011,GASOLINE
혼다,Honda,핏,Fit,2012,GASOLINE
혼다,Honda,핏,Fit,2013,GASOLINE
혼다,Honda,핏,Fit,2014,GASOLINE
혼다,Honda,핏,Fit,2015,GASOLINE
혼다,Honda,핏,Fit,2016,GASOLINE
혼다,Honda,핏,Fit,2017,GASOLINE
혼다,Honda,핏,Fit,2018,GASOLINE
혼다,Honda,핏,Fit,2019,GASOLINE
혼다,Honda,핏,Fit,2020,GASOLINE
혼다,Honda,인사이트,Insight,2010,HEV
혼다,Honda,인사이트,Insight,2011,HEV
혼다,Honda,인사이트,Insight,2012,HEV
혼다,Honda,인사이트,Insight,2013,HEV
혼다,Honda,인사이트,Insight,2014,HEV
혼다,Honda,인사이트,Insight,2015,HEV
혼다,Honda,인사이트,Insight,2016,HEV
혼다,Honda,인사이트,Insight,2017,HEV
혼다,Honda,인사이트,Insight,2018,HEV
혼다,Honda,인사이트,Insight,2019,HEV
혼다,Honda,인사이트,Insight,2020,HEV
혼다,Honda,인사이트,Insight,2021,HEV
혼다,Honda,인사이트,Insight,2022,HEV
혼다,Honda,오디세이,Odyssey,2010,GASOLINE
혼다,Honda,오디세이,Odyssey,2011,GASOLINE
혼다,Honda,오디세이,Odyssey,2012,GASOLINE
혼다,Honda,오디세이,Odyssey,2013,GASOLINE
혼다,Honda,오디세이,Odyssey,2014,GASOLINE
혼다,Honda,오디세이,Odyssey,2015,GASOLINE
혼다,Honda,오디세이,Odyssey,2016,GASOLINE
혼다,Honda,오디세이,Odyssey,2017,GASOLINE
혼다,Honda,오디세이,Odyssey,2018,GASOLINE
혼다,Honda,오디세이,Odyssey,2019,GASOLINE
혼다,Honda,오디세이,Odyssey,2020,GASOLINE
혼다,Honda,오디세이,Odyssey,2021,GASOLINE
혼다,Honda,오디세이,Odyssey,2022,GASOLINE
혼다,Honda,오디세이,Odyssey,2023,GASOLINE
혼다,Honda,오디세이,Odyssey,2024,GASOLINE
혼다,Honda,오디세이,Odyssey,2025,GASOLINE
혼다,Honda,파일럿,Pilot,2010,GASOLINE
혼다,Honda,파일럿,Pilot,2011,GASOLINE
혼다,Honda,파일럿,Pilot,2012,GASOLINE
혼다,Honda,파일럿,Pilot,2013,GASOLINE
혼다,Honda,파일럿,Pilot,2014,GASOLINE
혼다,Honda,파일럿,Pilot,2015,GASOLINE
혼다,Honda,파일럿,Pilot,2016,GASOLINE
혼다,Honda,파일럿,Pilot,2017,GASOLINE
혼다,Honda,파일럿,Pilot,2018,GASOLINE
혼다,Honda,파일럿,Pilot,2019,GASOLINE
혼다,Honda,파일럿,Pilot,2020,GASOLINE
혼다,Honda,파일럿,Pilot,2021,GASOLINE
혼다,Honda,파일럿,Pilot,2022,GASOLINE
혼다,Honda,파일럿,Pilot,2023,GASOLINE
혼다,Honda,파일럿,Pilot,2024,GASOLINE
혼다,Honda,파일럿,Pilot,2025,GASOLINE
혼다,Honda,리드라인,Ridgeline,2010,GASOLINE
혼다,Honda,리드라인,Ridgeline,2011,GASOLINE
혼다,Honda,리드라인,Ridgeline,2012,GASOLINE
혼다,Honda,리드라인,Ridgeline,2013,GASOLINE
혼다,Honda,리드라인,Ridgeline,2014,GASOLINE
혼다,Honda,리드라인,Ridgeline,2015,GASOLINE
혼다,Honda,리드라인,Ridgeline,2016,GASOLINE
혼다,Honda,리드라인,Ridgeline,2017,GASOLINE
혼다,Honda,리드라인,Ridgeline,2018,GASOLINE
혼다,Honda,리드라인,Ridgeline,2019,GASOLINE
혼다,Honda,리드라인,Ridgeline,2020,GASOLINE
혼다,Honda,리드라인,Ridgeline,2021,GASOLINE
혼다,Honda,리드라인,Ridgeline,2022,GASOLINE
혼다,Honda,리드라인,Ridgeline,2023,GASOLINE
혼다,Honda,리드라인,Ridgeline,2024,GASOLINE
혼다,Honda,리드라인,Ridgeline,2025,GASOLINE
현대,Hyundai,Genesis,Genesis,2010,GASOLINE
현대,Hyundai,Genesis,Genesis,2011,GASOLINE
현대,Hyundai,Genesis,Genesis,2012,GASOLINE
현대,Hyundai,Genesis,Genesis,2013,GASOLINE
현대,Hyundai,Genesis,Genesis,2014,GASOLINE
현대,Hyundai,Genesis,Genesis,2015,GASOLINE
현대,Hyundai,Genesis,Genesis,2016,GASOLINE
인피니티,Infiniti,EX35,EX35,2008,GASOLINE
인피니티,Infiniti,EX35,EX35,2009,GASOLINE
인피니티,Infiniti,EX35,EX35,2010,GASOLINE
인피니티,Infiniti,EX35,EX35,2011,GASOLINE
인피니티,Infiniti,EX35,EX35,2012,GASOLINE
인피니티,Infiniti,EX35,EX35,2013,GASOLINE
인피니티,Infiniti,FX50,FX50,2010,GASOLINE
인피니티,Infiniti,FX50,FX50,2011,GASOLINE
인피니티,Infiniti,FX50,FX50,2012,GASOLINE
인피니티,Infiniti,FX50,FX50,2013,GASOLINE
인피니티,Infiniti,G25,G25,2011,GASOLINE
인피니티,Infiniti,G25,G25,2012,GASOLINE
인피니티,Infiniti,G25x,G25x,2011,GASOLINE
인피니티,Infiniti,G25x,G25x,2012,GASOLINE
인피니티,Infiniti,G37,G37,2010,GASOLINE
인피니티,Infiniti,G37,G37,2011,GASOLINE
인피니티,Infiniti,G37,G37,2012,GASOLINE
인피니티,Infiniti,G37,G37,2013,GASOLINE
인피니티,Infiniti,G37x,G37x,2010,GASOLINE
인피니티,Infiniti,G37x,G37x,2011,GASOLINE
인피니티,Infiniti,G37x,G37x,2012,GASOLINE
인피니티,Infiniti,G37x,G37x,2013,GASOLINE
재규어,Jaguar,XF,XF,2010,DIESEL
재규어,Jaguar,XF,XF,2010,GASOLINE
재규어,Jaguar,XF,XF,2011,DIESEL
재규어,Jaguar,XF,XF,2011,GASOLINE
재규어,Jaguar,XF,XF,2012,DIESEL
재규어,Jaguar,XF,XF,2012,GASOLINE
재규어,Jaguar,XF,XF,2013,DIESEL
재규어,Jaguar,XF,XF,2013,GASOLINE
재규어,Jaguar,XF,XF,2014,DIESEL
재규어,Jaguar,XF,XF,2014,GASOLINE
재규어,Jaguar,XF,XF,2015,DIESEL
재규어,Jaguar,XF,XF,2015,GASOLINE
재규어,Jaguar,XF,XF,2016,DIESEL
재규어,Jaguar,XF,XF,2016,GASOLINE
재규어,Jaguar,XF,XF,2017,DIESEL
재규어,Jaguar,XF,XF,2017,GASOLINE
재규어,Jaguar,XF,XF,2018,DIESEL
재규어,Jaguar,XF,XF,2018,GASOLINE
재규어,Jaguar,XF,XF,2019,DIESEL
재규어,Jaguar,XF,XF,2019,GASOLINE
재규어,Jaguar,XF,XF,2020,DIESEL
재규어,Jaguar,XF,XF,2020,GASOLINE
재규어,Jaguar,XF,XF,2021,DIESEL
재규어,Jaguar,XF,XF,2021,GASOLINE
재규어,Jaguar,XF,XF,2022,DIESEL
재규어,Jaguar,XF,XF,2022,GASOLINE
재규어,Jaguar,XF,XF,2023,DIESEL
재규어,Jaguar,XF,XF,2023,GASOLINE
재규어,Jaguar,XF,XF,2024,DIESEL
재규어,Jaguar,XF,XF,2024,GASOLINE
재규어,Jaguar,XF,XF,2025,DIESEL
재규어,Jaguar,XF,XF,2025,GASOLINE
재규어,Jaguar,XJ,XJ,2010,GASOLINE
재규어,Jaguar,XJ,XJ,2011,GASOLINE
재규어,Jaguar,XJ,XJ,2012,GASOLINE
재규어,Jaguar,XJ,XJ,2013,GASOLINE
재규어,Jaguar,XJ,XJ,2014,GASOLINE
재규어,Jaguar,XJ,XJ,2015,GASOLINE
재규어,Jaguar,XJ,XJ,2016,GASOLINE
재규어,Jaguar,XJ,XJ,2017,GASOLINE
재규어,Jaguar,XJ,XJ,2018,GASOLINE
재규어,Jaguar,XJ,XJ,2019,GASOLINE
재규어,Jaguar,XK,XK,2010,GASOLINE
재규어,Jaguar,XK,XK,2011,GASOLINE
재규어,Jaguar,XK,XK,2012,GASOLINE
재규어,Jaguar,XK,XK,2013,GASOLINE
재규어,Jaguar,XK,XK,2014,GASOLINE
지프,Jeep,컴패스,Compass,2010,GASOLINE
지프,Jeep,컴패스,Compass,2011,GASOLINE
지프,Jeep,컴패스,Compass,2012,GASOLINE
지프,Jeep,컴패스,Compass,2013,GASOLINE
지프,Jeep,컴패스,Compass,2014,GASOLINE
지프,Jeep,컴패스,Compass,2015,GASOLINE
지프,Jeep,컴패스,Compass,2016,GASOLINE
지프,Jeep,컴패스,Compass,2017,GASOLINE
지프,Jeep,컴패스,Compass,2018,GASOLINE
지프,Jeep,컴패스,Compass,2019,GASOLINE
지프,Jeep,컴패스,Compass,2020,GASOLINE
지프,Jeep,컴패스,Compass,2021,GASOLINE
지프,Jeep,컴패스,Compass,2022,GASOLINE
지프,Jeep,컴패스,Compass,2023,GASOLINE
지프,Jeep,컴패스,Compass,2024,GASOLINE
지프,Jeep,컴패스,Compass,2025,GASOLINE
지프,Jeep,그랜드체로키,Grand Cherokee,2010,DIESEL
지프,Jeep,그랜드체로키,Grand Cherokee,2010,GASOLINE
지프,Jeep,그랜드체로키,Grand Cherokee,2011,DIESEL
지프,Jeep,그랜드체로키,Grand Cherokee,2011,GASOLINE
지프,Jeep,그랜드체로키,Grand Cherokee,2012,DIESEL
지프,Jeep,그랜드체로키,Grand Cherokee,2012,GASOLINE
지프,Jeep,그랜드체로키,Grand Cherokee,2013,DIESEL
지프,Jeep,그랜드체로키,Grand Cherokee,2013,GASOLINE
지프,Jeep,그랜드체로키,Grand Cherokee,2014,DIESEL
지프,Jeep,그랜드체로키,Grand Cherokee,2014,GASOLINE
지프,Jeep,그랜드체로키,Grand Cherokee,2015,DIESEL
지프,Jeep,그랜드체로키,Grand Cherokee,2015,GASOLINE
지프,Jeep,그랜드체로키,Grand Cherokee,2016,DIESEL
지프,Jeep,그랜드체로키,Grand Cherokee,2016,GASOLINE
지프,Jeep,그랜드체로키,Grand Cherokee,2017,DIESEL
지프,Jeep,그랜드체로키,Grand Cherokee,2017,GASOLINE
지프,Jeep,그랜드체로키,Grand Cherokee,2018,DIESEL
지프,Jeep,그랜드체로키,Grand Cherokee,2018,GASOLINE
지프,Jeep,그랜드체로키,Grand Cherokee,2019,DIESEL
지프,Jeep,그랜드체로키,Grand Cherokee,2019,GASOLINE
지프,Jeep,그랜드체로키,Grand Cherokee,2020,DIESEL
지프,Jeep,그랜드체로키,Grand Cherokee,2020,GASOLINE
지프,Jeep,그랜드체로키,Grand Cherokee,2021,DIESEL
지프,Jeep,그랜드체로키,Grand Cherokee,2021,GASOLINE
지프,Jeep,그랜드체로키,Grand Cherokee,2022,DIESEL
지프,Jeep,그랜드체로키,Grand Cherokee,2022,GASOLINE
지프,Jeep,그랜드체로키,Grand Cherokee,2023,DIESEL
지프,Jeep,그랜드체로키,Grand Cherokee,2023,GASOLINE
지프,Jeep,그랜드체로키,Grand Cherokee,2024,DIESEL
지프,Jeep,그랜드체로키,Grand Cherokee,2024,GASOLINE
지프,Jeep,그랜드체로키,Grand Cherokee,2025,DIESEL
지프,Jeep,그랜드체로키,Grand Cherokee,2025,GASOLINE
지프,Jeep,패트리어트,Patriot,2010,GASOLINE
지프,Jeep,패트리어트,Patriot,2011,GASOLINE
지프,Jeep,패트리어트,Patriot,2012,GASOLINE
지프,Jeep,패트리어트,Patriot,2013,GASOLINE
지프,Jeep,패트리어트,Patriot,2014,GASOLINE
지프,Jeep,패트리어트,Patriot,2015,GASOLINE
지프,Jeep,패트리어트,Patriot,2016,GASOLINE
지프,Jeep,패트리어트,Patriot,2017,GASOLINE
기아,Kia,마젠티스,Magentis,2010,GASOLINE
기아,Kia,옵티마,Optima,2010,GASOLINE
기아,Kia,옵티마,Optima,2010,HEV
기아,Kia,옵티마,Optima,2011,GASOLINE
기아,Kia,옵티마,Optima,2011,HEV
기아,Kia,옵티마,Optima,2012,GASOLINE
기아,Kia,옵티마,Optima,2012,HEV
기아,Kia,옵티마,Optima,2013,GASOLINE
기아,Kia,옵티마,Optima,2013,HEV
기아,Kia,옵티마,Optima,2014,GASOLINE
기아,Kia,옵티마,Optima,2014,HEV
기아,Kia,옵티마,Optima,2015,GASOLINE
기아,Kia,옵티마,Optima,2015,HEV
기아,Kia,옵티마,Optima,2016,GASOLINE
기아,Kia,옵티마,Optima,2016,HEV
기아,Kia,옵티마,Optima,2017,GASOLINE
기아,Kia,옵티마,Optima,2017,HEV
기아,Kia,옵티마,Optima,2018,GASOLINE
기아,Kia,옵티마,Optima,2018,HEV
기아,Kia,옵티마,Optima,2019,GASOLINE
기아,Kia,옵티마,Optima,2019,HEV
기아,Kia,옵티마,Optima,2020,GASOLINE
기아,Kia,옵티마,Optima,2020,HEV
기아,Kia,리오,Rio,2010,GASOLINE
기아,Kia,리오,Rio,2011,GASOLINE
기아,Kia,리오,Rio,2012,GASOLINE
기아,Kia,리오,Rio,2013,GASOLINE
기아,Kia,리오,Rio,2014,GASOLINE
기아,Kia,리오,Rio,2015,GASOLINE
기아,Kia,리오,Rio,2016,GASOLINE
기아,Kia,리오,Rio,2017,GASOLINE
기아,Kia,리오,Rio,2018,GASOLINE
기아,Kia,리오,Rio,2019,GASOLINE
기아,Kia,리오,Rio,2020,GASOLINE
기아,Kia,리오,Rio,2021,GASOLINE
기아,Kia,리오,Rio,2022,GASOLINE
기아,Kia,리오,Rio,2023,GASOLINE
기아,Kia,리오,Rio,2024,GASOLINE
기아,Kia,리오,Rio,2025,GASOLINE
기아,Kia,론도,Rondo,2010,GASOLINE
기아,Kia,론도,Rondo,2011,GASOLINE
기아,Kia,론도,Rondo,2012,GASOLINE
기아,Kia,세도나,Sedona,2010,GASOLINE
기아,Kia,세도나,Sedona,2011,GASOLINE
기아,Kia,세도나,Sedona,2012,GASOLINE
기아,Kia,세도나,Sedona,2013,GASOLINE
기아,Kia,세도나,Sedona,2014,GASOLINE
기아,Kia,세도나,Sedona,2015,GASOLINE
기아,Kia,세도나,Sedona,2016,GASOLINE
기아,Kia,세도나,Sedona,2017,GASOLINE
기아,Kia,세도나,Sedona,2018,GASOLINE
기아,Kia,세도나,Sedona,2019,GASOLINE
기아,Kia,세도나,Sedona,2020,GASOLINE
기아,Kia,세도나,Sedona,2021,GASOLINE
기아,Kia,세도나,Sedona,2022,GASOLINE
기아,Kia,세도나,Sedona,2023,GASOLINE
기아,Kia,세도나,Sedona,2024,GASOLINE
기아,Kia,세도나,Sedona,2025,GASOLINE
기아,Kia,소울,Soul,2010,GASOLINE
기아,Kia,소울,Soul,2011,GASOLINE
기아,Kia,소울,Soul,2012,GASOLINE
기아,Kia,소울,Soul,2013,GASOLINE
기아,Kia,소울,Soul,2014,GASOLINE
기아,Kia,소울,Soul,2015,GASOLINE
기아,Kia,소울,Soul,2016,GASOLINE
기아,Kia,소울,Soul,2017,GASOLINE
기아,Kia,소울,Soul,2018,GASOLINE
기아,Kia,소울,Soul,2019,GASOLINE
기아,Kia,소울,Soul,2020,GASOLINE
기아,Kia,소울,Soul,2021,GASOLINE
기아,Kia,소울,Soul,2022,GASOLINE
기아,Kia,소울,Soul,2023,GASOLINE
기아,Kia,소울,Soul,2024,GASOLINE
기아,Kia,소울,Soul,2025,GASOLINE
랜드로버,Land Rover,LR2,LR2,2010,GASOLINE
랜드로버,Land Rover,LR2,LR2,2011,GASOLINE
랜드로버,Land Rover,LR2,LR2,2012,GASOLINE
랜드로버,Land Rover,LR2,LR2,2013,GASOLINE
랜드로버,Land Rover,LR2,LR2,2014,GASOLINE
랜드로버,Land Rover,LR2,LR2,2015,GASOLINE
랜드로버,Land Rover,레인지로버,Range Rover,2010,DIESEL
랜드로버,Land Rover,레인지로버,Range Rover,2010,GASOLINE
랜드로버,Land Rover,레인지로버,Range Rover,2011,DIESEL
랜드로버,Land Rover,레인지로버,Range Rover,2011,GASOLINE
랜드로버,Land Rover,레인지로버,Range Rover,2012,DIESEL
랜드로버,Land Rover,레인지로버,Range Rover,2012,GASOLINE
랜드로버,Land Rover,레인지로버,Range Rover,2013,DIESEL
랜드로버,Land Rover,레인지로버,Range Rover,2013,GASOLINE
랜드로버,Land Rover,레인지로버,Range Rover,2014,DIESEL
랜드로버,Land Rover,레인지로버,Range Rover,2014,GASOLINE
랜드로버,Land Rover,레인지로버,Range Rover,2015,DIESEL
랜드로버,Land Rover,레인지로버,Range Rover,2015,GASOLINE
랜드로버,Land Rover,레인지로버,Range Rover,2016,DIESEL
랜드로버,Land Rover,레인지로버,Range Rover,2016,GASOLINE
랜드로버,Land Rover,레인지로버,Range Rover,2017,DIESEL
랜드로버,Land Rover,레인지로버,Range Rover,2017,GASOLINE
랜드로버,Land Rover,레인지로버,Range Rover,2018,DIESEL
랜드로버,Land Rover,레인지로버,Range Rover,2018,GASOLINE
랜드로버,Land Rover,레인지로버,Range Rover,2019,DIESEL
랜드로버,Land Rover,레인지로버,Range Rover,2019,GASOLINE
랜드로버,Land Rover,레인지로버,Range Rover,2020,DIESEL
랜드로버,Land Rover,레인지로버,Range Rover,2020,GASOLINE
랜드로버,Land Rover,레인지로버,Range Rover,2021,DIESEL
랜드로버,Land Rover,레인지로버,Range Rover,2021,GASOLINE
랜드로버,Land Rover,레인지로버,Range Rover,2022,DIESEL
랜드로버,Land Rover,레인지로버,Range Rover,2022,GASOLINE
랜드로버,Land Rover,레인지로버,Range Rover,2023,DIESEL
랜드로버,Land Rover,레인지로버,Range Rover,2023,GASOLINE
랜드로버,Land Rover,레인지로버,Range Rover,2024,DIESEL
랜드로버,Land Rover,레인지로버,Range Rover,2024,GASOLINE
랜드로버,Land Rover,레인지로버,Range Rover,2025,DIESEL
랜드로버,Land Rover,레인지로버,Range Rover,2025,GASOLINE
랜드로버,Land Rover,레인지로버에보크,Range Rover Evoque,2012,DIESEL
랜드로버,Land Rover,레인지로버에보크,Range Rover Evoque,2012,GASOLINE
랜드로버,Land Rover,레인지로버에보크,Range Rover Evoque,2013,DIESEL
랜드로버,Land Rover,레인지로버에보크,Range Rover Evoque,2013,GASOLINE
랜드로버,Land Rover,레인지로버에보크,Range Rover Evoque,2014,DIESEL
랜드로버,Land Rover,레인지로버에보크,Range Rover Evoque,2014,GASOLINE
랜드로버,Land Rover,레인지로버에보크,Range Rover Evoque,2015,DIESEL
랜드로버,Land Rover,레인지로버에보크,Range Rover Evoque,2015,GASOLINE
랜드로버,Land Rover,레인지로버에보크,Range Rover Evoque,2016,DIESEL
랜드로버,Land Rover,레인지로버에보크,Range Rover Evoque,2016,GASOLINE
랜드로버,Land Rover,레인지로버에보크,Range Rover Evoque,2017,DIESEL
랜드로버,Land Rover,레인지로버에보크,Range Rover Evoque,2017,GASOLINE
랜드로버,Land Rover,레인지로버에보크,Range Rover Evoque,2018,DIESEL
랜드로버,Land Rover,레인지로버에보크,Range Rover Evoque,2018,GASOLINE
랜드로버,Land Rover,레인지로버에보크,Range Rover Evoque,2019,DIESEL
랜드로버,Land Rover,레인지로버에보크,Range Rover Evoque,2019,GASOLINE
랜드로버,Land Rover,레인지로버에보크,Range Rover Evoque,2020,DIESEL
랜드로버,Land Rover,레인지로버에보크,Range Rover Evoque,2020,GASOLINE
랜드로버,Land Rover,레인지로버에보크,Range Rover Evoque,2021,DIESEL
랜드로버,Land Rover,레인지로버에보크,Range Rover Evoque,2021,GASOLINE
랜드로버,Land Rover,레인지로버에보크,Range Rover Evoque,2022,DIESEL
랜드로버,Land Rover,레인지로버에보크,Range Rover Evoque,2022,GASOLINE
랜드로버,Land Rover,레인지로버에보크,Range Rover Evoque,2023,DIESEL
랜드로버,Land Rover,레인지로버에보크,Range Rover Evoque,2023,GASOLINE
랜드로버,Land Rover,레인지로버에보크,Range Rover Evoque,2024,DIESEL
랜드로버,Land Rover,레인지로버에보크,Range Rover Evoque,2024,GASOLINE
랜드로버,Land Rover,레인지로버에보크,Range Rover Evoque,2025,DIESEL
랜드로버,Land Rover,레인지로버에보크,Range Rover Evoque,2025,GASOLINE
랜드로버,Land Rover,레인지로버스포츠,Range Rover Sport,2010,DIESEL
랜드로버,Land Rover,레인지로버스포츠,Range Rover Sport,2010,GASOLINE
랜드로버,Land Rover,레인지로버스포츠,Range Rover Sport,2011,DIESEL
랜드로버,Land Rover,레인지로버스포츠,Range Rover Sport,2011,GASOLINE
랜드로버,Land Rover,레인지로버스포츠,Range Rover Sport,2012,DIESEL
랜드로버,Land Rover,레인지로버스포츠,Range Rover Sport,2012,GASOLINE
랜드로버,Land Rover,레인지로버스포츠,Range Rover Sport,2013,DIESEL
랜드로버,Land Rover,레인지로버스포츠,Range Rover Sport,2013,GASOLINE
랜드로버,Land Rover,레인지로버스포츠,Range Rover Sport,2014,DIESEL
랜드로버,Land Rover,레인지로버스포츠,Range Rover Sport,2014,GASOLINE
랜드로버,Land Rover,레인지로버스포츠,Range Rover Sport,2015,DIESEL
랜드로버,Land Rover,레인지로버스포츠,Range Rover Sport,2015,GASOLINE
랜드로버,Land Rover,레인지로버스포츠,Range Rover Sport,2016,DIESEL
랜드로버,Land Rover,레인지로버스포츠,Range Rover Sport,2016,GASOLINE
랜드로버,Land Rover,레인지로버스포츠,Range Rover Sport,2017,DIESEL
랜드로버,Land Rover,레인지로버스포츠,Range Rover Sport,2017,GASOLINE
랜드로버,Land Rover,레인지로버스포츠,Range Rover Sport,2018,DIESEL
랜드로버,Land Rover,레인지로버스포츠,Range Rover Sport,2018,GASOLINE
랜드로버,Land Rover,레인지로버스포츠,Range Rover Sport,2019,DIESEL
랜드로버,Land Rover,레인지로버스포츠,Range Rover Sport,2019,GASOLINE
랜드로버,Land Rover,레인지로버스포츠,Range Rover Sport,2020,DIESEL
랜드로버,Land Rover,레인지로버스포츠,Range Rover Sport,2020,GASOLINE
랜드로버,Land Rover,레인지로버스포츠,Range Rover Sport,2021,DIESEL
랜드로버,Land Rover,레인지로버스포츠,Range Rover Sport,2021,GASOLINE
랜드로버,Land Rover,레인지로버스포츠,Range Rover Sport,2022,DIESEL
랜드로버,Land Rover,레인지로버스포츠,Range Rover Sport,2022,GASOLINE
랜드로버,Land Rover,레인지로버스포츠,Range Rover Sport,2023,DIESEL
랜드로버,Land Rover,레인지로버스포츠,Range Rover Sport,2023,GASOLINE
랜드로버,Land Rover,레인지로버스포츠,Range Rover Sport,2024,DIESEL
랜드로버,Land Rover,레인지로버스포츠,Range Rover Sport,2024,GASOLINE
랜드로버,Land Rover,레인지로버스포츠,Range Rover Sport,2025,DIESEL
랜드로버,Land Rover,레인지로버스포츠,Range Rover Sport,2025,GASOLINE
벤츠,Mercedes Benz,SL63AMG,SL 63 AMG,2011,GASOLINE
벤츠,Mercedes Benz,SL63AMG,SL 63 AMG,2012,GASOLINE
벤츠,Mercedes Benz,SL63AMG,SL 63 AMG,2013,GASOLINE
벤츠,Mercedes Benz,SL63AMG,SL 63 AMG,2014,GASOLINE
벤츠,Mercedes Benz,SL63AMG,SL 63 AMG,2015,GASOLINE
벤츠,Mercedes Benz,SL63AMG,SL 63 AMG,2016,GASOLINE
벤츠,Mercedes Benz,SL63AMG,SL 63 AMG,2017,GASOLINE
벤츠,Mercedes Benz,SL63AMG,SL 63 AMG,2018,GASOLINE
벤츠,Mercedes Benz,SL63AMG,SL 63 AMG,2019,GASOLINE
벤츠,Mercedes Benz,SL63AMG,SL 63 AMG,2020,GASOLINE
벤츠,Mercedes Benz,SL63AMG,SL 63 AMG,2021,GASOLINE
벤츠,Mercedes Benz,SL63AMG,SL 63 AMG,2022,GASOLINE
벤츠,Mercedes Benz,SL63AMG,SL 63 AMG,2023,GASOLINE
벤츠,Mercedes Benz,SL63AMG,SL 63 AMG,2024,GASOLINE
벤츠,Mercedes Benz,SL63AMG,SL 63 AMG,2025,GASOLINE
벤츠,Mercedes Benz,SL65AMG,SL 65 AMG,2010,GASOLINE
벤츠,Mercedes Benz,SL65AMG,SL 65 AMG,2011,GASOLINE
벤츠,Mercedes Benz,SL65AMG,SL 65 AMG,2012,GASOLINE
벤츠,Mercedes Benz,SL65AMG,SL 65 AMG,2013,GASOLINE
벤츠,Mercedes Benz,SL65AMG,SL 65 AMG,2014,GASOLINE
벤츠,Mercedes Benz,SL65AMG,SL 65 AMG,2015,GASOLINE
벤츠,Mercedes Benz,SL65AMG,SL 65 AMG,2016,GASOLINE
벤츠,Mercedes Benz,SL65AMG,SL 65 AMG,2017,GASOLINE
벤츠,Mercedes Benz,SL65AMG,SL 65 AMG,2018,GASOLINE
벤츠,Mercedes Benz,SL65AMG,SL 65 AMG,2019,GASOLINE
벤츠,Mercedes Benz,SL65AMG,SL 65 AMG,2020,GASOLINE
